{
  "model": 22,
  "title": "النموذج 22",
  "questions": [
    {
      "q": "61) Paul works ..................",
      "a": [
        "A) careful",
        "B) carefully",
        "C) more careful",
        "D) most careful"
      ],
      "correct": null,
      "explain": ""
    },
    {
      "q": "62) Muhammad: Are they your children? Ahmad: No, they aren’t. they’re………",
      "a": [
        "A) Alis’",
        "B) Ali’s",
        "C) Ali’z",
        "D) Aliz"
      ],
      "correct": null,
      "explain": ""
    },
    {
      "q": "63) Which sentence has the CORRECT WORD Order?",
      "a": [
        "A) Did you finish your homework when?",
        "B) When did you finish your homework?",
        "C) Did your homework finish you when?",
        "D) When you did finish your homework?"
      ],
      "correct": null,
      "explain": ""
    },
    {
      "q": "64) “How…………… do you study?” the teacher asked him.",
      "a": [
        "A) a little",
        "B) few",
        "C) far",
        "D) long"
      ],
      "correct": null,
      "explain": ""
    },
    {
      "q": "65) At our local market, it is possible to buy………….. things, but people usually go there when they want to buy gold.",
      "a": [
        "A) much",
        "B) many",
        "C) a lot",
        "D) no"
      ],
      "correct": null,
      "explain": ""
    },
    {
      "q": "أكاديمية ستيب المجانية               https://t.me/stepacademy                  مؤسس األكاديمية المهندس أنور",
      "a": [
        "122",
        "66) They……………….yesterday morning.",
        "A) arrive",
        "B) arrived"
      ],
      "correct": null,
      "explain": ""
    },
    {
      "q": "C) are arriving",
      "a": [
        "D) were arrived",
        "67) After graduating, Turki got a job as…………in the Ministry of Transport.",
        "A) official",
        "B) officials"
      ],
      "correct": null,
      "explain": ""
    },
    {
      "q": "C) a official",
      "a": [
        "D) an official",
        "68) When I was 25 years old, I ...............  lift 30 kilograms with one hand.",
        "A) should",
        "B) could"
      ],
      "correct": null,
      "explain": ""
    },
    {
      "q": "C) may",
      "a": [
        "D) can",
        "69) Egyptians and Qataris ........................  speak Arabic.",
        "A) any",
        "B) two"
      ],
      "correct": null,
      "explain": ""
    },
    {
      "q": "C) both",
      "a": [
        "D) each",
        "70) The first time Bob met his aunt; he immediately began to tell her all about………….and what he enjoyed doing.",
        "A) himself",
        "B) him"
      ],
      "correct": null,
      "explain": ""
    },
    {
      "q": "D) she",
      "a": [
        "71) Excuse me, can you ......................  me the way to the police office?",
        "A) to showing",
        "B) showing",
        "C) to show"
      ],
      "correct": null,
      "explain": ""
    },
    {
      "q": "D) show",
      "a": [
        "72) Would you take out the garbage when you leave…………..party today?",
        "A) for",
        "B) for an",
        "C) for one"
      ],
      "correct": null,
      "explain": ""
    },
    {
      "q": "D) for the",
      "a": [
        "123",
        "73) The second half has already begun, so the game………in about 45 minutes",
        "A) finish",
        "B) finished"
      ],
      "correct": null,
      "explain": ""
    },
    {
      "q": "C) will finish",
      "a": [
        "D) has been finished",
        "74) This book .....................  for university students.",
        "A) written",
        "B) had written"
      ],
      "correct": null,
      "explain": ""
    },
    {
      "q": "C) being written",
      "a": [
        "D) has been written",
        "75) Yesterday, all passengers…………free meal because of the flight delay.",
        "A) receive",
        "B) received"
      ],
      "correct": null,
      "explain": ""
    },
    {
      "q": "C) receiving",
      "a": [
        "D) are receiving",
        "76) This old computer is broken! I ………………….. it.",
        "A) Replace",
        "B) Replacing"
      ],
      "correct": null,
      "explain": ""
    },
    {
      "q": "C) Must replace",
      "a": [
        "D) Ought replace",
        "77) Have you seen my new book……………..?",
        "A) where",
        "B) nowhere"
      ],
      "correct": null,
      "explain": ""
    },
    {
      "q": "C) anywhere",
      "a": [
        "D) everywhere",
        "78) Which phrase correctly replaces the INCORRECT underlined phrase?",
        "Mona: sorry, I can’t join you tonight.",
        "Amy: Let’s go swimming."
      ],
      "correct": null,
      "explain": ""
    },
    {
      "q": "A) You tell we why?",
      "a": [
        "B) How about swimming?",
        "C) I very pleased to hear this.",
        "D) OK, maybe  some other time.",
        "124"
      ],
      "correct": null,
      "explain": ""
    },
    {
      "q": "79) Which phrase correctly replaces the INCORRECT underlined phrase?",
      "a": [
        "Mr. Brown: Thank you very much. You have been of great help.",
        "Carter: I’ll tell you later.",
        "A) Please take another.",
        "B) It was my pleasure."
      ],
      "correct": null,
      "explain": ""
    },
    {
      "q": "C) I am very sorry.",
      "a": [
        "D) Worry about it.",
        "80) We won’t see Ali on Friday because he …… .....… into a new house next weekend.",
        "A) moves",
        "B) moving"
      ],
      "correct": null,
      "explain": ""
    },
    {
      "q": "C) is moving",
      "a": [
        "D) has moved",
        "81) I always ……………….. my grandmother on the weekend.",
        "A) visit",
        "B) visits"
      ],
      "correct": null,
      "explain": ""
    },
    {
      "q": "C) visiting",
      "a": [
        "D) will to visit",
        "82) Tom’s mother asked him ……………. the dishes for her.",
        "A) dry",
        "B) to dry"
      ],
      "correct": null,
      "explain": ""
    },
    {
      "q": "C) drying",
      "a": [
        "D) to drying",
        "83) Which phrase correctly replaces the INCORRECT underlined phrase?",
        "Helen: I think I should go to work early tomorrow; I have some work to finish. Emma: Why do you have to do that?",
        "A) I very glad to hear that."
      ],
      "correct": null,
      "explain": ""
    },
    {
      "q": "B) Aren’t you late already?",
      "a": [
        "C) Did you plan for that?",
        "D) That’s a good idea.",
        "84) Which one of the underlined words or phrases is INCORRECT?",
        "Health authorities claim  that one reason diseases get spread  are that  people do not wash their hands property after"
      ],
      "correct": null,
      "explain": ""
    },
    {
      "q": "using.",
      "a": [
        "A) claim",
        "B) get spread",
        "C) are that",
        "D) after using"
      ],
      "correct": null,
      "explain": ""
    },
    {
      "q": "أكاديمية ستيب المجانية               https://t.me/stepacademy                  مؤسس األكاديمية المهندس أنور",
      "a": [
        "125",
        "85) Which sentence has the CORRECT WORD ORDER?",
        "A) Yuri Gagarin, the Russian cosmonaut, is remembered as the first human to fly into outer space, having spent one",
        "hour and forty -eight minutes in a complete orbit around the earth."
      ],
      "correct": null,
      "explain": ""
    },
    {
      "q": "B) Around the earth, as the first human to fly into outer space, is remembered Yuri Gagarin, the Russian cosmonaut,",
      "a": [
        "having spent one hour and forty -eight minutes in a complete orbit.",
        "C) Having spent one hour and forty -eight minutes in complete orbit around the earth. Yuri Gagarin, the Russian",
        "cosmonaut, as the first human to fly into outer space, is remembered.",
        "D) As the first human to fly into outer space, is remembered Yuri Gagarin, the Russian cosmonaut having spent one"
      ],
      "correct": null,
      "explain": ""
    },
    {
      "q": "hour and forty -eight minutes in complete orbit around the earth.",
      "a": [
        "86) Sara: I have 1.000 riyals, and that necklace costs 11000 riyals. I can’t afford it.",
        "Mona: No, you can’t. it’s ...................  expensive.",
        "A) too",
        "B) any"
      ],
      "correct": null,
      "explain": ""
    },
    {
      "q": "C) much",
      "a": [
        "D) more",
        "87) Choose the CORRECT ORDER to make the following sentence into a paragraph:",
        "1) Then, pour it into a cup with a teabag and wait a couple of minutes.",
        "2) Now, you can remove the teabag and drink it."
      ],
      "correct": null,
      "explain": ""
    },
    {
      "q": "3) First, you heat the water.",
      "a": [
        "4) Making a cup of tea is easy.",
        "A) (4), (3), (2), (1)",
        "B) (4), (1), (2), (3)",
        "C) (3), (1), (4), (2)"
      ],
      "correct": null,
      "explain": ""
    },
    {
      "q": "D) (4), (3), (1), (2)",
      "a": [
        "88) To which sentence can we ADD THE FOLLOWING PHRASE?",
        "Having always spent their money to help others, ............. ........ ..................... ..",
        "1) Sara and Ahmad were never able to save enough to perform their hajj.",
        "2) Their granddaughter, Mona, was living in Makkah with her family."
      ],
      "correct": null,
      "explain": ""
    },
    {
      "q": "3) She decided to invite them to come and stay with her.",
      "a": [
        "4) Their pilgrimage would be possible at last, so the old folks were overjoyed.",
        "A) 1",
        "B) 2",
        "C) 3"
      ],
      "correct": null,
      "explain": ""
    },
    {
      "q": "89) Our boss ………………. important people every Tuesday.",
      "a": [
        "A) meeting.",
        "B) was met",
        "C) is meet",
        "D) meets"
      ],
      "correct": null,
      "explain": ""
    },
    {
      "q": "أكاديمية ستيب المجانية               https://t.me/stepacademy                  مؤسس األكاديمية المهندس أنور",
      "a": [
        "126",
        "90) Which of the following sentences has the CORRECT WORD ORDER?",
        "A) In the world affected by climate change, Peru likely to be the most top three nations is rated among.",
        "B) Among the top three nations us most likely Peru rated to be change affected by climate in the world."
      ],
      "correct": null,
      "explain": ""
    },
    {
      "q": "C) Peru is rated among the top three nations likely to be most affected by climate change in the world.",
      "a": [
        "D) Climate change in the world is most likely to be affected by Peru rated among the top three nations.",
        "91) In which of the following sentences is all PUNCTUATION CORRECT?",
        "A) Maryam was tired of walking around all day at the mall, however, when she saw the sale sign at her favorite store,",
        "she immediately felt energized."
      ],
      "correct": null,
      "explain": ""
    },
    {
      "q": "B) Maryam was tired of walking around all day at the mall, however, when she saw the sale sign at her favorite store",
      "a": [
        "she immediately felt energized.",
        "C) Maryam was tired of walking around all day at the mall; however, when she saw the sale sign at her favorite store,",
        "she immediately felt energized.",
        "D) Maryam was tired of walking around all day at the mall; however, when she saw the sale sign at her favorite store"
      ],
      "correct": null,
      "explain": ""
    },
    {
      "q": "she immediately felt energized.",
      "a": [
        "92) How long …………..to fly from London to New York?",
        "A) does it take",
        "B) does it takes",
        "C) is it takes"
      ],
      "correct": null,
      "explain": ""
    },
    {
      "q": "D) takes it",
      "a": [
        "93) If you had turned up the volume, I ……………. the TV much better.",
        "A) would have heard",
        "B) am hearing",
        "C) could hear"
      ],
      "correct": null,
      "explain": ""
    },
    {
      "q": "D) heard",
      "a": [
        "94) The boy, ……………….. bicycle was stolen, got a new one yesterday.",
        "A) who",
        "B) that",
        "C) which"
      ],
      "correct": null,
      "explain": ""
    },
    {
      "q": "D) whose",
      "a": [
        "95) The man………….by a dog when he climbed over a wall and reached safely.",
        "A) is being chased",
        "B) has been chased",
        "C) was being chased"
      ],
      "correct": null,
      "explain": ""
    },
    {
      "q": "D) have been chased",
      "a": [
        "127",
        "96) Physic is the science which ………… light, heat, sound and electricity.",
        "A) studies",
        "B) studied"
      ],
      "correct": null,
      "explain": ""
    },
    {
      "q": "C) studying",
      "a": [
        "D) is studying",
        "97) The pilot landed the plane safely despite the fault with…………..controls.",
        "A) Him",
        "B) he"
      ],
      "correct": null,
      "explain": ""
    },
    {
      "q": "C) its",
      "a": [
        "D) it",
        "98) when Chris was living in Riyadh, he…… …. around  the neighborhood every evening dinner.",
        "A) used to jog",
        "B) is jogging"
      ],
      "correct": null,
      "explain": ""
    },
    {
      "q": "C) has to jog",
      "a": [
        "D) jogging",
        "99) the boy walked ………….. down the street.",
        "A) calm",
        "B) calmly"
      ],
      "correct": null,
      "explain": ""
    },
    {
      "q": "C) calmed",
      "a": [
        "D) calming",
        "100) ……………. we were not allowed to take the test, was annoying",
        "A) That",
        "B) Since"
      ],
      "correct": null,
      "explain": ""
    }
  ]
}