{
  "model": 17,
  "title": "النموذج 17",
  "questions": [
    {
      "q": "61. Which one of the underlined words or phrases is INCORRECT? Ted and Tom went to play badminton at the gym",
      "a": [
        "hours ago. and still has not returned home yet.",
        "A- to play",
        "B- ago",
        "C- has"
      ],
      "correct": null,
      "explain": ""
    },
    {
      "q": "D- yet",
      "a": [
        "62. You need …… of money to go to a private university.",
        "A- large amount",
        "B- too much",
        "C- so much"
      ],
      "correct": null,
      "explain": ""
    },
    {
      "q": "D- a lot",
      "a": [
        "63. Anna and Lucy hurt …… when they fell down the college front stairs.",
        "A- themselves",
        "B- theirselves",
        "C- oneselves"
      ],
      "correct": null,
      "explain": ""
    },
    {
      "q": "D- ourselves",
      "a": [
        "64. If I had known how difficult the exam was, I …… much better.",
        "A- prepared",
        "B- had prepared",
        "C- would prepare"
      ],
      "correct": null,
      "explain": ""
    },
    {
      "q": "D- would have prepared",
      "a": [
        "65. I bought two notebooks yesterday, but I don't have …… pens.",
        "A- some",
        "B- any",
        "C- a lot"
      ],
      "correct": null,
      "explain": ""
    },
    {
      "q": "D- much",
      "a": [
        "66. I've been looking for Professor Brown.…….30 minutes. Do you know where he is?",
        "A- for",
        "B- yet",
        "C- since"
      ],
      "correct": null,
      "explain": ""
    },
    {
      "q": "D- about",
      "a": [
        "92",
        "67. Mr. Smith just …… his new book last week. He hopes it will be successful.",
        "A- publish",
        "B- published"
      ],
      "correct": null,
      "explain": ""
    },
    {
      "q": "C- publishing",
      "a": [
        "D- has published",
        "68. If the teacher gives me a bad grade on my essay, I …… to him about it.",
        "A- talk",
        "B- am talk"
      ],
      "correct": null,
      "explain": ""
    },
    {
      "q": "C- will talk",
      "a": [
        "D- going to talk",
        "69. The security guard …… works in our college is really nice.",
        "A- who",
        "B- which"
      ],
      "correct": null,
      "explain": ""
    },
    {
      "q": "C- that he",
      "a": [
        "D- who he",
        "70- …………… Sara still live on campus? I haven't seen her for weeks.",
        "A- Has",
        "B- Had"
      ],
      "correct": null,
      "explain": ""
    },
    {
      "q": "C- Does",
      "a": [
        "D- Would",
        "71. When you have a question, you should ask someone …… can give a clear answer, like your teacher.",
        "A- he",
        "B- who"
      ],
      "correct": null,
      "explain": ""
    },
    {
      "q": "C- whose",
      "a": [
        "D- who he",
        "72. Please listen …… to this part of the lecture, it's the most difficult one.",
        "A- attentiveness",
        "B- attentively"
      ],
      "correct": null,
      "explain": ""
    },
    {
      "q": "C- attention",
      "a": [
        "D- attentive",
        "73. Mary …… on her term paper when the phone rang.",
        "A- worked",
        "B- will work"
      ],
      "correct": null,
      "explain": ""
    },
    {
      "q": "C- is working",
      "a": [
        "D- was working",
        "93",
        "74. When I …… writing this paper, I'm going for a coffee.",
        "A- finish"
      ],
      "correct": null,
      "explain": ""
    },
    {
      "q": "B- finished",
      "a": [
        "C- will finish",
        "D- would finish",
        "75. Drinks …… allowed in the library.",
        "A- will not"
      ],
      "correct": null,
      "explain": ""
    },
    {
      "q": "B- are not",
      "a": [
        "C- do not",
        "D- not",
        "76. When the teachers …… grading the tests, we'll get Our scores.",
        "A- finish"
      ],
      "correct": null,
      "explain": ""
    },
    {
      "q": "B- finished",
      "a": [
        "C- will finish",
        "D- would finish",
        "77. Jake hasn't missed a single class ………………. the beginning of the term.",
        "A- for"
      ],
      "correct": null,
      "explain": ""
    },
    {
      "q": "B- until",
      "a": [
        "C- from",
        "D- since",
        "78. The chemistry teacher, …… everyone liked, retired last year.",
        "A- Which"
      ],
      "correct": null,
      "explain": ""
    },
    {
      "q": "B- whom",
      "a": [
        "C- him",
        "D- he",
        "79. Mrs. Hill …………… we saw in class yesterday is moving back to the U.S.",
        "A- she"
      ],
      "correct": null,
      "explain": ""
    },
    {
      "q": "B- her",
      "a": [
        "C- whom",
        "D- which",
        "80. I don't like university as …… as I liked high school.",
        "A- plenty"
      ],
      "correct": null,
      "explain": ""
    },
    {
      "q": "B- more",
      "a": [
        "C- many",
        "D- much",
        "94",
        "81. I'm sure you will all enjoy …… in the course Physics 101. The teacher is great."
      ],
      "correct": null,
      "explain": ""
    },
    {
      "q": "A- yourselves",
      "a": [
        "B- ourselves",
        "C- yourself",
        "D- yours",
        "82. Anna was in the library when Lisa ……."
      ],
      "correct": null,
      "explain": ""
    },
    {
      "q": "A- calls",
      "a": [
        "B- called",
        "C- has called",
        "D- had called",
        "83. I have had a lot of coffee today because I had to study so hard. I.……...drink any more."
      ],
      "correct": null,
      "explain": ""
    },
    {
      "q": "A- don't have to",
      "a": [
        "B- must not to",
        "C- shouldn't",
        "D- couldn't",
        "84. Neither my father …… my mother has studied at university."
      ],
      "correct": null,
      "explain": ""
    },
    {
      "q": "А- neither",
      "a": [
        "B- either",
        "C- also",
        "D- nor",
        "85. When I came home and logged onto the course platform, I saw that the grades……"
      ],
      "correct": null,
      "explain": ""
    },
    {
      "q": "A- reported",
      "a": [
        "B- are reported",
        "C- being reported",
        "D- had been reported",
        "86. During my university studies I sometimes thought of …… up."
      ],
      "correct": null,
      "explain": ""
    },
    {
      "q": "A- give",
      "a": [
        "B- gave",
        "C- to give",
        "D- giving",
        "87. That poem is …… ...... written."
      ],
      "correct": null,
      "explain": ""
    },
    {
      "q": "A- beautifully",
      "a": [
        "B- beautiful",
        "C- beauty",
        "D- beautification",
        "95"
      ],
      "correct": null,
      "explain": ""
    },
    {
      "q": "88. Our university ....... …… by over 100,000 people.",
      "a": [
        "A- has been attending",
        "B- has been attended",
        "C- has attended",
        "D- was attended"
      ],
      "correct": null,
      "explain": ""
    },
    {
      "q": "89. Linda … .....… books since she was three years old.",
      "a": [
        "A- read",
        "B- was reading",
        "C- has been reading",
        "D- had been reading"
      ],
      "correct": null,
      "explain": ""
    },
    {
      "q": "90. If I.…… .......how a good teacher Mr. Taylor was, I would have enrolled in his class years ago.",
      "a": [
        "A- know",
        "B- knew",
        "C- had known",
        "D- have known"
      ],
      "correct": null,
      "explain": ""
    },
    {
      "q": "91. I'm sorry to make you …… ...... your project again, but it's not good enough.",
      "a": [
        "A- submitting",
        "B- submitted",
        "C- to submit",
        "D- submit"
      ],
      "correct": null,
      "explain": ""
    },
    {
      "q": "92. Which of the underlined words in the sentence is INCORRECT?",
      "a": [
        "To become a teacher and to helping  children learn English is one goal  that Lucy hopes  to achieve after she finishes",
        "her undergraduate university courses.",
        "A- to helping",
        "B- one goal"
      ],
      "correct": null,
      "explain": ""
    },
    {
      "q": "C- hopes",
      "a": [
        "D- finishes",
        "93. In which of the following sentences is all PUNCTUATION correct?",
        "A- After all, the course's are finished, whos' going to be the at the top of the class?",
        "B- After all the courses are finished, who's going to be the at the top of the class."
      ],
      "correct": null,
      "explain": ""
    },
    {
      "q": "C- After all the courses are finished, who's going to be the at the top of the class?",
      "a": [
        "D- After all, the courses are finished, whos going to be the at the top of the class.",
        "94. In which sentence is all CAPITALIZATION correct?",
        "А- Not all americans speak English or are born in the north america; Mexico and Korea are two countries that",
        "millions of americans come from."
      ],
      "correct": null,
      "explain": ""
    },
    {
      "q": "B- Not all Americans speak English or are born in north America: Mexico and Korea are two Countries that millions of",
      "a": [
        "Americans come from.",
        "96",
        "C- Not all americans speak English or are born in North America; Mexico and Korea are Two countries that millions of",
        "Americans come from."
      ],
      "correct": null,
      "explain": ""
    },
    {
      "q": "D- Not all Americans speak English or are born in North America; Mexico and Korea are two countries that millions of",
      "a": [
        "Americans come from.",
        "95. In which sentence is all PUNCTUATION correct?",
        "A- Chris had a difficult day at work, so when he came home, he didn't want to talk to his family.",
        "B- Chris had a difficult day at work, so when he came home; he didnt want to talk: to his family."
      ],
      "correct": null,
      "explain": ""
    },
    {
      "q": "C- Chris had a difficult day at work, so when he came home; he didnt want to talk; to his family.",
      "a": [
        "D- Chris had a difficult day at work, so when he came home: he didn't want to talk to his family.",
        "96. Which sentence has the CORRECT WORD ORDER?",
        "A- Mrs. Smith put them away in the cupboard, after dinner was over, and washed the plates, dried them.",
        "B- After dinner was over, Mrs. Smith washed the plates, dried them, and put them away in the cupboard."
      ],
      "correct": null,
      "explain": ""
    },
    {
      "q": "C- Mrs. Smith washed the plates, dried them, after dinner was over, and put them away in the cupboard.",
      "a": [
        "D- Dried them, Mrs. Smith put them away in the cupboard, after dinner was over, and washed the plates.",
        "97. In which sentence is all PUNCTUATION correct?",
        "A- When I was younger my father said my hair looked like a rat's nest.",
        "B- When I was younger my father said, my hair looked like a rats nest."
      ],
      "correct": null,
      "explain": ""
    },
    {
      "q": "C- When I was younger. My father said my hair looked like a rats' nest.",
      "a": [
        "D- When I was younger, my father said my hair looked like a rat’s nest.",
        "98. In which sentence is all CAPATALIZATION correct?",
        "A- At first, my brother, Ali, wanted to study mathematics at King Khalid University, but one of his teachers, Mr.",
        "Brown, persuaded him to join the College of Business after he finishes the first semester in December."
      ],
      "correct": null,
      "explain": ""
    },
    {
      "q": "B- At first, my Brother, Ali, wanted to study Mathematics at King Khalid University, but one of his Teachers, mr.",
      "a": [
        "Brown, persuaded him to join the College of business after he finishes the First Semester in December.",
        "C- At first, my brother, ali, wanted to study Mathematics at King khalid university, but one of his Teachers, Mr.",
        "Brown, persuaded him to join the college of Business after he finishes the first semester in December.",
        "D- At First, my brother. Ali, wanted to study mathematics at King Khalid University, but one of his teachers, mr."
      ],
      "correct": null,
      "explain": ""
    },
    {
      "q": "Brown, persuaded him to join the College of business after he finishes the First Semester in December.",
      "a": [
        "99. In which sentence is all CAPITALIZATION correct?",
        "A- This year, Maria is studying business studies, math, English, and spanish.",
        "B- This Year, Maria is studying. Business Studies, Math, English, and Spanish.",
        "C- This year, Maria is studying business studies, math, English, and Spanish."
      ],
      "correct": null,
      "explain": ""
    },
    {
      "q": "D- This year, Maria is studying Business Studies, Math, English, and Spanish.",
      "a": [
        "100. Which one of the underlined words or phrases is INCORRECT?",
        "School children like run, skipping, and jumping in their  breaks between lessons. After  a break, they need some time",
        "to settle down before starting  the next lesson.",
        "A- run"
      ],
      "correct": null,
      "explain": ""
    }
  ]
}