{
  "model": 35,
  "title": "النموذج 35",
  "questions": [
    {
      "q": "He went to university in the UK …………. a PhD in physics.",
      "a": [
        "(A) get",
        "(B) getting",
        "(C) to get",
        "(D) to getting"
      ],
      "correct": null,
      "explain": ""
    },
    {
      "q": "In my opinion, it is not economical ……………. your money on cheap, poor -quality products.",
      "a": [
        "(A) spend",
        "(B) spent",
        "(C) to spend",
        "(D) be spending"
      ],
      "correct": null,
      "explain": ""
    },
    {
      "q": "أكاديمية ستيب المجانية               https://t.me/stepacademy                  مؤسس األكاديمية المهندس أنور",
      "a": [
        "202",
        "Which sentence has the CORRECT WORD ORDER?",
        "(A) He claimed he was simply meditating, but when asked about it later, Adam had obviously fallen asleep while",
        "sitting on the couch."
      ],
      "correct": null,
      "explain": ""
    },
    {
      "q": "(B) While sitting on the couch, but when asked about it later, he claimed he was simply meditating, Adam had",
      "a": [
        "obviously fallen asleep.",
        "(C) Adam had obviously fallen asleep while sitting on the couch, he claimed he was simply meditating, but when",
        "asked about it later.",
        "(D) Adam had obviously fallen asleep while sitting on the couch, but when asked about it later, he claimed he was"
      ],
      "correct": null,
      "explain": ""
    },
    {
      "q": "simply meditating.",
      "a": [
        "Steve's watch was not working properly …....… he took it to a repair shop.",
        "(A) but",
        "(B) so",
        "(C) because"
      ],
      "correct": null,
      "explain": ""
    },
    {
      "q": "(D) while",
      "a": [
        "I want to go to university ……..… get a good job in the future.",
        "(A) for to",
        "(B) and for",
        "(C) so that to"
      ],
      "correct": null,
      "explain": ""
    },
    {
      "q": "(D) in order to",
      "a": [
        "Which one of the underlined words or phrases is INCORRECT?",
        "Kate forgot  where she have  put her keys when she was going to work so she came  back to look for them.",
        "(A) forgot",
        "(B) have"
      ],
      "correct": null,
      "explain": ""
    },
    {
      "q": "(C) when",
      "a": [
        "(D) came",
        "Roger came to see us……....…..the evening.",
        "(A) with",
        "(B) to"
      ],
      "correct": null,
      "explain": ""
    },
    {
      "q": "(C) on",
      "a": [
        "(D) in",
        "………....... Mark didn't have much money, he wanted to buy a really expensive car.",
        "(A) In spite of",
        "(B) Although"
      ],
      "correct": null,
      "explain": ""
    },
    {
      "q": "(C) In case",
      "a": [
        "(D) Even",
        "203",
        "Professor Smith presented some very good arguments, ………… Mr. Carter was still able to win the debate.",
        "(A) so"
      ],
      "correct": null,
      "explain": ""
    },
    {
      "q": "(B) but",
      "a": [
        "(C) and",
        "(D) because",
        "There are ………...….. people on the train.",
        "(A) a load"
      ],
      "correct": null,
      "explain": ""
    },
    {
      "q": "(B) plenty of",
      "a": [
        "(C) quite a bit",
        "(D) a small amount",
        "If the company gets the permission, they ……...…. a new bridge.",
        "(A) were built"
      ],
      "correct": null,
      "explain": ""
    },
    {
      "q": "(B) have built",
      "a": [
        "(C) would build",
        "(D) will build",
        "Tom's eyes hurt. He ………..… to watch so much TV.",
        "(A) ought not"
      ],
      "correct": null,
      "explain": ""
    },
    {
      "q": "(B) must not",
      "a": [
        "(C) should not",
        "(D) has not",
        "We're driving from Paris to Munich …...…. Frankfurt. We'll have a short stopover in Frankfurt.",
        "(A) via"
      ],
      "correct": null,
      "explain": ""
    },
    {
      "q": "(B) during",
      "a": [
        "(C) off",
        "(D) within",
        "Look, there's the woman …....…… father we met last night.",
        "(A) whose"
      ],
      "correct": null,
      "explain": ""
    },
    {
      "q": "(B) which",
      "a": [
        "(C) who",
        "(D) that",
        "Mrs. Hill's daughter, ……....... lives next door to her, has recently got married.",
        "(A) who"
      ],
      "correct": null,
      "explain": ""
    },
    {
      "q": "(B) which",
      "a": [
        "(C) what",
        "(D) that",
        "I'll join you for lunch as soon as I …...………. the call.",
        "(A) will finish"
      ],
      "correct": null,
      "explain": ""
    },
    {
      "q": "(B) finished",
      "a": [
        "(C) finish",
        "204",
        "(D) would finish",
        "I asked for something to drink, and I ………..… a glass of water."
      ],
      "correct": null,
      "explain": ""
    },
    {
      "q": "(A) was given",
      "a": [
        "(B) has given",
        "(C) gives",
        "(D) gave",
        "Hannah suddenly knew she ……...…. the wrong decision the night before."
      ],
      "correct": null,
      "explain": ""
    },
    {
      "q": "(A) made",
      "a": [
        "(B) has made",
        "(C) had made",
        "(D) has been making",
        "I miss my wife. I wish she…....……here."
      ],
      "correct": null,
      "explain": ""
    },
    {
      "q": "(A) is",
      "a": [
        "(B) were",
        "(C) will be",
        "(D) may be",
        "The kids …………….to watch TV, but then they fell asleep."
      ],
      "correct": null,
      "explain": ""
    },
    {
      "q": "(A) will",
      "a": [
        "(B) would",
        "(C) is going",
        "(D) were going",
        "Fatima doesn't eat fish, so …………… we have chicken for lunch?"
      ],
      "correct": null,
      "explain": ""
    },
    {
      "q": "(A) may",
      "a": [
        "(B) shall",
        "(C) would",
        "(D) have",
        "He was so angry, he refused……...…..to me."
      ],
      "correct": null,
      "explain": ""
    },
    {
      "q": "(A) talk",
      "a": [
        "(B) to talk",
        "(C) talking",
        "(D) to talking",
        "Mike: Is that your laptop? Paul: No, it's Tom's. My laptop …...……"
      ],
      "correct": null,
      "explain": ""
    },
    {
      "q": "(A) is still repaired",
      "a": [
        "(B) is still repairing",
        "(C) is still being repaired",
        "(D) has still been repairing",
        "At the age of eighty, ……...…. since he was sixteen, Roger finally retired."
      ],
      "correct": null,
      "explain": ""
    },
    {
      "q": "(A) had been working",
      "a": [
        "(B) being worked",
        "(C) having worked",
        "(D) will have been working",
        "205"
      ],
      "correct": null,
      "explain": ""
    },
    {
      "q": "If we had planned the project more carefully, millions of dollars could…...……...",
      "a": [
        "(A) be saving",
        "(B) be saved",
        "(C) have been saving",
        "(D) have been saved"
      ],
      "correct": null,
      "explain": ""
    },
    {
      "q": "Children are welcome to join us on our next trip …....… they behave themselves.",
      "a": [
        "(A) unless",
        "(B) whereas",
        "(C) even though",
        "(D) provided that"
      ],
      "correct": null,
      "explain": ""
    },
    {
      "q": "Tom's car broke down, so he's ……...…. He didn’t know how to fix it himself.",
      "a": [
        "(A) got it fixing",
        "(B) had it fixed",
        "(C) been it fixing",
        "(D) done it fixed"
      ],
      "correct": null,
      "explain": ""
    },
    {
      "q": "These profits …….....…… over the past couple of years.",
      "a": [
        "(A) are made",
        "(B) are making",
        "(C) have been made",
        "(D) have been making"
      ],
      "correct": null,
      "explain": ""
    },
    {
      "q": "My uncle lived ……….... the age of eighty. He died at 85.",
      "a": [
        "(A) throughout",
        "(B) beneath",
        "(C) beyond",
        "(D) within"
      ],
      "correct": null,
      "explain": ""
    },
    {
      "q": "I'd rather you …………. the sandwich in the kitchen.",
      "a": [
        "(A) would eat",
        "(B) will eat",
        "(C) ate",
        "(D) ea t"
      ],
      "correct": null,
      "explain": ""
    },
    {
      "q": "The new project …………….. in two years.",
      "a": [
        "(A) is being finished",
        "(B) is going to finish",
        "(C) will be finishing",
        "(D) will be finished"
      ],
      "correct": null,
      "explain": ""
    },
    {
      "q": "You can learn many different languages at university. …...…….., you can learn English, French, and Spanish.",
      "a": [
        "(A) For example",
        "(B) In addition",
        "(C) in contrast",
        "(D) However"
      ],
      "correct": null,
      "explain": ""
    },
    {
      "q": "أكاديمية ستيب المجانية               https://t.me/stepacademy                  مؤسس األكاديمية المهندس أنور",
      "a": [
        "206",
        "Choose the Best way to make the following sentences paragraph.",
        "(1) His dream would come true at last, so he was very happy.",
        "(2) My brother, Mike, was working at a car dealership."
      ],
      "correct": null,
      "explain": ""
    },
    {
      "q": "(3) My father was never able to save enough to buy a nice car, but he always dreamed of having one.",
      "a": [
        "(4) He decided to invite our father there and surprise him with a nice new car.",
        "(A) (3). (2), (4), (1)",
        "(B) (4). (1). (3), (2)",
        "(C) (1), (4), (2), (3)"
      ],
      "correct": null,
      "explain": ""
    },
    {
      "q": "(D) (4), (3), (2), (1)",
      "a": [
        "Which sentence has the CORRECT WORD ORDER?",
        "(A) Its first, in 1926 opened Route 66 the U.S. government called major highway.",
        "(B) In 1926, the U.S. government opened its first major highway, called Route 66.",
        "(C) Route 66 opened the U.S, government called its first major highway in 1926."
      ],
      "correct": null,
      "explain": ""
    },
    {
      "q": "(D) Opened the U.S. government called Route 66 its first major highway in 1926.",
      "a": [
        "Fawzia speaks Arabic fluently, ………… her friend’s Arabic is terrible.",
        "(A) but",
        "(B) then",
        "(C) since"
      ],
      "correct": null,
      "explain": ""
    },
    {
      "q": "(D) therefore",
      "a": [
        "Which phrase correctly replaces the INCORRECT underlined phrase?",
        "Alex: I cleaned my house yesterday.",
        "Ben: Really? Have you be a clean before?  تحت تهذا الرد خطأ و يبغى الرد الصحيح من االختيارا",
        "(A) Have you been clean"
      ],
      "correct": null,
      "explain": ""
    }
  ]
}