{
  "model": 19,
  "title": "النموذج 19",
  "questions": [
    {
      "q": "61) My Father lives …………… Dammam.",
      "a": [
        "a) on",
        "b) of",
        "c) at",
        "d) in"
      ],
      "correct": null,
      "explain": ""
    },
    {
      "q": "62) The Holy Mosque in Makah …… by billions of pilgrims for hundreds of years.",
      "a": [
        "a) was visiting",
        "b) has visited",
        "c) has been visiting",
        "d) has been visited"
      ],
      "correct": null,
      "explain": ""
    },
    {
      "q": "63) I’m going to my …… house in Dammam.",
      "a": [
        "a) Father",
        "b) Father’s",
        "c) Fathers",
        "d) Fatherts’"
      ],
      "correct": null,
      "explain": ""
    },
    {
      "q": "64) Since you don’t have any classes tomorrow,……. .....you like to have dinner with us tonight?",
      "a": [
        "a) will",
        "b) do",
        "c) won’t",
        "d) wouldn’t"
      ],
      "correct": null,
      "explain": ""
    },
    {
      "q": "65) Which sentence has the CORRECT WORD ORDER?",
      "a": [
        "a) Salih is now right at the library.",
        "b) At the library right now is salih.",
        "c) Salih is at the library right now.",
        "d) Right now at the library is salih."
      ],
      "correct": null,
      "explain": ""
    },
    {
      "q": "66) In which sentence is all PUNCTUATION correct?",
      "a": [
        "a) Many people enjoy camping in the desert during the winter months there are some things that you should",
        "prepare to take with you including water food tents and extra Jackets.",
        "b) Many people enjoy camping in the desert during the winter months, there are some things that you should",
        "prepare to take with you, including water food tents and extra Jackets."
      ],
      "correct": null,
      "explain": ""
    },
    {
      "q": "c) Many people enjoy camping in the desert during the winter months. There are some things, that you should",
      "a": [
        "prepare to take with you including water, food, tents, and extra Jackets.",
        "d) Many people enjoy camping in the desert during the winter months; there are some things that you should",
        "prepare to take with you including, water, food, tents, and extra Jackets.",
        "104"
      ],
      "correct": null,
      "explain": ""
    },
    {
      "q": "67) Taibah university ……….. in 2005.",
      "a": [
        "a) established",
        "b) establish",
        "c) will be established",
        "d) was established"
      ],
      "correct": null,
      "explain": ""
    },
    {
      "q": "68) Which sentence has the CORRECT WORD ORDER?",
      "a": [
        "a) I drink coffee never at night.",
        "b) I drink never coffee at night.",
        "c) I never drink coffee at night.",
        "d) Never I drink coffee at night."
      ],
      "correct": null,
      "explain": ""
    },
    {
      "q": "69) Laila has ……. Friends.",
      "a": [
        "a) much",
        "b) a great amount",
        "c) lots of",
        "d) a little"
      ],
      "correct": null,
      "explain": ""
    },
    {
      "q": "70) We ……. Football three days ago.",
      "a": [
        "a) play",
        "b) played",
        "c) have played",
        "d) playing"
      ],
      "correct": null,
      "explain": ""
    },
    {
      "q": "71) That leaflet ……... by my brother in a competition held last year.",
      "a": [
        "a) is designed",
        "b) was designed",
        "c) has been designed",
        "d) had been designed"
      ],
      "correct": null,
      "explain": ""
    },
    {
      "q": "72) In which sentence is all CAPITALIZATION correct?",
      "a": [
        "a) The girl and her mother arrived home early.",
        "b) The Girl and her mother arrived home early.",
        "c) The girl and her Mother arrived home early.",
        "d) The Girl and her Mother arrived home early."
      ],
      "correct": null,
      "explain": ""
    },
    {
      "q": "73) Choose the correct order to make the following sentence into a paragraph.",
      "a": [
        "(1) In front of the station.",
        "(2) He will meet you.",
        "(3) at seven o’clock sharp.",
        "a) (2), (1), (3)"
      ],
      "correct": null,
      "explain": ""
    },
    {
      "q": "b) (1), (3), (2)",
      "a": [
        "c) (2), (3), (1)",
        "d) (3), (1), (2)",
        "105",
        "74) I don’t know ……. to do."
      ],
      "correct": null,
      "explain": ""
    },
    {
      "q": "a) what",
      "a": [
        "b) which",
        "c) that",
        "d) how",
        "75) The schools are giving young children too…….. homework."
      ],
      "correct": null,
      "explain": ""
    },
    {
      "q": "a) plenty",
      "a": [
        "b) many",
        "c) much",
        "d) a lot",
        "76) When you go to the store, …… ....…. You pick up a newspaper for me, please?"
      ],
      "correct": null,
      "explain": ""
    },
    {
      "q": "a) shall",
      "a": [
        "b) would",
        "c) should",
        "d) must.",
        "77) She went home only to see that the house… ......... … upside down by her children."
      ],
      "correct": null,
      "explain": ""
    },
    {
      "q": "a) is turned",
      "a": [
        "b) being turned",
        "c) turned",
        "d) had been turned",
        "78) Which sentence has the correct word order?"
      ],
      "correct": null,
      "explain": ""
    },
    {
      "q": "a) Ali went to the U.S Embassy to get a document notarized, but when he arrived, he was not allowed in because he",
      "a": [
        "had not made an appointment first.",
        "b) But when he arrived, Ali went to the U.S. Embassy to get a document notarized, he was not allowed in because he",
        "had not made an appointment first.",
        "c) He was not allowed in because he had not made an appointment first, but when he arrived, Ali went to the U.S."
      ],
      "correct": null,
      "explain": ""
    },
    {
      "q": "Embassy to get a document notarized.",
      "a": [
        "d) When he arrived, he was not allowed in, but because he had not made an appointment first. Ali went to the U.S.",
        "embassy to get a document notarized.",
        "79) Last year, Maryam …….. her first novel.",
        "a) published"
      ],
      "correct": null,
      "explain": ""
    },
    {
      "q": "b) is publishing",
      "a": [
        "c) publishes",
        "d) has published",
        "106",
        "80) I know all of your students work hard, but who works …… of all?"
      ],
      "correct": null,
      "explain": ""
    },
    {
      "q": "a) harder",
      "a": [
        "b) hardly",
        "c) most hard",
        "d) the hardest",
        "81) To which sentence can we add the following clause?"
      ],
      "correct": null,
      "explain": ""
    },
    {
      "q": "……...................... … because he was always too busy.",
      "a": [
        "1) It had been long time since Ali had visited his mother in the village.",
        "2) Now she was ill and he knew he must go to her.",
        "3) Arriving after the long and tiring trip, he saw his mother’s face light up and she began to feel much stronger.",
        "4) His visit had been better than any medicine."
      ],
      "correct": null,
      "explain": ""
    },
    {
      "q": "a) (1)",
      "a": [
        "b) (2)",
        "c) (3)",
        "d) (4)",
        "82) Faisal didn’t understand the question, ……… he kept asking for help."
      ],
      "correct": null,
      "explain": ""
    },
    {
      "q": "a) because",
      "a": [
        "b) for",
        "c) if",
        "d) so",
        "83) I need some milk and ……… bananas."
      ],
      "correct": null,
      "explain": ""
    },
    {
      "q": "a) a little",
      "a": [
        "b) any",
        "c) plenty",
        "d ) a few",
        "84) My father doesn’t speak Spanish. ……………………………"
      ],
      "correct": null,
      "explain": ""
    },
    {
      "q": "a) so does my mother",
      "a": [
        "b) Neither does my mother",
        "c) so doesn’t my mother",
        "d) Neither doesn’t my mother",
        "85) John: excuse me. Is everything ok? Mark: yes, I can’t remember where ……. my car last night."
      ],
      "correct": null,
      "explain": ""
    },
    {
      "q": "a) did I park",
      "a": [
        "b) am I parking",
        "c) I parked",
        "d) I park.",
        "107"
      ],
      "correct": null,
      "explain": ""
    },
    {
      "q": "86) Which of the underlined words in the following sentence is INCORRECT?",
      "a": [
        "The English premier league was wined  this year in the last minutes of the final game. It was a nail -biting finish .",
        "a) was",
        "b) wined",
        "c) last"
      ],
      "correct": null,
      "explain": ""
    },
    {
      "q": "d) finish",
      "a": [
        "87) Choose the correct order to make the following sentence into a paragraph.",
        "1) On the way, he met his friend Khalid.",
        "2) After sending greetings and wishes for a speedy recovery to Ahmed’s uncle, Khalid said goodbye.",
        "3) Ahmed was going to the hospital to see his uncle."
      ],
      "correct": null,
      "explain": ""
    },
    {
      "q": "4) they walked together until they reached the hospital.",
      "a": [
        "a) (3), (4), (2), (1)",
        "b) (4), (1), (3), (2)",
        "c) (3), (1), (4), (2)",
        "d) (1), (3), (2), (4)"
      ],
      "correct": null,
      "explain": ""
    },
    {
      "q": "88) If I were you, I ………… buy a small Japanese car.",
      "a": [
        "a) did",
        "b) will",
        "c) should",
        "d) would"
      ],
      "correct": null,
      "explain": ""
    },
    {
      "q": "89) The horses drank all the water because they ……. So thirsty.",
      "a": [
        "a) are",
        "b) were",
        "c) will be",
        "d) would be"
      ],
      "correct": null,
      "explain": ""
    },
    {
      "q": "90) Abdullah ………. have much practice speaking English until he went to study in The United States.",
      "a": [
        "a) doesn’t",
        "b) didn’t",
        "c) wouldn’t",
        "d) won’t"
      ],
      "correct": null,
      "explain": ""
    },
    {
      "q": "91) Ben isn’t qualified for the Job. He has………. Experience.",
      "a": [
        "a) few",
        "b) little",
        "c) any",
        "d) hardly"
      ],
      "correct": null,
      "explain": ""
    },
    {
      "q": "أكاديمية ستيب المجانية               https://t.me/stepacademy                  مؤسس األكاديمية المهندس أنور",
      "a": [
        "108",
        "92) The ancient and long -lost cities of Mexico……. still fascinating to this day.",
        "a) is",
        "b) are"
      ],
      "correct": null,
      "explain": ""
    },
    {
      "q": "c) was",
      "a": [
        "d) were",
        "93) Adam is leaving …………. Wednesday.",
        "a) in",
        "b) at"
      ],
      "correct": null,
      "explain": ""
    },
    {
      "q": "94) My car is … .......... …….. his.",
      "a": [
        "a) less expensive than",
        "b) the more expensive",
        "c) the most expensive than",
        "d) a little expensive than"
      ],
      "correct": null,
      "explain": ""
    },
    {
      "q": "95) Whenever I travel to the United States, I ……... my cousins.",
      "a": [
        "a) visit",
        "b) am visiting",
        "c) visited",
        "d) have visited"
      ],
      "correct": null,
      "explain": ""
    },
    {
      "q": "96) If you had turned up the volume, I ……. The TV much better.",
      "a": [
        "a) heard",
        "b) could hear",
        "c) am hearing",
        "d) would have heard"
      ],
      "correct": null,
      "explain": ""
    },
    {
      "q": "97) Tom ……... to Italy every year.",
      "a": [
        "a)go.",
        "b)goes.",
        "c)is goes.",
        "d)is going."
      ],
      "correct": null,
      "explain": ""
    },
    {
      "q": "98) I found this pencil on the floor. …………... is it?",
      "a": [
        "a) whose",
        "b) whom",
        "c) which",
        "d) who"
      ],
      "correct": null,
      "explain": ""
    },
    {
      "q": "أكاديمية ستيب المجانية               https://t.me/stepacademy                  مؤسس األكاديمية المهندس أنور",
      "a": [
        "109",
        "99) I have no idea how ……... to build a nest there.",
        "a) did the bird manage",
        "b) did manage the bird"
      ],
      "correct": null,
      "explain": ""
    },
    {
      "q": "c) managed the bird",
      "a": [
        "d) the bird managed",
        "100) My son was born ……… January 17th 2006.",
        "a) in",
        "b) at"
      ],
      "correct": null,
      "explain": ""
    }
  ]
}