{
  "model": 11,
  "title": "النموذج 11",
  "questions": [
    {
      "q": "61. Choose the sentence with the RIGHT WORD ORDER.",
      "a": [
        "A. Do you football often play?",
        "B. Do you football play often?",
        "C. Do you play often football?",
        "D. Do you often play football?"
      ],
      "correct": null,
      "explain": ""
    },
    {
      "q": "62. Hey John, …………….. took my book?",
      "a": [
        "A. whom",
        "B. who",
        "C. which",
        "D. whose"
      ],
      "correct": null,
      "explain": ""
    },
    {
      "q": "63. Kate's teacher told her …………… the main idea in her paper.",
      "a": [
        "A. no repeating",
        "B. not to repeat",
        "C. don't repeat",
        "D. not repeat"
      ],
      "correct": null,
      "explain": ""
    },
    {
      "q": "64. Peter studied very hard for four years before he ………………. from university.",
      "a": [
        "A. graduates",
        "B. is graduating",
        "C. graduated",
        "D. has graduated"
      ],
      "correct": null,
      "explain": ""
    },
    {
      "q": "65. I drank several cups of tea while I …………… this essay.",
      "a": [
        "A. have written",
        "B. wrote",
        "C. write",
        "D. was writing"
      ],
      "correct": null,
      "explain": ""
    },
    {
      "q": "أكاديمية ستيب المجانية               https://t.me/stepacademy                  مؤسس األكاديمية المهندس أنور",
      "a": [
        "57",
        "66. Mr. Ahmad: Ali, you need to submit your economics essay today. Ali: But I haven't finish it ………….. !",
        "A. already",
        "B. just"
      ],
      "correct": null,
      "explain": ""
    },
    {
      "q": "C. still",
      "a": [
        "D. yet",
        "67. The finance course wasn't very popular. It didn't have …………. students.",
        "A. many",
        "B. much"
      ],
      "correct": null,
      "explain": ""
    },
    {
      "q": "C. more",
      "a": [
        "D. some",
        "68. Dave: Do you want me to pick the book up for you? Bob: No. I'll do it …………….",
        "A. myself",
        "B. mine"
      ],
      "correct": null,
      "explain": ""
    },
    {
      "q": "69. There is so much work in this course! I wish there ……………. a lot less.",
      "a": [
        "A. is",
        "B. will be",
        "C. were",
        "D. may be"
      ],
      "correct": null,
      "explain": ""
    },
    {
      "q": "70. Mr. Jackson has worked at our university …………………. a very long time.",
      "a": [
        "A. for",
        "B. from",
        "C. since",
        "D. during"
      ],
      "correct": null,
      "explain": ""
    },
    {
      "q": "71. Lisa forgot her bag at the university, so she ……………..go back and get it.",
      "a": [
        "A. would to",
        "B. should to",
        "C. can to",
        "D. had to"
      ],
      "correct": null,
      "explain": ""
    },
    {
      "q": "72. Mona has been sick ……………. two months.",
      "a": [
        "A. for",
        "B. from",
        "C. since",
        "D. during"
      ],
      "correct": null,
      "explain": ""
    },
    {
      "q": "أكاديمية ستيب المجانية               https://t.me/stepacademy                  مؤسس األكاديمية المهندس أنور",
      "a": [
        "58",
        "73. My favorite subject is English. ……………. One is yours?",
        "A. That",
        "B. Which"
      ],
      "correct": null,
      "explain": ""
    },
    {
      "q": "C. What",
      "a": [
        "D. This",
        "74. Let's go for a coffee when ……………. writing your paper.",
        "A. finished",
        "B. finish"
      ],
      "correct": null,
      "explain": ""
    },
    {
      "q": "C. finishes",
      "a": [
        "D. finishing",
        "75. I have almost completed my degree. I only have ………. courses left.",
        "A. much",
        "B. little"
      ],
      "correct": null,
      "explain": ""
    },
    {
      "q": "C. a little",
      "a": [
        "D. a few",
        "76. If I have extra pens, I always ……………. them to other students.",
        "A. lend",
        "B. lended"
      ],
      "correct": null,
      "explain": ""
    },
    {
      "q": "C. had lent",
      "a": [
        "D. am going to lend",
        "77. If I graduate this year, I ……………... with my family.",
        "A. would celebrate",
        "B. will celebrate"
      ],
      "correct": null,
      "explain": ""
    },
    {
      "q": "C. had celebrated",
      "a": [
        "D. celebrate",
        "78. If Susan had more time, she ………………… every day after school.",
        "A. works out",
        "B. would work out"
      ],
      "correct": null,
      "explain": ""
    },
    {
      "q": "C. had worked out",
      "a": [
        "D. is going to work out",
        "79. That's a really nice bag. Where ……………. you buy it?",
        "A. are",
        "B. were"
      ],
      "correct": null,
      "explain": ""
    },
    {
      "q": "C. have",
      "a": [
        "D. did",
        "59",
        "80. If Jenny ………………. that her friend Kate was in the same course, she would have asked to borrow her books.",
        "A. know"
      ],
      "correct": null,
      "explain": ""
    },
    {
      "q": "B. knew",
      "a": [
        "C. has known",
        "D. had known",
        "81. You look tired today. …………… all night?",
        "A. Do you work"
      ],
      "correct": null,
      "explain": ""
    },
    {
      "q": "B. Have you work",
      "a": [
        "C. Are you working",
        "D. Have you been working",
        "82. John: Did you like the physics video I sent you? Chris: Yes, I watch …………. every day.",
        "A. these"
      ],
      "correct": null,
      "explain": ""
    },
    {
      "q": "B. him",
      "a": [
        "C. it",
        "D. those",
        "83. Mike couldn't see his friends yesterday because he …………….. go to a seminar.",
        "A. would"
      ],
      "correct": null,
      "explain": ""
    },
    {
      "q": "B. could",
      "a": [
        "C. must to",
        "D. had to",
        "84. Mrs. Johnson, …………… we all have missed so much, is back at the university.",
        "A. she"
      ],
      "correct": null,
      "explain": ""
    },
    {
      "q": "B. her",
      "a": [
        "C. whom",
        "D. which",
        "85. Our college is………… far away to reach without a car.",
        "A. so"
      ],
      "correct": null,
      "explain": ""
    },
    {
      "q": "B. too",
      "a": [
        "C. very",
        "D. somewhat",
        "86. Mr. Brown thought that the course book ………….no more than 300 pages, but it had 350.",
        "A. has"
      ],
      "correct": null,
      "explain": ""
    },
    {
      "q": "B. having",
      "a": [
        "C. has had",
        "D. would have",
        "60",
        "87. Mike tries …….. close to the university every day, but there are never any free spaces."
      ],
      "correct": null,
      "explain": ""
    },
    {
      "q": "A. that he parks",
      "a": [
        "B. to parking",
        "C. parking",
        "D. Park",
        "88. If I had more money, I ………… all my course books right now."
      ],
      "correct": null,
      "explain": ""
    },
    {
      "q": "A. buy",
      "a": [
        "B. would buy",
        "C. had bought",
        "D. am going to buy",
        "89. The report must ……………….. before the end of work on Wednesday."
      ],
      "correct": null,
      "explain": ""
    },
    {
      "q": "A. submit",
      "a": [
        "B. submitting",
        "C. be submit",
        "D. be submitted",
        "90. Which sentence has the RIGHT WORD ORDER?"
      ],
      "correct": null,
      "explain": ""
    },
    {
      "q": "A. On the Farasan Islands for years I lived.",
      "a": [
        "B. I lived on the Farasan Islands for years.",
        "C. Years for the Farasan Islands I lived on.",
        "D. The Farasan Islands lived I on for years.",
        "91. Which sentence has the RIGHT WORD ORDER?"
      ],
      "correct": null,
      "explain": ""
    },
    {
      "q": "A. You need eggs to make an omelet.",
      "a": [
        "B. To make an omelet eggs you need.",
        "C. Eggs to make an omelet you need.",
        "D. An omelet to make eggs you need.",
        "92. Choose the sentence with the RIGHT PUNCTUATION."
      ],
      "correct": null,
      "explain": ""
    },
    {
      "q": "A. When will you travel to America?",
      "a": [
        "B. When, will you travel to America!",
        "C. When will you travel, to America?",
        "D. When, will you, travel to America.",
        "93. Although many more people die each year in road accidents than in plane crashes, driving isn't more dangerous."
      ],
      "correct": null,
      "explain": ""
    },
    {
      "q": "This is because people spend far less time flying than driving. ………….. the number of deaths for each hour of driving",
      "a": [
        "and flying is about the same.",
        "A. Alternatively",
        "B. Moreover",
        "C. In contrast"
      ],
      "correct": null,
      "explain": ""
    },
    {
      "q": "D. In fact",
      "a": [
        "61",
        "94. Which sentence has the CORRECT PUNCTUATION?",
        "A. My teacher is Mrs, Asmaa.",
        "B. I am from Dammam?"
      ],
      "correct": null,
      "explain": ""
    },
    {
      "q": "C. Riyadh is a big city.",
      "a": [
        "D. English class is fun?",
        "95. Which sentence has the RIGHT WORD ORDER?",
        "A. Khalid goes every camping weekend.",
        "B. Camping Khalid goes every weekend."
      ],
      "correct": null,
      "explain": ""
    },
    {
      "q": "C. Weekend every Khalid goes camping.",
      "a": [
        "D. Khalid goes camping every weekend.",
        "96. It is advisable to go by taxi, …………… there are other forms of transport.",
        "A. but",
        "B. since"
      ],
      "correct": null,
      "explain": ""
    },
    {
      "q": "C. despite",
      "a": [
        "D. because",
        "97. Which sentence has the CORRECT WORD ORDER?",
        "A. Because it lacks water and a suitable atmosphere, some scientists on the planet Mars believe that life cannot",
        "exist."
      ],
      "correct": null,
      "explain": ""
    },
    {
      "q": "B. That life cannot exist some scientists believe on the planet Mars because it lacks water and a suitable atmosphere.",
      "a": [
        "C. Because it lacks water and a suitable atmosphere, that life cannot exist on the planet Mars some scientists",
        "believe.",
        "D. Some scientists believe that life cannot exist on the planet Mars because it lacks water and a suitable atmosphere.",
        "98. Which sentence has the CORRECT WORD ORDER?"
      ],
      "correct": null,
      "explain": ""
    },
    {
      "q": "A. In the world, more people are trying to learn English other than any language.",
      "a": [
        "B. More people are trying to learn English than any other language in the world.",
        "C. English more other than any language in the world people trying to learn in.",
        "D. To learn English in the world, more people are trying than any other language.",
        "99. Which sentence has the CORRECT WORD ORDER?"
      ],
      "correct": null,
      "explain": ""
    },
    {
      "q": "A. Abdullah's boss noticed he was a hard worker, so he decided to promote him to a managerial position for the new",
      "a": [
        "calendar year.",
        "B. For the new calendar year, Abdullah's boss noticed he was a hard worker, so he decided to promote him to a",
        "managerial position.",
        "C. So he decided to promote him, Abdullah's boss noticed he was a hard worker, to a managerial position for the"
      ],
      "correct": null,
      "explain": ""
    },
    {
      "q": "new calendar year.",
      "a": [
        "D. To a managerial position for the new calendar year, Abdullah's boss noticed he was a hard worker so he decided",
        "to promote him.",
        "62",
        "100. Which of the underlined words or phrases is INCORRECT?"
      ],
      "correct": null,
      "explain": ""
    },
    {
      "q": "Adam don't  seem to mind whether  he studies  at home or abroad.",
      "a": [
        "A. don't",
        "B. whether",
        "C. studies",
        "D. abroad"
      ],
      "correct": null,
      "explain": ""
    }
  ]
}