{
  "model": 34,
  "title": "النموذج 34",
  "questions": [
    {
      "q": "The computer costs so ……......... money that the family decided not to buy it.",
      "a": [
        "most",
        "more",
        "many",
        "much"
      ],
      "correct": null,
      "explain": ""
    },
    {
      "q": "In which sentence is all CAPITALIZATION correct?",
      "a": [
        "Running late, he yelled, “Stop!” as he chased after the kingdom university bus that took him to work every morning.",
        "Running late, he yelled, “Stop!” as he chased after the Kingdom university bus that took him to work every morning.",
        "Running late, he yelled, “Stop!” as he chased after the Kingdom University bus that took him to work every morning.",
        "Running late, He yelled, “Stop!” as he chased after the Kingdom University bus that took him to work every morning."
      ],
      "correct": null,
      "explain": ""
    },
    {
      "q": "Which sentence has the CORRECT WORD ORDER?",
      "a": [
        "And then they would start getting ready for bed, after eating dinner, the family used to read books while drinking tea.",
        "After eating dinner, the family used to read books while drinking tea, and then they would start getting ready for bed.",
        "After eating dinner, and then they would start getting ready for bed, the family used to read books while drinking tea.",
        "The family used to read books while drinking tea, and then they would start getting ready, after eating dinner, for"
      ],
      "correct": null,
      "explain": ""
    },
    {
      "q": "أكاديمية ستيب المجانية               https://t.me/stepacademy                  مؤسس األكاديمية المهندس أنور",
      "a": [
        "196",
        "The students had been studying lesson one and the teacher wanted ...... ............  lesson two.",
        "begin",
        "to begin"
      ],
      "correct": null,
      "explain": ""
    },
    {
      "q": "they begin",
      "a": [
        "that they begin",
        "Amy wants to do a computing degree ............. work in a technology business.",
        "for to",
        "and for"
      ],
      "correct": null,
      "explain": ""
    },
    {
      "q": "so that to",
      "a": [
        "in order to",
        "Which one of the underlined words or phrases is INCORRECT?",
        "Amy felt unwell after lunch; she thought it might be what  she have  eaten.",
        "felt"
      ],
      "correct": null,
      "explain": ""
    },
    {
      "q": "The teacher told Muhammed to visit his office ........... the morning.",
      "a": [
        "with",
        "in",
        "to",
        "on"
      ],
      "correct": null,
      "explain": ""
    },
    {
      "q": "............. the team did not play well, they managed to win the game.",
      "a": [
        "Even",
        "In case",
        "Although",
        "In spite of"
      ],
      "correct": null,
      "explain": ""
    },
    {
      "q": "Nora thought she arrived on time for the train, ……....…. the train had already left the station.",
      "a": [
        "so",
        "but",
        "and",
        "because"
      ],
      "correct": null,
      "explain": ""
    },
    {
      "q": "There were …....…. students waiting outside the school building.",
      "a": [
        "none",
        "a little",
        "plenty",
        "several"
      ],
      "correct": null,
      "explain": ""
    },
    {
      "q": "أكاديمية ستيب المجانية               https://t.me/stepacademy                  مؤسس األكاديمية المهندس أنور",
      "a": [
        "197",
        "We have taught our children that ……....….. comes first.",
        "education",
        "one education"
      ],
      "correct": null,
      "explain": ""
    },
    {
      "q": "the education",
      "a": [
        "each education",
        "Does Helen play ………...... Sport?",
        "plenty",
        "much"
      ],
      "correct": null,
      "explain": ""
    },
    {
      "q": "If the company does well this year, they …...……… new offices.",
      "a": [
        "were built",
        "have built",
        "would build",
        "will build"
      ],
      "correct": null,
      "explain": ""
    },
    {
      "q": "If Mark has some spare clothes, he ……...…. them with poor people.",
      "a": [
        "would share",
        "shared",
        "shares",
        "had shared"
      ],
      "correct": null,
      "explain": ""
    },
    {
      "q": "Nora’s son is very ill. She …......….. look after him 24/7.",
      "a": [
        "might",
        "must",
        "could",
        "has"
      ],
      "correct": null,
      "explain": ""
    },
    {
      "q": "Mrs. Smith, you’re enjoying ……......., aren’t you?",
      "a": [
        "you",
        "your",
        "yourself",
        "yourselves"
      ],
      "correct": null,
      "explain": ""
    },
    {
      "q": "Is this the person ……....... laptop you broke?",
      "a": [
        "whose",
        "which",
        "who",
        "that"
      ],
      "correct": null,
      "explain": ""
    },
    {
      "q": "أكاديمية ستيب المجانية               https://t.me/stepacademy                  مؤسس األكاديمية المهندس أنور",
      "a": [
        "198",
        "-Amy: Is Kate waiting for someone?               -Kate: What did Amy ask?",
        "-Lucy: She asked ….....…….. waiting for someone.",
        "how you are"
      ],
      "correct": null,
      "explain": ""
    },
    {
      "q": "are you",
      "a": [
        "were you",
        "if you were",
        "Let’s first …....……. to Will’s parents.",
        "to talking"
      ],
      "correct": null,
      "explain": ""
    },
    {
      "q": "talking",
      "a": [
        "to talk",
        "talk",
        "Ali and Ahmed think this is the best chocolate they ………......",
        "ever eat"
      ],
      "correct": null,
      "explain": ""
    },
    {
      "q": "had ever eaten",
      "a": [
        "have ever eaten",
        "would ever have eaten",
        "By the time I was born, my grandfather….....….. dead for five years.",
        "was"
      ],
      "correct": null,
      "explain": ""
    },
    {
      "q": "has been",
      "a": [
        "had been",
        "used to be",
        "Most fashionable clothing …….....….. in Italy.",
        "is made"
      ],
      "correct": null,
      "explain": ""
    },
    {
      "q": "is making",
      "a": [
        "made",
        "Mark was so hungry that he stopped …… .....…  a sandwich.",
        "to having",
        "to have"
      ],
      "correct": null,
      "explain": ""
    },
    {
      "q": "having",
      "a": [
        "have",
        "When we talked to the owners, we learnt that the car ……………….",
        "is already selling",
        "was already selling"
      ],
      "correct": null,
      "explain": ""
    },
    {
      "q": "has already being sold",
      "a": [
        "had already being sold",
        "199",
        "If we had left immediately, a lot of time could ……..…………",
        "be saving"
      ],
      "correct": null,
      "explain": ""
    },
    {
      "q": "be saved",
      "a": [
        "have been saving",
        "have been saved",
        "It is possible to visit the site …...…….. children are accompanied by their parents.",
        "as long as"
      ],
      "correct": null,
      "explain": ""
    },
    {
      "q": "as though",
      "a": [
        "whereas",
        "unless",
        "This washing machine appears new. It ……...……..",
        "would have been replacing"
      ],
      "correct": null,
      "explain": ""
    },
    {
      "q": "must have been replaced",
      "a": [
        "will have replaced",
        "has been replacing",
        "Jenny’s mom told her ………......... rude again.",
        "mustn’t be"
      ],
      "correct": null,
      "explain": ""
    },
    {
      "q": "not being",
      "a": [
        "don’t be",
        "not to be",
        "The pizza …… ......……. within half an hour.",
        "is going to be delivered"
      ],
      "correct": null,
      "explain": ""
    },
    {
      "q": "is going to deliver",
      "a": [
        "will be delivered",
        "will deliver",
        "Susan behaves as if she …… ....… everyone, while in fact she’s only been with the company for a week.",
        "had known"
      ],
      "correct": null,
      "explain": ""
    },
    {
      "q": "has known",
      "a": [
        "knows",
        "knew",
        "I suggest using your car. …………...... has broken down.",
        "Ourselves"
      ],
      "correct": null,
      "explain": ""
    },
    {
      "q": "Ourself",
      "a": [
        "Ours",
        "Our",
        "200",
        "Saudi Arabia has some wonderful places for pilgrims and tourists to visit. ….....……, Makkah, Madina, Alula and Amluj."
      ],
      "correct": null,
      "explain": ""
    },
    {
      "q": "For example",
      "a": [
        "In addition",
        "In contrast",
        "However",
        "Choose the BEST WAY to make the following sentences in a paragraph:"
      ],
      "correct": null,
      "explain": ""
    },
    {
      "q": "(1) Ahmed helped them through the early months at the school.",
      "a": [
        "(2) Five years on, they now think of Kuwait as home.",
        "(3) Emma and Jack were excited about their new job in Kuwait.",
        "(4) When they arrived, they met their new boss, Ahmed.",
        "(3), (4), (1), (2)."
      ],
      "correct": null,
      "explain": ""
    },
    {
      "q": "(1), (4), (3), (2).",
      "a": [
        "(3), (1), (2), (4).",
        "(1), (3), (2), (4).",
        "Which sentence has the CORRECT WORD ORDER?",
        "China overtook the USA to become in 2012 the biggest exporter of goods in the world."
      ],
      "correct": null,
      "explain": ""
    },
    {
      "q": "In 2012, China overtook the USA to become the biggest exporter of goods in the world.",
      "a": [
        "Overtook China the USA in 2012 to become the biggest exporter of goods in the world.",
        "In 2012, to become the biggest exporter of goods China overtook the USA in the world.",
        "Chris learned how to play tennis when he was young, ……….…. his brother can’t play at all.",
        "but"
      ],
      "correct": null,
      "explain": ""
    },
    {
      "q": "therefore",
      "a": [
        "Which phrase correctly replaces the INCORRECT underlined phrase?",
        "Jane: I am travelling to Malaysia next week for work.",
        "Julia: Wow! Have you ever visit Malaysia before ?  تحت تهذا الرد خطأ و يبغى الرد الصحيح من االختيارا",
        "Have you been visiting"
      ],
      "correct": null,
      "explain": ""
    },
    {
      "q": "Were you ever visited",
      "a": [
        "Have you ever visited",
        "Are you visiting",
        "201",
        "I do not understand this sentence. What ……….................?"
      ],
      "correct": null,
      "explain": ""
    },
    {
      "q": "does mean this word",
      "a": [
        "does this word mean",
        "this word means",
        "means this word",
        "That’s a beautiful new jacket! Where ……....….. you buy it?"
      ],
      "correct": null,
      "explain": ""
    },
    {
      "q": "The children could not ………..…. out to ride their bikes because it was raining.",
      "a": [
        "go",
        "going",
        "gone",
        "to go"
      ],
      "correct": null,
      "explain": ""
    },
    {
      "q": "The box ………....... from recycled paper.",
      "a": [
        "was made",
        "was making",
        "made",
        "make"
      ],
      "correct": null,
      "explain": ""
    }
  ]
}