{
  "model": 40,
  "title": "النموذج 40",
  "questions": [
    {
      "q": "61) He went to university in the UK …… a PhD in physics.",
      "a": [
        "a) get",
        "b) getting",
        "c) to get",
        "d) to getting"
      ],
      "correct": null,
      "explain": ""
    },
    {
      "q": "62) In my opinion, it is not economical…….…your money on cheap, poor -quality products.",
      "a": [
        "a) spend",
        "b) spent",
        "c) to spend",
        "d) be spending"
      ],
      "correct": null,
      "explain": ""
    },
    {
      "q": "63) Which sentence has the CORRECT WORD ORDER?",
      "a": [
        "a) He claimed he was simply meditating, but when asked about it later, Adam had obviously fallen asleep while",
        "sitting on the couch.",
        "b) While sitting on the couch, but when asked about it later, he claimed he was simply meditating, Adam had",
        "obviously fallen asleep."
      ],
      "correct": null,
      "explain": ""
    },
    {
      "q": "c) Adam had obviously fallen asleep while sitting on the couch, he claimed he was simply meditating, but when",
      "a": [
        "asked about it later.",
        "d) Adam had obviously fallen asleep while sitting on the couch, but when asked about it later, he claimed he was",
        "simply meditating.",
        "64) Steve's watch was not working properly, …… he took it to a repair shop."
      ],
      "correct": null,
      "explain": ""
    },
    {
      "q": "a) but",
      "a": [
        "b) so",
        "c) because",
        "d) while",
        "65) Which one of the underlined words or phrases is INCORRECT?"
      ],
      "correct": null,
      "explain": ""
    },
    {
      "q": "my sister she gave that car to me  when I got my first job.",
      "a": [
        "a) she",
        "b) to me",
        "c) got",
        "d) first job"
      ],
      "correct": null,
      "explain": ""
    },
    {
      "q": "66) Lisa took the train from Boston to New York and then she…………. .......................... .",
      "a": [
        "a) the subway to my apartment took to surprise me.",
        "b) to surprise me to my apartment took the subway.",
        "c) took the subway to surprise me to my apartment.",
        "d) took the subway to my apartment to surprise me."
      ],
      "correct": null,
      "explain": ""
    },
    {
      "q": "أكاديمية ستيب المجانية               https://t.me/stepacademy                  مؤسس األكاديمية المهندس أنور",
      "a": [
        "237",
        "67) The film started at 7 o’clock, ………………………………..",
        "a) and just for the commercials in time we arrived.",
        "b) and we for the commercials just arrived in time."
      ],
      "correct": null,
      "explain": ""
    },
    {
      "q": "c) and just in time we arrived for the commercials.",
      "a": [
        "d) and we arrived just in time for the commercials.",
        "68) Which one of the underlined words or phrases is INCORRECT?",
        "On Wednesday  we are going to discuss  some of the things we review  in our last meeting.",
        "a) On Wednesday"
      ],
      "correct": null,
      "explain": ""
    },
    {
      "q": "b) to discuss",
      "a": [
        "c) review",
        "d) last",
        "69) In which sentence is all CAPITALIZATION correct?",
        "a) the y came here on Thursday, September 20."
      ],
      "correct": null,
      "explain": ""
    },
    {
      "q": "b) They came here on Thursday, september 20.",
      "a": [
        "c) They came here on thursday, September 20.",
        "d) They came here on Thursday, September 20.",
        "70) Mark’s son is…………….his father.",
        "a) big than"
      ],
      "correct": null,
      "explain": ""
    },
    {
      "q": "b) as big like",
      "a": [
        "c) as big as",
        "d) as bigger than",
        "71) It’s important……………less money than you earn.",
        "a) to spending"
      ],
      "correct": null,
      "explain": ""
    },
    {
      "q": "b) to spend",
      "a": [
        "c) was spending",
        "d) have spent",
        "72) Please Adam, read……………",
        "a) more slowly"
      ],
      "correct": null,
      "explain": ""
    },
    {
      "q": "b) more slow",
      "a": [
        "c) slowlier",
        "d) slower",
        "238",
        "73) Tom is worried about his son. He ………….him for a week."
      ],
      "correct": null,
      "explain": ""
    },
    {
      "q": "a) isn't being called",
      "a": [
        "b) wasn’t calling",
        "c) hasn’t called",
        "d) hasn’t been calling",
        "74) Mrs. Brown read…… ......….books last month."
      ],
      "correct": null,
      "explain": ""
    },
    {
      "q": "a) none",
      "a": [
        "b) a little",
        "c) plenty",
        "d) several",
        "75) If Fatima……………….some money for her last birthday, she’ll buy a new phone."
      ],
      "correct": null,
      "explain": ""
    },
    {
      "q": "a) had got",
      "a": [
        "b) will get",
        "c) gets",
        "d) got",
        "76) Mr. Smith is rich now, but he……… ....…rather poor."
      ],
      "correct": null,
      "explain": ""
    },
    {
      "q": "a) has used to being",
      "a": [
        "b) was using to be",
        "c) used to be",
        "d) use to be",
        "77) I’m cold. …………..you close the window, please?"
      ],
      "correct": null,
      "explain": ""
    },
    {
      "q": "a) Would",
      "a": [
        "b) Shall",
        "c) Must",
        "d) May",
        "78) Eric failed his exam again. He…………..be as smart as we thought."
      ],
      "correct": null,
      "explain": ""
    },
    {
      "q": "a) would not",
      "a": [
        "b) will not",
        "c) might not",
        "d) shall not",
        "79) The boss sent me an email……………my summer holiday."
      ],
      "correct": null,
      "explain": ""
    },
    {
      "q": "a) in addition to",
      "a": [
        "b) instead of",
        "c) regarding",
        "d) towards",
        "239"
      ],
      "correct": null,
      "explain": ""
    },
    {
      "q": "80) Roger, did you hurt…………while you were skiing?",
      "a": [
        "a) you",
        "b) your",
        "c) yourself",
        "d) yourselves"
      ],
      "correct": null,
      "explain": ""
    },
    {
      "q": "81) Mary: I need to buy a coat. Sara: No need. I bought………..that I never wear.",
      "a": [
        "a) some",
        "b) this",
        "c) one",
        "d) any"
      ],
      "correct": null,
      "explain": ""
    },
    {
      "q": "82) This is my knife, but where is……….?",
      "a": [
        "a) your",
        "b) yours",
        "c) yourself",
        "d) yourselves"
      ],
      "correct": null,
      "explain": ""
    },
    {
      "q": "83) Dave never eats breakfast,……………..?",
      "a": [
        "a) didn’t he",
        "b) did he",
        "c) doesn’t he",
        "d) does he"
      ],
      "correct": null,
      "explain": ""
    },
    {
      "q": "84) The final decision may……… .....…until next month.",
      "a": [
        "a) had been delayed",
        "b) be delayed",
        "c) be delaying",
        "d) have been delaying"
      ],
      "correct": null,
      "explain": ""
    },
    {
      "q": "85) The grass needs ……… ....…. It’s too high.",
      "a": [
        "a) to cut",
        "b) cutting",
        "c) be cut",
        "d) cut"
      ],
      "correct": null,
      "explain": ""
    },
    {
      "q": "86) Bob and Attia…………….eat dinner when the police arrived.",
      "a": [
        "a) would have",
        "b) were about to",
        "c) were going",
        "d) would be to"
      ],
      "correct": null,
      "explain": ""
    },
    {
      "q": "أكاديمية ستيب المجانية               https://t.me/stepacademy                  مؤسس األكاديمية المهندس أنور",
      "a": [
        "240",
        "87) I couldn’t go out last night…………a severe sandstorm.",
        "a) owing to",
        "b) despite"
      ],
      "correct": null,
      "explain": ""
    },
    {
      "q": "c) unlike",
      "a": [
        "d) along with",
        "88) Fruit and vegetables…………..in a cool and dry place.",
        "a) supposed to be kept",
        "b) are supposed to be kept"
      ],
      "correct": null,
      "explain": ""
    },
    {
      "q": "c) are supposed to keep",
      "a": [
        "d) supposed to keep",
        "89) I wish I………….those shoes. They were too expensive.",
        "a) didn’t buy",
        "b) wouldn’t buy"
      ],
      "correct": null,
      "explain": ""
    },
    {
      "q": "c) hadn’t bought",
      "a": [
        "d) haven’t bought",
        "90) I think…………….fruit and vegetables every day is good for you.",
        "a) eating",
        "b) have eaten"
      ],
      "correct": null,
      "explain": ""
    },
    {
      "q": "c) be eating",
      "a": [
        "d) eat",
        "91) My father told me……… ......….shy.",
        "a) mustn’t be",
        "b) not being"
      ],
      "correct": null,
      "explain": ""
    },
    {
      "q": "c) don’t be",
      "a": [
        "d) not to be",
        "92) Which phrase CORRECTLY REPLACES the INCORRECT underlined phrase?",
        "Walk in the mall , she saw a store selling strange and funny hats.",
        "a) Walking in the mall"
      ],
      "correct": null,
      "explain": ""
    },
    {
      "q": "b) Walks in the mall",
      "a": [
        "c) Through in the mall",
        "d) The mall in",
        "241",
        "93) To which sentence can we add the following clause? ………………………….. until it boils."
      ],
      "correct": null,
      "explain": ""
    },
    {
      "q": "(1) Making a cup of noodles is not difficult.",
      "a": [
        "(2) First, you heat the water.",
        "(3) Then, pour it into the noodles cup.",
        "(4) Wait for 3 -5 minutes and then eat the noodles.",
        "a) (1)"
      ],
      "correct": null,
      "explain": ""
    },
    {
      "q": "b) (2)",
      "a": [
        "c) (3)",
        "d) (4)",
        "94) Sara was preparing the pizza and adding the toppings….. ....….Helen was getting the oven ready.",
        "a) while"
      ],
      "correct": null,
      "explain": ""
    },
    {
      "q": "b) until",
      "a": [
        "c) so that",
        "d) even if",
        "95) The teachers and students returned from their summer holidays… ......…they had rested and enjoyed themselves",
        "for three months."
      ],
      "correct": null,
      "explain": ""
    },
    {
      "q": "a) before",
      "a": [
        "b) after",
        "c) until",
        "d) unless",
        "96) Which one of the underlined words or phrases is INCORRECT?"
      ],
      "correct": null,
      "explain": ""
    },
    {
      "q": "I told Adam and Mike that the first thing they  should do when arriving at the airport was to look on  the ticket  office",
      "a": [
        "and meet me there .",
        "a) they",
        "b) look on",
        "c) ticket"
      ],
      "correct": null,
      "explain": ""
    },
    {
      "q": "d) there",
      "a": [
        "97) Airplanes usually travel ………….. helicopters.",
        "a) more faster than",
        "b) faster than",
        "c) fastest than"
      ],
      "correct": null,
      "explain": ""
    },
    {
      "q": "d) the fastest than",
      "a": [
        "242",
        "98) All members of my family.… ......….the pilgrimage to Makkah at least once in their lives.",
        "a) are performing",
        "b) have performed"
      ],
      "correct": null,
      "explain": ""
    },
    {
      "q": "c) were performed",
      "a": [
        "d) have been performed",
        "99) The strawberries ……………. by the children who picked them.",
        "a) have all eating",
        "b) were all eaten"
      ],
      "correct": null,
      "explain": ""
    },
    {
      "q": "c) were all eating",
      "a": [
        "d) had all eaten.",
        "100. Mr. Amir, …………. the students call Uncle Amir, taught the boys physical education several times a week.",
        "a) he",
        "b) him"
      ],
      "correct": null,
      "explain": ""
    },
    {
      "q": "c) whom",
      "a": [
        "d) which",
        "هنا دائما أحدث التجميعات",
        "كل الملفات في القناتين نفسها و ما فيها اال الملفات المحدثة فقط",
        "243"
      ],
      "correct": null,
      "explain": ""
    }
  ]
}