{
  "model": 9,
  "title": "النموذج 9",
  "questions": [
    {
      "q": "61. Which is the BEST WAY to combine the two sentences?",
      "a": [
        "There was a presentation at our university today. It was very good.",
        "(A) There was a presentation at our university today, but it was very good.",
        "(B) Since it was very good, there was a presentation at our university today.",
        "(C) It was very good the presentation at our university today."
      ],
      "correct": null,
      "explain": ""
    },
    {
      "q": "(D)The presentation at our university today was very good.",
      "a": [
        "62. If it rains tomorrow, I ……… my raincoat.",
        "(A) wear",
        "(B) am wear",
        "(C) will wear"
      ],
      "correct": null,
      "explain": ""
    },
    {
      "q": "(D) going to wear",
      "a": [
        "63. Guided tours………… be given by the Ministry of Information in the coming Janadriyah Festival next month.",
        "(A) will",
        "(B) ought",
        "(C) must to"
      ],
      "correct": null,
      "explain": ""
    },
    {
      "q": "(D) could to",
      "a": [
        "64. I bought two notebooks yesterday, but I don't have ..…… pens.",
        "(A) some",
        "(B) any",
        "(C) a lot"
      ],
      "correct": null,
      "explain": ""
    },
    {
      "q": "(D) much",
      "a": [
        "65. Ben: Have you read the most important text in the course materials yet? Mike: Yes, I read ……… last week.",
        "(A) it",
        "(B) him",
        "(C) these"
      ],
      "correct": null,
      "explain": ""
    },
    {
      "q": "(D) those",
      "a": [
        "48",
        "66. If the teacher gives me a bad grade on my essay, I…….. to him about it.",
        "(A) talk",
        "(B) am talk"
      ],
      "correct": null,
      "explain": ""
    },
    {
      "q": "(C) will talk",
      "a": [
        "(D) going to talk",
        "67. Lucy ………….. when her mother told her to come and eat.",
        "(A) studied",
        "(B) was studying"
      ],
      "correct": null,
      "explain": ""
    },
    {
      "q": "(C) is studying",
      "a": [
        "(D) will study",
        "68. You need ………… of money to buy all the books in this course.",
        "(A) large amount",
        "(B) too much"
      ],
      "correct": null,
      "explain": ""
    },
    {
      "q": "(C) so much",
      "a": [
        "(D) a lot",
        "69. I'm sorry I'm late for class. I couldn't find ……. free parking spaces.",
        "(A) much",
        "(B) some"
      ],
      "correct": null,
      "explain": ""
    },
    {
      "q": "(C) a lot",
      "a": [
        "(D) any",
        "70. Let me know when you ………… reading. I want to know how long you work for.",
        "(A) stopped",
        "(B) stop"
      ],
      "correct": null,
      "explain": ""
    },
    {
      "q": "(C) stops",
      "a": [
        "(D) stopping",
        "71. The students have been working on their project ………… several hours now. They must be tired.",
        "(A) for",
        "(B) yet"
      ],
      "correct": null,
      "explain": ""
    },
    {
      "q": "(c) since",
      "a": [
        "(D) about",
        "72. ……… Sara still live on campus? I haven't seen her for weeks.",
        "(A) Would",
        "(B) Does"
      ],
      "correct": null,
      "explain": ""
    },
    {
      "q": "(C) Had",
      "a": [
        "(D) Has",
        "49",
        "73. Which of the following sentences has the CORRECT WORD ORDER?",
        "(A) A lot of protein both fish and meat contain, but the oils in fish than the fat in meat are healthier."
      ],
      "correct": null,
      "explain": ""
    },
    {
      "q": "(B) Fish and meat contain protein both a lot of, but in fish are healthier the oils than in meat the fat.",
      "a": [
        "(C) But in fish the oils are healthier than in meat the fat, a lot of protein both fish and meat contain.",
        "(D) Both fish and meat contain a lot of protein, but the oils in fish are healthier than the fat in meat.",
        "74. When I ………. writing this paper, I’m going for a coffee.",
        "(A) finish"
      ],
      "correct": null,
      "explain": ""
    },
    {
      "q": "(B) finished",
      "a": [
        "(C) will finish",
        "(D) would finish",
        "75. Adam: Did you follow the teacher's instructions for the homework? Roger: No, I did it …………..",
        "(A) differently"
      ],
      "correct": null,
      "explain": ""
    },
    {
      "q": "(B) different",
      "a": [
        "(C) difference",
        "(D) differentiation",
        "76. Which sentence is correct?",
        "(A) You're appointment is next Monday."
      ],
      "correct": null,
      "explain": ""
    },
    {
      "q": "(B) You're appointment will be next Monday.",
      "a": [
        "(C) Your appointment will be next Monday.",
        "(D) Your appointment has next Monday.",
        "77. The teacher will leave the classroom when her students ……... their exams.",
        "(A) finishes"
      ],
      "correct": null,
      "explain": ""
    },
    {
      "q": "(B) finished",
      "a": [
        "(C) finish",
        "(D) finishing",
        "78. We …………. be brave in the face of danger.",
        "(A) must to"
      ],
      "correct": null,
      "explain": ""
    },
    {
      "q": "(B) have",
      "a": [
        "(C) must",
        "(D) could to",
        "79. Ali ……… work and at present is having a cup of coffee with his friends.",
        "(A) just getting off"
      ],
      "correct": null,
      "explain": ""
    },
    {
      "q": "(B) has just got off",
      "a": [
        "(C) is just get off",
        "(D) just gets off",
        "50",
        "80. Mr. Amir, …………… the students call Uncle Amir, taught the boys physical education several times a week."
      ],
      "correct": null,
      "explain": ""
    },
    {
      "q": "(A) he",
      "a": [
        "(B) him",
        "(C) whom",
        "(D) which",
        "81. I hate Sundays. I wish it …………… Saturday."
      ],
      "correct": null,
      "explain": ""
    },
    {
      "q": "(A) is",
      "a": [
        "(B) will be",
        "(C) may be",
        "(D) were",
        "82. I'm sure you will all enjoy ……. in the course Physics 101. The teacher is great."
      ],
      "correct": null,
      "explain": ""
    },
    {
      "q": "(A) yourselves",
      "a": [
        "(B) ourselves",
        "(C) yourself",
        "(D) yours",
        "83. If the teacher calls you to her office, you ……… She doesn't like to wait."
      ],
      "correct": null,
      "explain": ""
    },
    {
      "q": "(A) must going",
      "a": [
        "(B) must to go",
        "(C) must go",
        "(D) must",
        "84. Kate hasn't been to class…………three weeks."
      ],
      "correct": null,
      "explain": ""
    },
    {
      "q": "(A) during",
      "a": [
        "(B) since",
        "(C) from",
        "(D) for",
        "90. Mr. Brown ……… at the university for ten years when he decided to change jobs."
      ],
      "correct": null,
      "explain": ""
    },
    {
      "q": "(A) had been teaching",
      "a": [
        "(B) has been teaching",
        "(C) was teaching",
        "(D) has teaching",
        "99. Choose the CORRECT ORDER to make the following sentences into paragraph."
      ],
      "correct": null,
      "explain": ""
    },
    {
      "q": "(1) Mark always took the train home from work and then walked to his apartment.",
      "a": [
        "(2) He bought chocolate as a surprise for his children.",
        "(3) When came home, his children met him at the door.",
        "(4) One day, he stopped by the supermarket along his way home.",
        "(5) Then they all happily ate the chocolate together."
      ],
      "correct": null,
      "explain": ""
    },
    {
      "q": "أكاديمية ستيب المجانية               https://t.me/stepacademy                  مؤسس األكاديمية المهندس أنور",
      "a": [
        "51",
        "(A) (1), (2), (4), (3), (5)",
        "(B) (1), (3), (4), (2), (5)",
        "(C) (1), (4), (2), (3), (5)"
      ],
      "correct": null,
      "explain": ""
    }
  ]
}