{
  "model": 6,
  "title": "النموذج 6",
  "questions": [
    {
      "q": "61) Which sentence has the CORRECT WORD ORDER?",
      "a": [
        "a) To push each other around, the children like, on the chairs until one of them falls and start to cry .",
        "b) On the chairs until one of them falls, the children like to push each other around, and start to cry .",
        "c) The children like to push each other around on the chairs until one of them falls and starts to cry .",
        "d) One of them falls and starts to cry until the children like to push each other around on the chairs ."
      ],
      "correct": null,
      "explain": ""
    },
    {
      "q": "62) We………football three days ago.",
      "a": [
        "a) play",
        "b) played",
        "c) have played",
        "d) had play"
      ],
      "correct": null,
      "explain": ""
    },
    {
      "q": "63) Adam lives……. New York. He is a student……..New York University.",
      "a": [
        "a) on / at",
        "b) in / at",
        "c) in on",
        "d) at/ in"
      ],
      "correct": null,
      "explain": ""
    },
    {
      "q": "64) Lucy could have gone to London with her family………………..,",
      "a": [
        "a) but she didn't",
        "b) so, she didn't",
        "c) and she did",
        "d) but she did"
      ],
      "correct": null,
      "explain": ""
    },
    {
      "q": "65) Anna's family is very worried about her .............she hasn't called them since she left to study abroad.",
      "a": [
        "a) she",
        "b) because",
        "c) unless",
        "d) until"
      ],
      "correct": null,
      "explain": ""
    },
    {
      "q": "أكاديمية ستيب المجانية               https://t.me/stepacademy                  مؤسس األكاديمية المهندس أنور",
      "a": [
        "32",
        "66) Choose the CORRECT ORDER to make the following sentences into a paragraph:",
        "1) She practiced with the flash cards until she memorized the entire Arabic alphabet.",
        "2) Eventually, with lots of practice she was able to converse quite well with her Arab friends ."
      ],
      "correct": null,
      "explain": ""
    },
    {
      "q": "3) Then she bought children's books to read until she built up her vocabulary and learned basic sentence structures.",
      "a": [
        "4) Sara wanted to learn Arabic .",
        "5) To start, she made a flash card for each letter with an English transliteration written on the back .",
        "a) (4), (5), (2), (1), (3)",
        "b) (5), (4), (3). (2), (1)"
      ],
      "correct": null,
      "explain": ""
    },
    {
      "q": "c) (4), (5), (1), (3), (2)",
      "a": [
        "d) (5), (4), (1), (2), (3)",
        "67) …………………. you play many sports?",
        "a) Are",
        "b) Have"
      ],
      "correct": null,
      "explain": ""
    },
    {
      "q": "c) Had",
      "a": [
        "d) Do",
        "68) In which sentence is all CAPITALIZATION correct?",
        "a) My School Year begins on Saturday in late August .",
        "b) My School year begins on Saturday in late august ."
      ],
      "correct": null,
      "explain": ""
    },
    {
      "q": "c) My school year begins on Saturday in late august .",
      "a": [
        "d) My school year begins on Saturday in late August .",
        "69) The man had…....…for the furniture in full, but when it was delivered some items were missing.",
        "a) pay",
        "b) Paying"
      ],
      "correct": null,
      "explain": ""
    },
    {
      "q": "c) paid",
      "a": [
        "d) pays",
        "70) If I have snacks, I always ………. them with my friends.",
        "a) share",
        "b) shared"
      ],
      "correct": null,
      "explain": ""
    },
    {
      "q": "c) had shared",
      "a": [
        "d) am going to share",
        "71) At the moment, I……….. anything, Let's go to the coffeehouse.",
        "a) do not do",
        "b) did not do"
      ],
      "correct": null,
      "explain": ""
    },
    {
      "q": "c) am not doing",
      "a": [
        "d) have not done",
        "33",
        "72) The second exam was………than the first one.",
        "a) easy"
      ],
      "correct": null,
      "explain": ""
    },
    {
      "q": "b) easier",
      "a": [
        "c) easiest",
        "d) easily",
        "73) John's teacher told him that he…………an excellent presentation yesterday.",
        "a) give"
      ],
      "correct": null,
      "explain": ""
    },
    {
      "q": "b) gives",
      "a": [
        "c) giving",
        "d) gave",
        "74) When Lisa…………..a child, she learned to read Arabic.",
        "a) has been"
      ],
      "correct": null,
      "explain": ""
    },
    {
      "q": "b) had been",
      "a": [
        "c) is",
        "d) was",
        "75) I need to conduct some research for my marketing course. ……...... author’s books would you recommend?",
        "a) Who"
      ],
      "correct": null,
      "explain": ""
    },
    {
      "q": "b) Where",
      "a": [
        "c) Which",
        "d) Whose",
        "76) Although some of the students disagreed with the instructor, they respected……..........he said.",
        "a) which"
      ],
      "correct": null,
      "explain": ""
    },
    {
      "q": "b) what",
      "a": [
        "c) that",
        "d) it",
        "77) Excuse me, Paul. Could I borrow……..money until next week?”",
        "a) a"
      ],
      "correct": null,
      "explain": ""
    },
    {
      "q": "b) few",
      "a": [
        "c) a bit",
        "d) some",
        "78) Dave always……... the watch that was given to him by his father.",
        "a) wears"
      ],
      "correct": null,
      "explain": ""
    },
    {
      "q": "b) will wear",
      "a": [
        "c) was to wear",
        "d) has been wearing",
        "34",
        "79) Which sentence has the CORRECT WORD ORDER?"
      ],
      "correct": null,
      "explain": ""
    },
    {
      "q": "a) The student came in late for the exam and also forgot to bring a pen, or else be marked absent, so the teacher",
      "a": [
        "gave him five minutes to go buy a pen and come back .",
        "b) The student came in late for the exam and also forgot to bring a pen, so the teacher gave him five minutes to go",
        "buy a pen and come back, or else be marked absent .",
        "c) The teacher gave him five minutes to go buy a pen and, so come back, or else be marked absent, the student came"
      ],
      "correct": null,
      "explain": ""
    },
    {
      "q": "in late for the exam and also forgot to bring a pen .",
      "a": [
        "d) The teacher gave him five minutes to go buy a pen and come back, so the student came in late for the exam and",
        "also forgot to bring a pen. or else be marked absent .",
        "80) Which sentence has the CORRECT WORD ORDER?",
        "a) To talk to people who have traveled to many other countries I find it interesting ."
      ],
      "correct": null,
      "explain": ""
    },
    {
      "q": "b) I find it interesting to talk to people who have traveled to many other countries .",
      "a": [
        "c) People who have traveled to many other countries I find it interesting to talk to .",
        "d) Who have traveled to many other countries people, I find it interesting to talk to .",
        "81) Which one of the underlined words or phrases is INCORRECT?",
        "My brother explained me  the difficult math problem so I was able to finish my homework on time  ."
      ],
      "correct": null,
      "explain": ""
    },
    {
      "q": "a) explained me",
      "a": [
        "b) so",
        "c) my",
        "d) on time",
        "82) Which one of the underlined words or phrases is INCORRECT?"
      ],
      "correct": null,
      "explain": ""
    },
    {
      "q": "One of the biggest problems  in developed countries  today are the traffic .",
      "a": [
        "a) problems",
        "b) countries",
        "c) are",
        "d) traffic"
      ],
      "correct": null,
      "explain": ""
    },
    {
      "q": "83) To which sentence from the paragraph can we add the following clause? ……..………………….…………..,so that he had",
      "a": [
        "plenty of time to get ready.",
        "[1] Everyday, Ahmad woke up one hour before the school bus arrived.",
        "[2] First, he spent about fifteen to twenty minutes to wash up and dress.",
        "[3] Then, he spent about twenty minutes to pack breakfast, lunch, tea, and a snack in a bag to bring with him."
      ],
      "correct": null,
      "explain": ""
    },
    {
      "q": "[4] Before walking out of the door, Ahmad always checked his bag to make sure he didn't forget anything .",
      "a": [
        "A - [1]",
        "B - [2]",
        "C - [3]",
        "D - [4]"
      ],
      "correct": null,
      "explain": ""
    },
    {
      "q": "أكاديمية ستيب المجانية               https://t.me/stepacademy                  مؤسس األكاديمية المهندس أنور",
      "a": [
        "35",
        "84) Which sentence has the CORRECT WORD ORDER?",
        "a) Had a snack with a glass of water, the girls played outside all morning, and then took a nap .",
        "b) The girls played outside all morning, and then took a nap, had a snack with a glass of water ."
      ],
      "correct": null,
      "explain": ""
    },
    {
      "q": "c) The girls played outside all morning, had a snack with a glass of water, and then took a nap .",
      "a": [
        "d) Had a snack with a glass of water, and then took a nap, the girls played outside all morning .",
        "85) In which sentence is all PUNCTUATION correct?",
        "a) My favorite animals include cats goldfish birds and, horses .",
        "b) My favorite animals include: cats goldfish birds, and horses ."
      ],
      "correct": null,
      "explain": ""
    },
    {
      "q": "c) My favorite animals include, cats, goldfish, birds, and, horses .",
      "a": [
        "d) My favorite animals include: cats, goldfish, birds, and horses .",
        "86) Roger: Do you travel a lot?                  Steve: Oh yes. I spend eight or nine weeks travelling every year .",
        "Roger: So, how many countries ……………..so far ?",
        "a) have you been visiting"
      ],
      "correct": null,
      "explain": ""
    },
    {
      "q": "b) have you visited",
      "a": [
        "c) do you visit",
        "d) you visit",
        "87) The city has really changed over the last few years; many new buildings ……..............",
        "a) built"
      ],
      "correct": null,
      "explain": ""
    },
    {
      "q": "b) were built",
      "a": [
        "c) have built",
        "d) have been built",
        "88) While I.............in the medical college, I earned extra money as a cook in a restaurant.",
        "a) was studying"
      ],
      "correct": null,
      "explain": ""
    },
    {
      "q": "b) am studying",
      "a": [
        "c) would study",
        "d) will study",
        "89) I finished...........the mystery novel I bought last month.",
        "a) read"
      ],
      "correct": null,
      "explain": ""
    },
    {
      "q": "b) to read",
      "a": [
        "c) reading",
        "d) to reading",
        "90) The mechanic.........works on my car is very experienced.",
        "a) who he"
      ],
      "correct": null,
      "explain": ""
    },
    {
      "q": "b) that he",
      "a": [
        "c) which",
        "d) who",
        "36",
        "91) Alex: Is this Eric's car? Will: Yes, it's…………………"
      ],
      "correct": null,
      "explain": ""
    },
    {
      "q": "a) him",
      "a": [
        "b) his",
        "c) he's",
        "d) he",
        "92) Jenny wasn’t able to come to yesterday's meeting. She........take her mother to the dentist."
      ],
      "correct": null,
      "explain": ""
    },
    {
      "q": "a) could",
      "a": [
        "b) would",
        "c) had to",
        "d) must to",
        "93) The cake was sitting on the table as the group of children……..excitedly."
      ],
      "correct": null,
      "explain": ""
    },
    {
      "q": "a) entered",
      "a": [
        "b) enter",
        "c) are entering",
        "d) will enter",
        "94) My mother and ……… will finish the shopping and come home by taxi ."
      ],
      "correct": null,
      "explain": ""
    },
    {
      "q": "a) myself",
      "a": [
        "b) mine",
        "c) me",
        "d) I",
        "95) If I get my car back from the mechanic tomorrow, I……….to Jordan for the weekend."
      ],
      "correct": null,
      "explain": ""
    },
    {
      "q": "a) am driven",
      "a": [
        "b) am going drive",
        "c) will drive",
        "d) will driving",
        "96) Typically, Naïf makes breakfast while lunch ……… by his wife."
      ],
      "correct": null,
      "explain": ""
    },
    {
      "q": "a) made",
      "a": [
        "b) makes",
        "c) is made",
        "d) has made",
        "97) I……… do it if I could, but I am already busy with something else."
      ],
      "correct": null,
      "explain": ""
    },
    {
      "q": "a) can",
      "a": [
        "b) will",
        "c) shall",
        "d) would",
        "37"
      ],
      "correct": null,
      "explain": ""
    },
    {
      "q": "98) Please remember to say, \"Thank you,\" and \"You're welcome\", when …...........to the host",
      "a": [
        "a) speaking",
        "b) you speaking",
        "c) are speaking",
        "d) was speaking"
      ],
      "correct": null,
      "explain": ""
    },
    {
      "q": "99) Mr. Brown: What are you doing?                Mr. Davis: I'm............ my car.",
      "a": [
        "a) fix",
        "b) fixing",
        "c) fixen",
        "d) fixed"
      ],
      "correct": null,
      "explain": ""
    },
    {
      "q": "100) Female lions …...........…. two thirds of their adult size by the time they are two years old.",
      "a": [
        "a) reach",
        "b) reached",
        "c) have reach",
        "d) are reaching"
      ],
      "correct": null,
      "explain": ""
    }
  ]
}