{
  "model": 36,
  "title": "النموذج 36",
  "questions": [
    {
      "q": "If it rains tomorrow, I -------------  my raincoat.",
      "a": [
        "wear",
        "am wear",
        "will wear",
        "going to wear"
      ],
      "correct": null,
      "explain": ""
    },
    {
      "q": "أكاديمية ستيب المجانية               https://t.me/stepacademy                  مؤسس األكاديمية المهندس أنور",
      "a": [
        "207",
        "Now it is 10:00 PM. The train .............. at 11:00 pm",
        "arriving",
        "arrived"
      ],
      "correct": null,
      "explain": ""
    },
    {
      "q": "has arrived",
      "a": [
        "will arrive",
        "If you promise to keep a secret, I ............ you what happened.",
        "tell",
        "telling"
      ],
      "correct": null,
      "explain": ""
    },
    {
      "q": "will tell",
      "a": [
        "would tell",
        "Which of the following sentences has the CORRECT WORD ORDER?",
        "He burned incense so that his house would smell nice, for an hour in the morning, through the rest of the day.",
        "So that his house would smell nice, he burned incense for an hour in the morning, through the rest of the day."
      ],
      "correct": null,
      "explain": ""
    },
    {
      "q": "Through the rest of the day he burned incense for an hour in the morning so that his house would smell nice.",
      "a": [
        "He burned incense for an hour in the morning so that his house would smell nice through the rest of the day.",
        "There is still ...................... money left in my pocket. I have about five dollars or so.",
        "a few",
        "a lot"
      ],
      "correct": null,
      "explain": ""
    },
    {
      "q": "Which sentence has the CORRECT WORD ORDER?",
      "a": [
        "I drink Pepsi never late at night.",
        "I drink never Pepsi late at night.",
        "I never drink Pepsi late at night.",
        "Never I drink Pepsi late at night."
      ],
      "correct": null,
      "explain": ""
    },
    {
      "q": "In which sentence is all CAPITALIZATION correct?",
      "a": [
        "The boy and his father came home late.",
        "The Boy and his father came home late.",
        "The boy and his Father came home late.",
        "The Boy and his Father came home late."
      ],
      "correct": null,
      "explain": ""
    },
    {
      "q": "أكاديمية ستيب المجانية               https://t.me/stepacademy                  مؤسس األكاديمية المهندس أنور",
      "a": [
        "208",
        "Choose the CORRECT RDER to make the following sentences into a paragraph:",
        "(1) Later that week, her manager called her and said that she had given the best presentation in the history of the",
        "company."
      ],
      "correct": null,
      "explain": ""
    },
    {
      "q": "(2) when she stood up to give her presentation, she was nervous but confident that she had prepared well.",
      "a": [
        "(3) All her colleagues were really proud of her.",
        "(4) She made sure to sleep early on the night before the presentation so that she would be well rested and focused.",
        "(5) Helen worked really hard on her latest presentation at work that was coming up.",
        "(3), (4), (2) , (1), (5)"
      ],
      "correct": null,
      "explain": ""
    },
    {
      "q": "(3), (5), (4) , (2), (1)",
      "a": [
        "(5) , (4), (2) , (1), (3)",
        "(5) , (4), (3) , (2), (1)",
        "If Bob's late for work one more time, he .........................  his job.",
        "will lose"
      ],
      "correct": null,
      "explain": ""
    },
    {
      "q": "would lose",
      "a": [
        "has lost",
        "had lost",
        "Mike ....................  be so rude to his neighbour. I have to tell him.",
        "shouldn't"
      ],
      "correct": null,
      "explain": ""
    },
    {
      "q": "wouldn't",
      "a": [
        "doesn't",
        "hasn't",
        "My parents have been married ................... fifty years.",
        "during"
      ],
      "correct": null,
      "explain": ""
    },
    {
      "q": "I just saw your brother in the hospital.    ............................ happened to him?",
      "a": [
        "Who",
        "What",
        "Whom",
        "Where"
      ],
      "correct": null,
      "explain": ""
    },
    {
      "q": "أكاديمية ستيب المجانية               https://t.me/stepacademy                  مؤسس األكاديمية المهندس أنور",
      "a": [
        "209",
        "The man .............. we just met is our new boss.",
        "which",
        "whose"
      ],
      "correct": null,
      "explain": ""
    },
    {
      "q": "This book .................. by a famous English writer in 1603",
      "a": [
        "wrote",
        "is written",
        "was written",
        "writes"
      ],
      "correct": null,
      "explain": ""
    },
    {
      "q": "Before he  ................... a decision, Ted checked all the facts.",
      "a": [
        "had made",
        "made",
        "has made",
        "makes"
      ],
      "correct": null,
      "explain": ""
    },
    {
      "q": "I miss my best friend. If only he ..............  here with me!",
      "a": [
        "were",
        "had been",
        "will be",
        "is"
      ],
      "correct": null,
      "explain": ""
    },
    {
      "q": "Your father drives a Bentley! What ................. for a living?",
      "a": [
        "is he do",
        "does he do",
        "does he",
        "is he"
      ],
      "correct": null,
      "explain": ""
    },
    {
      "q": "I'm so happy my father stopped ....................... He used to smoke 40 cigarettes a day.",
      "a": [
        "to smoke",
        "to smoking",
        "smoking",
        "smoke"
      ],
      "correct": null,
      "explain": ""
    },
    {
      "q": "I know you didn't break the window. It .................... by Emma's sister.",
      "a": [
        "broke",
        "broken",
        "is broken",
        "was broken"
      ],
      "correct": null,
      "explain": ""
    },
    {
      "q": "أكاديمية ستيب المجانية               https://t.me/stepacademy                  مؤسس األكاديمية المهندس أنور",
      "a": [
        "210",
        "I'm afraid you’re late for dinner. All the food has  .........................",
        "been eaten",
        "been eating"
      ],
      "correct": null,
      "explain": ""
    },
    {
      "q": "My father is a vegetarian. He eats .................. meat nor fish.",
      "a": [
        "nor",
        "both",
        "either",
        "neither"
      ],
      "correct": null,
      "explain": ""
    },
    {
      "q": "If I spoke French, I .................. help the people, but I only speak English.",
      "a": [
        "can",
        "could",
        "must",
        "will"
      ],
      "correct": null,
      "explain": ""
    },
    {
      "q": "If Cathy had not spent all her money, she ......................... to borrow 20 dollars from me.",
      "a": [
        "hadn't had",
        "won't have had",
        "wouldn't have had",
        "hasn't had"
      ],
      "correct": null,
      "explain": ""
    },
    {
      "q": "My brother and I had an argument last night. He said he ...................... to me again.",
      "a": [
        "never spoke",
        "never speaks",
        "has never spoken",
        "would never speak"
      ],
      "correct": null,
      "explain": ""
    },
    {
      "q": "While my wife and I were in Austria last winter, we .................. skiing in the mountains.",
      "a": [
        "gone",
        "have gone",
        "are going",
        "went"
      ],
      "correct": null,
      "explain": ""
    },
    {
      "q": "Chris has lived in his house all his life. He seems ..............  everyone in the neighborhood.",
      "a": [
        "that he know",
        "to know",
        "knowing",
        "to be known"
      ],
      "correct": null,
      "explain": ""
    },
    {
      "q": "أكاديمية ستيب المجانية               https://t.me/stepacademy                  مؤسس األكاديمية المهندس أنور",
      "a": [
        "211",
        "I am really busy now, but I will join you guys ..................... fifteen minutes.",
        "by",
        "over"
      ],
      "correct": null,
      "explain": ""
    },
    {
      "q": "during",
      "a": [
        "in",
        "My colleagues made me .................. for them on my birthday.",
        "to sing",
        "sing"
      ],
      "correct": null,
      "explain": ""
    },
    {
      "q": "singing",
      "a": [
        "Which sentence has the CORRECT WORD ORDER?",
        "Ahmad went to the British Embassy to get a",
        "document approved, but when he arrived, he was not",
        "allowed in because he had not made an appointment"
      ],
      "correct": null,
      "explain": ""
    },
    {
      "q": "first.",
      "a": [
        "But when he arrived, Ahmad went to the British",
        "Embassy to get a document approved, he was not",
        "allowed in because he had not made an appointment",
        "first."
      ],
      "correct": null,
      "explain": ""
    },
    {
      "q": "He was not allowed in because he had not made an",
      "a": [
        "appointment first, but when he arrived, Ahmad went",
        "to the British Embassy to get a document approved.",
        "When he arrived he was not allowed in, but because",
        "he had not made an appointment first, Ahmad went"
      ],
      "correct": null,
      "explain": ""
    },
    {
      "q": "to the British Embassy to get a document approved.",
      "a": [
        "In which sentence is all PUNCTUATION correct?",
        "Some people enjoy visiting museums during their",
        "holidays there are some things that you should think",
        "about when going to a museum including opening"
      ],
      "correct": null,
      "explain": ""
    },
    {
      "q": "times guided tours and where to eat lunch.",
      "a": [
        "Some people enjoy visiting museums during their",
        "holidays, there are some things that you should think",
        "about when going to a museum, including opening",
        "times guided tours and where to eat lunch."
      ],
      "correct": null,
      "explain": ""
    },
    {
      "q": "Some people enjoy visiting museums during their",
      "a": [
        "holidays. There are some things that you should",
        "think about when going to a museum including",
        "opening times, guided tours, and where to eat lunch.",
        "212"
      ],
      "correct": null,
      "explain": ""
    },
    {
      "q": "Some people enjoy visiting museums during their",
      "a": [
        "holidays: there are some things that you should think",
        "about when going to a museum including, opening",
        "times, guided tours, and, where to eat lunch.",
        "-To which sentence can we add the following clause?"
      ],
      "correct": null,
      "explain": ""
    },
    {
      "q": "................................................  because he never had enough money.",
      "a": [
        "(1) It had been a long time since Ken had visited his uncle in their hometown.",
        "(2) Now he was not feeling well and he knew he must go to visit him.",
        "(3) Arriving after the long and tiring trip, he saw his uncle's face light up and he began to feel much stronger.",
        "(4) His visit had been better than any medicine."
      ],
      "correct": null,
      "explain": ""
    },
    {
      "q": "Karen didn't understand the task her manager gave her ............... she kept asking for more information.",
      "a": [
        "because",
        "for",
        "if",
        "so"
      ],
      "correct": null,
      "explain": ""
    },
    {
      "q": "My sister doesn't speak French.    ..............................",
      "a": [
        "So does my brother",
        "Neither does my brother",
        "So doesn't my brother",
        "Neither doesn't my brother"
      ],
      "correct": null,
      "explain": ""
    },
    {
      "q": "Which one of the underlined words or phrases is INCORRECT?",
      "a": [
        "The lost watch was finded  in the last place you would think of. It was a happy end to a sad story.",
        "was",
        "finded",
        "last"
      ],
      "correct": null,
      "explain": ""
    },
    {
      "q": "أكاديمية ستيب المجانية               https://t.me/stepacademy                  مؤسس األكاديمية المهندس أنور",
      "a": [
        "213",
        "If she had more talent, she …………. in art school.",
        "enrolls",
        "would enroll"
      ],
      "correct": null,
      "explain": ""
    },
    {
      "q": "had enrolled",
      "a": [
        "is going to enroll",
        "In the game of Monopoly, if a player gets a \"go to jail card\", he …....... directly to jail.",
        "must going",
        "must to go"
      ],
      "correct": null,
      "explain": ""
    },
    {
      "q": "must go",
      "a": [
        "must",
        "Mr. Amir, …………. the students call Uncle Amir, taught the boys physical education several times a week.",
        "he",
        "him"
      ],
      "correct": null,
      "explain": ""
    },
    {
      "q": "If I ………….. more time, I ………….. more languages.",
      "a": [
        "had / learn",
        "have / learn",
        "had / would learn",
        "have / would learn"
      ],
      "correct": null,
      "explain": ""
    }
  ]
}