{
  "model": 23,
  "title": "النموذج 23",
  "questions": [
    {
      "q": "61. A: Do …………… live in Riyadh? B: Yes, they do.",
      "a": [
        "A) Ahmeds parent’s",
        "B) Ahmed's parents",
        "C) Ahmed's parent’s",
        "D) Ahmeds parents"
      ],
      "correct": null,
      "explain": ""
    },
    {
      "q": "62. I do not like university as ……………. as I liked high school.",
      "a": [
        "A) plenty",
        "B) many",
        "C) much",
        "D) more"
      ],
      "correct": null,
      "explain": ""
    },
    {
      "q": "أكاديمية ستيب المجانية               https://t.me/stepacademy                  مؤسس األكاديمية المهندس أنور",
      "a": [
        "128",
        "63. Mr. Brown is a professor, but he does not own ...… of books.",
        "A) large amount",
        "B) too much"
      ],
      "correct": null,
      "explain": ""
    },
    {
      "q": "C) a lot",
      "a": [
        "D) so much",
        "64. Mike ……………..… a great writer when he was young.",
        "A) used to be",
        "B) is used to be"
      ],
      "correct": null,
      "explain": ""
    },
    {
      "q": "C) is used to",
      "a": [
        "D) uses to be",
        "65. Paul studied Accounting for a year before he …. to Marketing.",
        "A) changes",
        "B) is changing"
      ],
      "correct": null,
      "explain": ""
    },
    {
      "q": "C) changed",
      "a": [
        "D) has changed",
        "66. I ………………… without a break since six o'clock this morning.",
        "A) study",
        "B) am studying"
      ],
      "correct": null,
      "explain": ""
    },
    {
      "q": "C) have been studying",
      "a": [
        "D) had studied",
        "67. Excuse me, …... you please show me the way to the auditorium?",
        "A) shall",
        "B) should"
      ],
      "correct": null,
      "explain": ""
    },
    {
      "q": "C) would",
      "a": [
        "D) must",
        "68. If you want to be a doctor you … hard for many years.",
        "A) must studying",
        "B) must"
      ],
      "correct": null,
      "explain": ""
    },
    {
      "q": "C) must study",
      "a": [
        "D) must to study",
        "69. If you read chapter 6 in the book, you ….… tomorrow's lecture much better.",
        "A) understood",
        "B) had understood"
      ],
      "correct": null,
      "explain": ""
    },
    {
      "q": "C) will understand",
      "a": [
        "D) would understand",
        "129",
        "70. If Bob passes his final exam, he …….. with his family.",
        "A) celebrated"
      ],
      "correct": null,
      "explain": ""
    },
    {
      "q": "B) had celebrated",
      "a": [
        "C) will celebrate",
        "D) would celebrate",
        "71. I actually … to study Physics when I was in high school.",
        "A) want"
      ],
      "correct": null,
      "explain": ""
    },
    {
      "q": "B) wanted",
      "a": [
        "C) have wanted",
        "D) had wanted",
        "72. I drank several cups of tea while I ……….. this essay.",
        "A) have written"
      ],
      "correct": null,
      "explain": ""
    },
    {
      "q": "B) wrote",
      "a": [
        "C) write",
        "D) was writing",
        "73. Hey, …… took my pen!",
        "A) whose"
      ],
      "correct": null,
      "explain": ""
    },
    {
      "q": "B) which",
      "a": [
        "C) who",
        "D) whom",
        "74. Your English is excellent. Where …… you learn it?",
        "A) are"
      ],
      "correct": null,
      "explain": ""
    },
    {
      "q": "B) were",
      "a": [
        "C) have",
        "D) did",
        "75. Mr. Hill has been working in the library …… six hours without taking a break.",
        "A) for"
      ],
      "correct": null,
      "explain": ""
    },
    {
      "q": "B) from",
      "a": [
        "C) since",
        "D) during",
        "76. Kate's favorite subject is math. …… one is yours?",
        "A) This"
      ],
      "correct": null,
      "explain": ""
    },
    {
      "q": "B) What",
      "a": [
        "C) Which",
        "D) That",
        "130",
        "77. Ben: Do you have time to read the newspaper? Ted: Yes, I read …………………. every day."
      ],
      "correct": null,
      "explain": ""
    },
    {
      "q": "A) those",
      "a": [
        "B) it",
        "C) him",
        "D) these",
        "78. Our teacher likes to ask us deep questions to make us … about life."
      ],
      "correct": null,
      "explain": ""
    },
    {
      "q": "A) thought",
      "a": [
        "B) to think",
        "C) thinking",
        "D) think.",
        "79. Don't rush when …… courses for next term."
      ],
      "correct": null,
      "explain": ""
    },
    {
      "q": "A) choosing",
      "a": [
        "B) you choosing",
        "C) are choosing",
        "D) was choosing",
        "80. Ted is in the university cafeteria; he …… want us to pick him up from there."
      ],
      "correct": null,
      "explain": ""
    },
    {
      "q": "A) must to",
      "a": [
        "B) must",
        "C) could",
        "D) might",
        "81. University is much easier for a student …… speaks English."
      ],
      "correct": null,
      "explain": ""
    },
    {
      "q": "A) whose",
      "a": [
        "B) who",
        "C) who he",
        "D) he",
        "82. Amy told me she has no idea where ……"
      ],
      "correct": null,
      "explain": ""
    },
    {
      "q": "A) is located the teachers' office.",
      "a": [
        "B) is the teacher's office located.",
        "C) the teacher's office located is.",
        "D) the teacher's office is located.",
        "83. Cathy said her teacher ... at 5:30, but she actually came at 6:30."
      ],
      "correct": null,
      "explain": ""
    },
    {
      "q": "A) comes",
      "a": [
        "B) coming",
        "C) has come",
        "D) would come",
        "131"
      ],
      "correct": null,
      "explain": ""
    },
    {
      "q": "84. If Muhammed …… hard he would become a great Engineer.",
      "a": [
        "A) studied",
        "B) will study",
        "C) had studies",
        "D) studies"
      ],
      "correct": null,
      "explain": ""
    },
    {
      "q": "85. Teachers should….…before the start of the term to make sure classes can start.",
      "a": [
        "A) hire",
        "B) hiring",
        "C) be hire",
        "D) be hired"
      ],
      "correct": null,
      "explain": ""
    },
    {
      "q": "86. The students …… a new way to process water for six months now.",
      "a": [
        "A) develop",
        "B) are developing",
        "C) have developed",
        "D) have been developing"
      ],
      "correct": null,
      "explain": ""
    },
    {
      "q": "87. I didn't know that neither Mr. Hill …… Mr. Smith is from America. They are both British.",
      "a": [
        "A) neither",
        "B) either",
        "C) also",
        "D) nor"
      ],
      "correct": null,
      "explain": ""
    },
    {
      "q": "88. I'm ready to submit my term paper. I …… on it for a month.",
      "a": [
        "A) have been working",
        "B) had worked",
        "C) am working",
        "D) work"
      ],
      "correct": null,
      "explain": ""
    },
    {
      "q": "89. If Mrs. Nora …… more, her lecture would have been much better.",
      "a": [
        "A) had prepared",
        "B) has prepared",
        "C) prepared",
        "D) prepare"
      ],
      "correct": null,
      "explain": ""
    },
    {
      "q": "90. Which of the sentences has the CORRECT WORD ORDER?",
      "a": [
        "A) Did you have fun at the beach?",
        "B) At the beach, fun did you have?",
        "C) At the beach, have fun you did?",
        "D Did at the beach have fun you?"
      ],
      "correct": null,
      "explain": ""
    },
    {
      "q": "أكاديمية ستيب المجانية               https://t.me/stepacademy                  مؤسس األكاديمية المهندس أنور",
      "a": [
        "132",
        "91. Which of the following words is spelled the same as the word in the box? (Company)",
        "A) conpany",
        "B) conpemy"
      ],
      "correct": null,
      "explain": ""
    },
    {
      "q": "C) company",
      "a": [
        "D) compony",
        "92. Which sentence las CORRECT PUNCTUATION?",
        "A) Ali's car was making strange noises, so he called his mechanic.",
        "B) Ali's car, was making strange noises, so he called his mechanic."
      ],
      "correct": null,
      "explain": ""
    },
    {
      "q": "C) Ali's car's was making strange, noises so he called his mechanic.",
      "a": [
        "D) Ali's car was making strange noises: so he called his mechanic.",
        "93. Choose the BEST WAY to make the sentences into a paragraph.",
        "(1) Go straight past the internet cafe, and then turn right.",
        "(2) To get to the bank, walk straight, across the park, and then turn left."
      ],
      "correct": null,
      "explain": ""
    },
    {
      "q": "(3) It is the first place on your left.",
      "a": [
        "(4) Walk straight down that street and then turn left again.",
        "A) (1), (3), (2), (4).",
        "B) (1), (2), (4), (3).",
        "C) (2), (4), (1), (3)."
      ],
      "correct": null,
      "explain": ""
    },
    {
      "q": "D) (2), (1), (3), (4).",
      "a": [
        "94. Which sentence has the CORRECT WORD ORDER?",
        "A) A ring always wears Sami.",
        "B) Always Sami a ring wears.",
        "C) Wears Sami a ring always."
      ],
      "correct": null,
      "explain": ""
    },
    {
      "q": "D) Sami always wears a ring.",
      "a": [
        "95. Which of the underlined words or phrases is INCORRECT?",
        "Khalid and Abdullah is happy when  they have free time and can play football .",
        "A) is.",
        "B) when."
      ],
      "correct": null,
      "explain": ""
    },
    {
      "q": "C) can.",
      "a": [
        "D) football.",
        "96. In which sentence is the CAPITALIZATION correct?",
        "A) Last Summer, Jim's uncle took a tour of almost every Continent and saw some of the greatest Landmarks in the",
        "World, like the Taj Mahal in India and the Eiffel tower in Paris."
      ],
      "correct": null,
      "explain": ""
    },
    {
      "q": "B) Last Summer, Jim's Uncle took a tour of almost every Continent and saw some of the Greatest Landmarks in the",
      "a": [
        "World, like The Taj Mahal in India and The Eiffel Tower in Paris.",
        "C) Last summer, Jim's uncle took a tour of almost every continent and saw some of the greatest landmarks in the",
        "world, like the Taj Mahal in India, and the Eiffel Tower in Paris.",
        "133"
      ],
      "correct": null,
      "explain": ""
    },
    {
      "q": "D) last summer, Jim's Uncle took a tour of almost every continent and saw some of the greatest Landmarks in the",
      "a": [
        "World, like the Taj Mahal in India and the Eiffel tower in Paris.",
        "97. In which sentence is all PUNCTUATION correct?",
        "A) What a beautiful day it is? Let's go outside to have a picnic.",
        "B) What a beautiful day it is. Let's go outside to have a picnic."
      ],
      "correct": null,
      "explain": ""
    },
    {
      "q": "C) What a beautiful day it is! Let's go outside to have a picnic.",
      "a": [
        "D) What a beautiful day it is. Lets go outside to have a picnic.",
        "98. Choose the CORRECT ORDER to make the following sentences into a paragraph:",
        "(1) The girls ran upstairs to play in their room.",
        "(2) She finally went up to look for them upstairs."
      ],
      "correct": null,
      "explain": ""
    },
    {
      "q": "(3) Their mother did not realize where they had gone.",
      "a": [
        "(4) Later, when she called for them, they did not respond.",
        "(5) When she found them, she discovered they had fallen asleep while playing.",
        "A) (1) (3) (2) (5) (4).",
        "B) (1) (3) (4) (2) (5)."
      ],
      "correct": null,
      "explain": ""
    },
    {
      "q": "C) (1) (4) (2) (5) (3).",
      "a": [
        "D) (1) (5) (3) (4) (2).",
        "99. Which of the underlined words or phrases is INCORRECT?",
        "Even when John was in elementary school, to read  about medicine and learning about diseases and their treatments",
        "had interested  him."
      ],
      "correct": null,
      "explain": ""
    },
    {
      "q": "A) was",
      "a": [
        "B) to read",
        "C) their treatments",
        "D) had interested",
        "100- which of the underlined words or phrases is incorrect?"
      ],
      "correct": null,
      "explain": ""
    },
    {
      "q": "He still has much  things to do before he can go on vacation - if he doesn’t hurry up, he will miss the airplane.",
      "a": [
        "A) much",
        "B) on",
        "C) up",
        "D) will"
      ],
      "correct": null,
      "explain": ""
    }
  ]
}