{
  "model": 33,
  "title": "النموذج 33",
  "questions": [
    {
      "q": "If it rains tomorrow, I -------------  my raincoat.",
      "a": [
        "wear",
        "am wear",
        "will wear",
        "going to wear"
      ],
      "correct": null,
      "explain": ""
    },
    {
      "q": "Now it is 10:00 PM. The train .............. at 11:00 pm",
      "a": [
        "arriving",
        "arrived",
        "has arrived",
        "will arrive"
      ],
      "correct": null,
      "explain": ""
    },
    {
      "q": "If you promise to keep a secret, I ............ you what happened.",
      "a": [
        "tell",
        "telling",
        "will tell",
        "would tell"
      ],
      "correct": null,
      "explain": ""
    },
    {
      "q": "أكاديمية ستيب المجانية               https://t.me/stepacademy                  مؤسس األكاديمية المهندس أنور",
      "a": [
        "189",
        "Which of the following sentences has the CORRECT WORD ORDER?",
        "He burned incense so that his house would smell nice, for an hour in the morning, through the rest of the day.",
        "So that his house would smell nice, he burned incense for an hour in the morning, through the rest of the day."
      ],
      "correct": null,
      "explain": ""
    },
    {
      "q": "Through the rest of the day he burned incense for an hour in the morning so that his house would smell nice.",
      "a": [
        "He burned incense for an hour in the morning so that his house would smell nice through the rest of the day.",
        "I want to buy a car ……….. get a job as a driver.",
        "for to",
        "and for"
      ],
      "correct": null,
      "explain": ""
    },
    {
      "q": "so that to",
      "a": [
        "in order to",
        "Which one of the underlined words or phrases is INNCORRECT?",
        "Lisa forgot  where she have  put her handbag when  she came  to see me yesterday.",
        "forgot"
      ],
      "correct": null,
      "explain": ""
    },
    {
      "q": "Mark came to Ben’s office……….. the evening.",
      "a": [
        "with",
        "to",
        "on",
        "in"
      ],
      "correct": null,
      "explain": ""
    },
    {
      "q": "- …………. Mr. Carter was actually quite sick; he came to the office this morning.",
      "a": [
        "Even",
        "In case",
        "Although",
        "In spite of"
      ],
      "correct": null,
      "explain": ""
    },
    {
      "q": "England played a very good game, ……………. Brazil was able to win the match.",
      "a": [
        "so",
        "but",
        "and",
        "because"
      ],
      "correct": null,
      "explain": ""
    },
    {
      "q": "أكاديمية ستيب المجانية               https://t.me/stepacademy                  مؤسس األكاديمية المهندس أنور",
      "a": [
        "190",
        "Fatima is not ………….. Mona",
        "as tall as",
        "as tall like"
      ],
      "correct": null,
      "explain": ""
    },
    {
      "q": "like tall like",
      "a": [
        "like tall as",
        "It’s important …………. Children how to behave from a very young age.",
        "teach",
        "teaching"
      ],
      "correct": null,
      "explain": ""
    },
    {
      "q": "will teach",
      "a": [
        "to teach",
        "Matt has to get up ……….. than before because of his new job.",
        "early",
        "earlier"
      ],
      "correct": null,
      "explain": ""
    },
    {
      "q": "the earliest",
      "a": [
        "more earlier",
        "Ahmed borrowed the book yesterday, and he’s ………….. finished reading it.",
        "already",
        "ever"
      ],
      "correct": null,
      "explain": ""
    },
    {
      "q": "Ali’s father, ..……. supported Ali financially throughout his life, suddenly died yesterday.",
      "a": [
        "that",
        "who",
        "whom",
        "he"
      ],
      "correct": null,
      "explain": ""
    },
    {
      "q": "Matt failed the course because he had not done ……… homework.",
      "a": [
        "little",
        "some",
        "none",
        "any"
      ],
      "correct": null,
      "explain": ""
    },
    {
      "q": "I will go to the gym tomorrow morning if I ……… early enough.",
      "a": [
        "will get up",
        "get up",
        "got up",
        "am getting up"
      ],
      "correct": null,
      "explain": ""
    },
    {
      "q": "أكاديمية ستيب المجانية               https://t.me/stepacademy                  مؤسس األكاديمية المهندس أنور",
      "a": [
        "191",
        "If I ………. you, I would accept the offer.",
        "am",
        "were"
      ],
      "correct": null,
      "explain": ""
    },
    {
      "q": "will be",
      "a": [
        "had been",
        "If I had known you were going to be here, I wouldn’t ……..................….",
        "have come",
        "had come"
      ],
      "correct": null,
      "explain": ""
    },
    {
      "q": "Eric …………………. half an hour in the shower.",
      "a": [
        "won’t miss the plane if he didn’t spend",
        "hadn’t missed his plane if he wouldn’t have spent",
        "wouldn’t have missed his plane if he hadn’t spent",
        "didn’t miss his plane if he hadn’t spent"
      ],
      "correct": null,
      "explain": ""
    },
    {
      "q": "Adam: I thought you hated sport.",
      "a": [
        "Ben: I ………. it, but now I can’t live without it.",
        "was used to hate",
        "used to hate",
        "am used to hating"
      ],
      "correct": null,
      "explain": ""
    },
    {
      "q": "used to hating",
      "a": [
        "Excuse me, ……….. you pass the butter, please?",
        "would",
        "should",
        "shall"
      ],
      "correct": null,
      "explain": ""
    },
    {
      "q": "Since it’s raining outside, …….. you like to stay in and watch a movie?",
      "a": [
        "do",
        "will",
        "might",
        "would"
      ],
      "correct": null,
      "explain": ""
    },
    {
      "q": "أكاديمية ستيب المجانية               https://t.me/stepacademy                  مؤسس األكاديمية المهندس أنور",
      "a": [
        "192",
        "I don’t think you should ……… a large meal just before you go to bed",
        "be eaten",
        "to eat"
      ],
      "correct": null,
      "explain": ""
    },
    {
      "q": "eating",
      "a": [
        "Linda has some bad news for us, and she wants us to hear ..….. now",
        "it",
        "him",
        "them"
      ],
      "correct": null,
      "explain": ""
    },
    {
      "q": "Is this the ring …….. you found on the beach last night?",
      "a": [
        "where",
        "who",
        "that",
        "this"
      ],
      "correct": null,
      "explain": ""
    },
    {
      "q": "- …………. Linda have two children or three?",
      "a": [
        "Is",
        "Are",
        "Do",
        "Does"
      ],
      "correct": null,
      "explain": ""
    },
    {
      "q": "I still don’t understand why ……… to marry jake",
      "a": [
        "decided Mia",
        "Mia decided",
        "did Mia decide",
        "was Mia decide"
      ],
      "correct": null,
      "explain": ""
    },
    {
      "q": "Are you leaving now? I thought you said you……… going to stay till tomorrow.",
      "a": [
        "will be",
        "are",
        "were",
        "have been"
      ],
      "correct": null,
      "explain": ""
    },
    {
      "q": "أكاديمية ستيب المجانية               https://t.me/stepacademy                  مؤسس األكاديمية المهندس أنور",
      "a": [
        "193",
        "The car …….. by the German engineer carl Benz in 1886.",
        "was invented",
        "invented"
      ],
      "correct": null,
      "explain": ""
    },
    {
      "q": "is invented",
      "a": [
        "invents",
        "A lot of people talk to ………… when they’re alone.",
        "oneself",
        "himself"
      ],
      "correct": null,
      "explain": ""
    },
    {
      "q": "theirselves",
      "a": [
        "themselves",
        "Steve …………. to Saudi Arabia before. This is his first visit.",
        "was never been",
        "has never been"
      ],
      "correct": null,
      "explain": ""
    },
    {
      "q": "never was",
      "a": [
        "bever be",
        "Many different types of food are available in Riyadh. …………, you can eat food from the U.S., Japan, France, and",
        "many more places.",
        "For example"
      ],
      "correct": null,
      "explain": ""
    },
    {
      "q": "In addition",
      "a": [
        "In contrast",
        "However",
        "Choose the best way to make the following sentences into a paragraph:",
        "1- Their nice holiday would be possible at last, so they were overjoyed."
      ],
      "correct": null,
      "explain": ""
    },
    {
      "q": "2- My brother, Chris, was living in London with his family.",
      "a": [
        "3- My parents were never able to save enough to go on a nice holiday.",
        "4- He decided to invite them to come and stay with him.",
        "(3), (2), (4), (1).",
        "(4), (1), (3), (2)."
      ],
      "correct": null,
      "explain": ""
    },
    {
      "q": "(1), (4), (2), (3).",
      "a": [
        "(4), (3), (2), (1).",
        "194",
        "Which sentence has the CORRECT WORD ORDER?",
        "The Royal Museum in the 1850s opened the British government called the first public library."
      ],
      "correct": null,
      "explain": ""
    },
    {
      "q": "In the 1850s, the British government opened the first public library, called The Royal Museum.",
      "a": [
        "The Royal Museum opened the British government called the first public library, in the 1850s",
        "Opened the British government called the Royal Museum the first public library, in the 1850s.",
        "Mona speaks Spanish fluently, ……………. her brother’s Spanish is very weak.",
        "but"
      ],
      "correct": null,
      "explain": ""
    },
    {
      "q": "therefore",
      "a": [
        "Which phrase correctly replaces the INCORRECT underlined phrase?",
        "ما العبارة التي تحل محل العبارة غير الصحيحة التي تحتهاخط؟",
        "Dave: I repaired my own car last week.",
        "Steve: Really? Have you be a repair person     تحت تهذا الرد خطأ و يبغى الرد الصحيح من االختيارا"
      ],
      "correct": null,
      "explain": ""
    },
    {
      "q": "Have you been repairing a car",
      "a": [
        "Were you ever repaired a car",
        "Have you ever repaired a car           هذه اإلجابة الصحيحة",
        "Are you repairing a car",
        "If she had more talent, she ……….. in art school."
      ],
      "correct": null,
      "explain": ""
    },
    {
      "q": "enrolls",
      "a": [
        "would enroll",
        "had enrolled",
        "is going to enroll",
        "In the game of Monopoly, if a player gets a \"go to jail card\", he…...directly to jail."
      ],
      "correct": null,
      "explain": ""
    },
    {
      "q": "must going",
      "a": [
        "must to go",
        "must go",
        "must",
        "195"
      ],
      "correct": null,
      "explain": ""
    },
    {
      "q": "Mr. Amir, …………. the students call Uncle Amir, taught the boys physical education several times a week.",
      "a": [
        "he",
        "him",
        "whom",
        "which"
      ],
      "correct": null,
      "explain": ""
    },
    {
      "q": "If I ………….. more time, I ………….. more languages.",
      "a": [
        "had / learn",
        "have / learn",
        "had / would learn",
        "have / would learn"
      ],
      "correct": null,
      "explain": ""
    }
  ]
}