{
  "model": 28,
  "title": "النموذج 28",
  "questions": [
    {
      "q": "61. If it rains tomorrow, I .................... my raincoat.",
      "a": [
        "wear",
        "am wear",
        "will wear",
        "going to wear"
      ],
      "correct": null,
      "explain": ""
    },
    {
      "q": "62. Adam …………… a book now.",
      "a": [
        "(A) reads",
        "(B) reading",
        "(C) is reads",
        "(D) is reading"
      ],
      "correct": null,
      "explain": ""
    },
    {
      "q": "63. When I go to King Saud University Library, I usually ………………",
      "a": [
        "(A) am studying",
        "(B) will study",
        "(C) studied",
        "(D) study"
      ],
      "correct": null,
      "explain": ""
    },
    {
      "q": "أكاديمية ستيب المجانية               https://t.me/stepacademy                  مؤسس األكاديمية المهندس أنور",
      "a": [
        "159",
        "64. Which one of the underlined words or phrases is INCORRECT?",
        "I don't had enough money to buy  a bus ticket, so I'll have to  walk to school today.",
        "(A) had"
      ],
      "correct": null,
      "explain": ""
    },
    {
      "q": "(B) to buy",
      "a": [
        "(C) so",
        "(D) have to",
        "65) In which of the following sentences is all PUNCTUATION correct?",
        "a) After all, the office's are finished, whos' going to have the biggest room?"
      ],
      "correct": null,
      "explain": ""
    },
    {
      "q": "b) After all the offices are finished, who's going to have the biggest room.",
      "a": [
        "c) After all the offices are finished, who's going to have the biggest room?",
        "d) After all, the offices are finished, whos going to have the biggest room.",
        "66) In which sentence is all PUNCTUATION correct?",
        "a) Some people enjoy visiting museums during their holidays there are some things that you should think about"
      ],
      "correct": null,
      "explain": ""
    },
    {
      "q": "when going to a museum including opening times guided tours  and where to eat launch.",
      "a": [
        "b) Some people enjoy visiting museums during their holidays, there are some things that you should think about",
        "when going to a museum, including opening times guided tours and where to eat launch.",
        "c) Some people enjoy visiting museums during their holidays. There are some things that you should think about",
        "when going to a museum including opening times, guided tours, and where to eat launch."
      ],
      "correct": null,
      "explain": ""
    },
    {
      "q": "d) Some people enjoy visiting museums during their holidays: there are some things that you should think about",
      "a": [
        "when going to a museum including, opening times, guided tours, and, where to eat launch.",
        "67) Which sentence has the CORRECT WORD ORDER?",
        "a) I drink Pepsi never late at night.",
        "b) I drink never Pepsi late at night."
      ],
      "correct": null,
      "explain": ""
    },
    {
      "q": "c) I never drink Pepsi late at night.",
      "a": [
        "d) Never I drink Pepsi late at night.",
        "68) In Which sentence is all CAPITALIZATION correct?",
        "a) The boy and his father came home late.",
        "b) The Boy and his father came home late."
      ],
      "correct": null,
      "explain": ""
    },
    {
      "q": "c) The boy and his Father came home late.",
      "a": [
        "d) The Boy and his Father came home late.",
        "69) Choose the CORRECT ORDER to make the following sentences into a paragraph:",
        "(1) Later that week, her manager called her and said that she had given the best presentation in the history of the",
        "company."
      ],
      "correct": null,
      "explain": ""
    },
    {
      "q": "(2) When she stood up to give her presentation, she was nervous but confident that she had prepared well.",
      "a": [
        "(3) All her colleagues were really proud of her.",
        "(4) She made sure to sleep early on the night before the presentation so that she would be well rested and focused.",
        "(5) Helen worked really hard on her latest presentation at work that was coming up.",
        "160"
      ],
      "correct": null,
      "explain": ""
    },
    {
      "q": "a) (3), (4), (2), (1), (5).",
      "a": [
        "b) (3), (5), (4), (2), (1).",
        "c) (5), (4), (2), (1), (3).",
        "d) (5), (4), (3), (2), (1).",
        "70) There is still ……….. money left in my pocket. I have about five dollars or so."
      ],
      "correct": null,
      "explain": ""
    },
    {
      "q": "a) a few",
      "a": [
        "b) a lot",
        "c) some",
        "d) any",
        "71) If Bob’s late for work one more time, he ……. his job."
      ],
      "correct": null,
      "explain": ""
    },
    {
      "q": "a) will lose",
      "a": [
        "b) would lose",
        "c) has lost",
        "d) had lost",
        "72) Mike …….. be so rude to his neighbour. I have to tell him."
      ],
      "correct": null,
      "explain": ""
    },
    {
      "q": "a) shouldn’t",
      "a": [
        "b) wouldn’t",
        "c) doesn’t",
        "d) hasn’t",
        "73) My parents have been married ….. fifty years."
      ],
      "correct": null,
      "explain": ""
    },
    {
      "q": "a) during",
      "a": [
        "b) since",
        "c) from",
        "d) for",
        "74) I just saw your brother in the hospital. …..… happened to him?"
      ],
      "correct": null,
      "explain": ""
    },
    {
      "q": "a) who",
      "a": [
        "b) what",
        "c) whom",
        "d) where",
        "75) The man ……… we just met is our new boss."
      ],
      "correct": null,
      "explain": ""
    },
    {
      "q": "a) which",
      "a": [
        "b) whose",
        "c) whom",
        "d) what",
        "161"
      ],
      "correct": null,
      "explain": ""
    },
    {
      "q": "76) The teacher was in a bad mood and spoke to everyone …………………",
      "a": [
        "(A) aggressive",
        "(B) aggressiveness",
        "(C) aggressively",
        "(D) aggression"
      ],
      "correct": null,
      "explain": ""
    },
    {
      "q": "77) This book …… ....... . By a famous English written in 1603.",
      "a": [
        "a) wrote",
        "b) is written",
        "c) was written",
        "d) writes"
      ],
      "correct": null,
      "explain": ""
    },
    {
      "q": "78) Before he … ......…. a decision, Ted checked all the facts.",
      "a": [
        "a) had made",
        "b) made",
        "c) has made",
        "d) makes"
      ],
      "correct": null,
      "explain": ""
    },
    {
      "q": "79) I miss my best friend. If only he ……. Here with me!",
      "a": [
        "a) were",
        "b) had been",
        "c) will be",
        "d) is"
      ],
      "correct": null,
      "explain": ""
    },
    {
      "q": "80) Your father drives a Bentley! What ……. for a living?",
      "a": [
        "a) is he do",
        "b) does he do",
        "c) does he",
        "d) is he"
      ],
      "correct": null,
      "explain": ""
    },
    {
      "q": "81) I’m so happy my father stopped ……… . He used to smoke 40 cigarettes a day.",
      "a": [
        "a) to smoke",
        "b) wo smoking",
        "c) smoking",
        "d) smoke"
      ],
      "correct": null,
      "explain": ""
    },
    {
      "q": "82) I know you didn’t break the window. It …….. by Emma’s sister.",
      "a": [
        "a) broke",
        "b) broken",
        "c) is broken",
        "d) was broken"
      ],
      "correct": null,
      "explain": ""
    },
    {
      "q": "أكاديمية ستيب المجانية               https://t.me/stepacademy                  مؤسس األكاديمية المهندس أنور",
      "a": [
        "162",
        "83) I’m afraid you’re late for dinner. All the food has ……… .",
        "a) been taken",
        "b) been eating"
      ],
      "correct": null,
      "explain": ""
    },
    {
      "q": "c) eaten",
      "a": [
        "d) ate",
        "84) My father is a vegetarian. He eats …….. meat nor fish.",
        "a) nor",
        "b) both"
      ],
      "correct": null,
      "explain": ""
    },
    {
      "q": "c) either",
      "a": [
        "d) neither",
        "85) If I spoke French, I …… ....… help the people, but I only speak English.",
        "a) can",
        "b) could"
      ],
      "correct": null,
      "explain": ""
    },
    {
      "q": "c) must",
      "a": [
        "d) will",
        "86) If Cathy had not spent all her money, she … ....... …. to borrow 20 dollars from me.",
        "a) hadn’t had",
        "b) won’t have had"
      ],
      "correct": null,
      "explain": ""
    },
    {
      "q": "c) wouldn’t have had",
      "a": [
        "d) hasn’t had",
        "87) My brother and I had an argument last night. He said he … ....…… to me again.",
        "a) never spoke",
        "b) never speaks"
      ],
      "correct": null,
      "explain": ""
    },
    {
      "q": "c) has never spoken",
      "a": [
        "d) would never speak",
        "88) While my wife and I were in Austria last winter, we ……… skiing in the mountains.",
        "a) gone",
        "b) have gone"
      ],
      "correct": null,
      "explain": ""
    },
    {
      "q": "c) are going",
      "a": [
        "d) went",
        "89) Chris has lived in his house all his life. He seems ……. Everyone in the neighbourhood.",
        "a) that he know",
        "b) to know"
      ],
      "correct": null,
      "explain": ""
    },
    {
      "q": "c) knowing",
      "a": [
        "d) to be known",
        "163",
        "90) I am really busy now, but I will join you guys……… fifteen minutes.",
        "a) by"
      ],
      "correct": null,
      "explain": ""
    },
    {
      "q": "b) over",
      "a": [
        "c) during",
        "d) in",
        "91) My colleagues made me ……. for them on my birthday.",
        "a) to sing"
      ],
      "correct": null,
      "explain": ""
    },
    {
      "q": "b) sing",
      "a": [
        "c) sang",
        "d) singing",
        "92) Which sentence has the CORRECT WORD ORDER?",
        "a) Ahmed want to the British Embassy to get a document approved, but when he arrived, he was not allowed in"
      ],
      "correct": null,
      "explain": ""
    },
    {
      "q": "because he had not made an appointment first.",
      "a": [
        "b) But when he arrived, Ahmed went to the British Embassy to get a document approved, he was not allowed in",
        "because he had not made an appointment first.",
        "c) He was not allowed in because he had not made an appointment first, but when he arrived, Ahmed went to the",
        "British Embassy to get a document approved."
      ],
      "correct": null,
      "explain": ""
    },
    {
      "q": "d) When he arrived he was not allowed in, but because he had not made an appointment first, Ahmed went to the",
      "a": [
        "British Embassy to get a document approved.",
        "93) To which sentence can we add the following clause?",
        "…………… ..................... …… because he never had enough money.",
        "1) It had been a long time since Ken had visited his uncle in their hometown."
      ],
      "correct": null,
      "explain": ""
    },
    {
      "q": "2) Now he was not feeling well and he knew he must go to visit him.",
      "a": [
        "3) Arriving after the long and tiring trip, he saw his uncle’s face light up and began to feel much stronger.",
        "4) His visit had been better than any medicine.",
        "a) (1)",
        "b) (2)"
      ],
      "correct": null,
      "explain": ""
    },
    {
      "q": "c) (3)",
      "a": [
        "d) (4)",
        "94) Karen didn’t understand the task her manager gave her,…….. she kept asking for more information.",
        "a) because",
        "b) for"
      ],
      "correct": null,
      "explain": ""
    },
    {
      "q": "أكاديمية ستيب المجانية               https://t.me/stepacademy                  مؤسس األكاديمية المهندس أنور",
      "a": [
        "164",
        "95) My sister doesn’t speak French. ……… ....... …. .",
        "a) so does my brother",
        "b) neither does my brother"
      ],
      "correct": null,
      "explain": ""
    },
    {
      "q": "c) so doesn’t my brother.",
      "a": [
        "d) neither doesn’t my brother",
        "96) Which one of the underlined words or phrases is INCORRECT?",
        "The lost watch was finded  in the last place you would think of. It was a happy end to a sad story .",
        "a) was"
      ],
      "correct": null,
      "explain": ""
    },
    {
      "q": "b) finded",
      "a": [
        "c) last",
        "d) story",
        "97) If she had more talent, she …… ...... in art school.",
        "a) enrolls"
      ],
      "correct": null,
      "explain": ""
    },
    {
      "q": "b) would enroll",
      "a": [
        "c) had enrolled",
        "d) is going to enroll",
        "98) In the game of Monopoly, if a player gets a “go to jail card”, he …… ...... directly to jail.",
        "a) must going"
      ],
      "correct": null,
      "explain": ""
    },
    {
      "q": "b) must to go",
      "a": [
        "c) must go",
        "d) must",
        "99) Mr. Amir, …….. ..... the students call Uncle Amir, taught the boys physical education several times a week.",
        "a) he"
      ],
      "correct": null,
      "explain": ""
    },
    {
      "q": "b) him",
      "a": [
        "c) whom",
        "d) which",
        "100) If I … .....…. More time, I ……. ..... More.",
        "a) had/ learn"
      ],
      "correct": null,
      "explain": ""
    }
  ]
}