{
  "model": 14,
  "title": "النموذج 14",
  "questions": [
    {
      "q": "61. Choose the sentence with the RIGHT PUNCTUATION.",
      "a": [
        "(A) Paul doesnt have many friend's in New York.",
        "(B) Paul doesnt have many friends in New York.",
        "(C) Paul doesn't have many friend's in New York.",
        "(D) Paul doesn't have many friends in New York."
      ],
      "correct": null,
      "explain": ""
    },
    {
      "q": "62. The Food Science book was very short. It didn't have …………… chapters.",
      "a": [
        "(A) many",
        "(B) much",
        "(C) more",
        "(D) some"
      ],
      "correct": null,
      "explain": ""
    },
    {
      "q": "أكاديمية ستيب المجانية               https://t.me/stepacademy                  مؤسس األكاديمية المهندس أنور",
      "a": [
        "73",
        "63. Lisa read five books before she ………… her essay.",
        "(A) writes",
        "(B) is writing"
      ],
      "correct": null,
      "explain": ""
    },
    {
      "q": "(C) wrote",
      "a": [
        "(D) has written",
        "64. I ……… for the lecture to start for almost an hour. I don't know why it is delayed.",
        "(A) wait",
        "(B) am waiting"
      ],
      "correct": null,
      "explain": ""
    },
    {
      "q": "(C) have been waiting",
      "a": [
        "(D) had waited",
        "65. The University Council always deals ……….. with all student requests.",
        "(A) directly",
        "(B) directed"
      ],
      "correct": null,
      "explain": ""
    },
    {
      "q": "(C) direction",
      "a": [
        "(D) direct",
        "66. The English teacher ………. we saw yesterday is very good at his job.",
        "(A) whose",
        "(B) whom"
      ],
      "correct": null,
      "explain": ""
    },
    {
      "q": "(C) which",
      "a": [
        "(D) where",
        "67. If I take notes in class, I always …………. them with the other students.",
        "(A) share",
        "(B) shared"
      ],
      "correct": null,
      "explain": ""
    },
    {
      "q": "(C) had shared",
      "a": [
        "(D) am going to share",
        "68. I……….a lot when I was at home last week. I always do that after the final exams.",
        "(A) sleep",
        "(B) slept"
      ],
      "correct": null,
      "explain": ""
    },
    {
      "q": "(C) have slept",
      "a": [
        "(D) had slept",
        "69. My sister and her friend blamed ……………. for failing the exam.",
        "(A) ourselves",
        "(B) oneselves"
      ],
      "correct": null,
      "explain": ""
    },
    {
      "q": "(C) theirselves",
      "a": [
        "(D) themselves",
        "74",
        "70. Helen has studied Biology ……….. six months. She really enjoys it.",
        "(A) for"
      ],
      "correct": null,
      "explain": ""
    },
    {
      "q": "(B) from",
      "a": [
        "(C) since",
        "(D) during",
        "71. If you read chapter 6 in the book, you … ....... … tomorrow's lecture much better.",
        "(A) understood"
      ],
      "correct": null,
      "explain": ""
    },
    {
      "q": "(B) had understood",
      "a": [
        "(C) will understand",
        "(D) would understand",
        "72. I need to find someone to teach me Arabic…..…teacher would you recommend?",
        "(A) Who"
      ],
      "correct": null,
      "explain": ""
    },
    {
      "q": "(B) Where",
      "a": [
        "(C) Which",
        "(D) Whose",
        "73. Alex: Did you buy all of the course books yesterday? Ben: No, I didn't have …….. money.",
        "(A) some"
      ],
      "correct": null,
      "explain": ""
    },
    {
      "q": "(B) any",
      "a": [
        "(C) a lot",
        "(D) many",
        "74. The chemistry teacher has worked here ………… the beginning of the year.",
        "(A) for"
      ],
      "correct": null,
      "explain": ""
    },
    {
      "q": "(B) from",
      "a": [
        "(C) until",
        "(D) since",
        "75. I took a lot of notes while the Professor ……………….",
        "(A) has spoken"
      ],
      "correct": null,
      "explain": ""
    },
    {
      "q": "(B) spoke",
      "a": [
        "(C) speaks",
        "(D) was speaking",
        "76. Take a break when you …………. feeling tired from all the reading.",
        "(A) started"
      ],
      "correct": null,
      "explain": ""
    },
    {
      "q": "(B) start",
      "a": [
        "(C) starts",
        "(D) starting",
        "75",
        "77. You need to work ………………. You must finish the job today."
      ],
      "correct": null,
      "explain": ""
    },
    {
      "q": "(A) hardly",
      "a": [
        "(B) hardest",
        "(C) harder",
        "(D) hard",
        "78. I don't know where ………… in this course."
      ],
      "correct": null,
      "explain": ""
    },
    {
      "q": "(A) are given the lectures",
      "a": [
        "(B) are the lectures given",
        "(C) the lectures given are",
        "(D) the lectures are given",
        "79. Our professor said the course ……… for three weeks, but it actually lasted for a month."
      ],
      "correct": null,
      "explain": ""
    },
    {
      "q": "(A) lasts",
      "a": [
        "(B) lasting",
        "(C) has lasted",
        "(D) would last",
        "80. If Will …………… his term paper on time, he wouldn't have failed the class."
      ],
      "correct": null,
      "explain": ""
    },
    {
      "q": "(A) had submitted",
      "a": [
        "(B) submitted",
        "(C) has submitted",
        "(D) would submit",
        "81. Mrs. Jackson, ……………. the university hired last year, is my favorite teacher."
      ],
      "correct": null,
      "explain": ""
    },
    {
      "q": "(A) she",
      "a": [
        "(B) her",
        "(C) whom",
        "(D) which",
        "82. My uncle didn't tell neither me ……….. my father that he had moved to Riyadh."
      ],
      "correct": null,
      "explain": ""
    },
    {
      "q": "(A) nor",
      "a": [
        "(B) also",
        "(C) either",
        "(D) neither",
        "83. Ted lives far from the university; he …….. want to buy a car to get there in the morning."
      ],
      "correct": null,
      "explain": ""
    },
    {
      "q": "(A) can",
      "a": [
        "(B) could",
        "(C) might",
        "(D) should",
        "76"
      ],
      "correct": null,
      "explain": ""
    },
    {
      "q": "84. If George …………. how difficult the exam was going to be, he would have prepared better.",
      "a": [
        "(A) know",
        "(B) knew",
        "(C) has known",
        "(D) had known"
      ],
      "correct": null,
      "explain": ""
    },
    {
      "q": "85. When he was young, my brother often talked about …………. a doctor.",
      "a": [
        "(A) becoming",
        "(B) to become",
        "(C) become",
        "(D) became"
      ],
      "correct": null,
      "explain": ""
    },
    {
      "q": "86. I'm sorry I didn't come to the dinner last night. I ……. work late with my project.",
      "a": [
        "(A) would",
        "(B) could",
        "(C) must to",
        "(D) had to"
      ],
      "correct": null,
      "explain": ""
    },
    {
      "q": "87. The woman ………. gave the presentation teaches at our university.",
      "a": [
        "(A) who",
        "(B) which",
        "(C) that she",
        "(D) who she"
      ],
      "correct": null,
      "explain": ""
    },
    {
      "q": "88. Professor Brown enjoyed ………… poetry in his free time.",
      "a": [
        "(A) write",
        "(B) writing",
        "(C) to write",
        "(D) wrote"
      ],
      "correct": null,
      "explain": ""
    },
    {
      "q": "89. If the teacher thought this part of the book was important, he ………… it to us.",
      "a": [
        "(A) will teach",
        "(B) would teach",
        "(C) teaches",
        "(D) taught"
      ],
      "correct": null,
      "explain": ""
    },
    {
      "q": "90. Choose the BEST WAY to make the sentences into a paragraph.",
      "a": [
        "(1) Prince Abdulaziz has won many racing competitions since then.",
        "(2) He has always enjoyed sports and began racing cars from a very young age.",
        "(3) Prince Abdulaziz Bin Turki is one of Saudi Arabia's most famous sportsmen.",
        "(4) So, he went to the BMW racing school in Bahrain in 2005."
      ],
      "correct": null,
      "explain": ""
    },
    {
      "q": "أكاديمية ستيب المجانية               https://t.me/stepacademy                  مؤسس األكاديمية المهندس أنور",
      "a": [
        "77",
        "(A) (1), (3), (2), (4)",
        "(B) (3), (2), (4), (1)",
        "(C) (3), (4), (2). (1)"
      ],
      "correct": null,
      "explain": ""
    },
    {
      "q": "(D) (1). (4), (3), (2)",
      "a": [
        "91. Choose the BEST WAY to make the sentences into a paragraph.",
        "(1) It was raining so Tom drove carefully.",
        "(2) Last Tuesday, Tom phoned Will and invited him to dinner.",
        "(3) Tom picked him up and they went together."
      ],
      "correct": null,
      "explain": ""
    },
    {
      "q": "(4) An hour later, they arrived at their favorite restaurant and they had a great time.",
      "a": [
        "(A) (2), (1), (4), (3)",
        "(B) (2), (3), (1), (4)",
        "(C) (3), (1), (4), (2)",
        "(D) (3), (4), (1), (2)"
      ],
      "correct": null,
      "explain": ""
    },
    {
      "q": "92. Choose the sentence with the RIGHT CAPITAL LETTERS.",
      "a": [
        "(A) Dave and I studied English in the United Kingdom for a year and came back in February.",
        "(B) Dave and I studied English in the United Kingdom for a year and came back in february.",
        "(C) Dave and I studied English in the united Kingdom for a year and came back in February.",
        "(D) Dave and I studied english in the United Kingdom for a year and came back in February."
      ],
      "correct": null,
      "explain": ""
    },
    {
      "q": "93. Choose the sentence with the RIGHT PUNCTUATION.",
      "a": [
        "(A) Mr. Ahmads son is late today.",
        "(B) Mr. Ahmad's son is late today.",
        "(C) Mr. Ahmads' son is late today.",
        "(D) Mr. Ahmad son is late today."
      ],
      "correct": null,
      "explain": ""
    },
    {
      "q": "94. Ben: Have you ever gone swimming in a river? Bob: NO, I haven't. I’ve ………... tried that.",
      "a": [
        "(A) already",
        "(B) sometimes",
        "(C) rarely",
        "(D) never"
      ],
      "correct": null,
      "explain": ""
    },
    {
      "q": "أكاديمية ستيب المجانية               https://t.me/stepacademy                  مؤسس األكاديمية المهندس أنور",
      "a": [
        "78",
        "95. Choose the sentence with the RIGHT WORD ORDER.",
        "(A) The university club sports was established in 2003.",
        "(B) In 2003, the club sports university was established."
      ],
      "correct": null,
      "explain": ""
    },
    {
      "q": "(C) In 2003, was established the university sports club.",
      "a": [
        "(D) The university sports club was established in 2003.",
        "96. Which of the underlined words or phrases is INCORRECT?",
        "There's  so many good restaurants to choose  from in Riyadh. I wish we had time to try more out.",
        "(A) There's"
      ],
      "correct": null,
      "explain": ""
    },
    {
      "q": "(B) to choose",
      "a": [
        "(C) wish",
        "(D) try",
        "97. In which sentence is all CAPITALIZATION correct?",
        "(A) The 2010 FIFA World Cup was held in South Africa, and the next will be hosted by brazil in 2014, the first time on"
      ],
      "correct": null,
      "explain": ""
    },
    {
      "q": "the Continent of South America since 1978.",
      "a": [
        "(B) The 2010 FIFA World Cup was held in South Africa, and the next will be hosted by Brazil in 2014, the first time on",
        "the continent of South America since 1978.",
        "(C) The 2010 FIFA World cup was held in South Africa. and the next will be hosted by Brazil in 2014, the first time on",
        "the continent of south America since 1978."
      ],
      "correct": null,
      "explain": ""
    },
    {
      "q": "(D) The 2010 FIFA WORLD CUP was held in South Africa, and the next will be hosted by Brazil in 2014, the first time",
      "a": [
        "on the Continent of South America since 1978.",
        "98. Which sentence has the CORRECT WORD ORDER?",
        "(A) They then used the pieces to make designs in the sand and scratch drawings on the large rocks, they banged on",
        "the container like a drum until it cracked into pieces."
      ],
      "correct": null,
      "explain": ""
    },
    {
      "q": "(B) They used the pieces to make designs in the sand and then scratch drawings on the large rocks until it cracked",
      "a": [
        "into pieces they banged on the container like a drum.",
        "(C) Like a drum until it cracked into pieces, they banged on the container, then they used the pieces to make designs",
        "in the sand and scratch drawings on the large rocks.",
        "(D) They banged on the container like a drum until it cracked into pieces, then they used the pieces to make designs"
      ],
      "correct": null,
      "explain": ""
    },
    {
      "q": "in the sand and scratch drawings on the large rocks.",
      "a": [
        "99. In which sentence is all PUNCTUATION correct?",
        "(A) \"What is it?\" she asked, bracing herself.",
        "(B) \"What is it?\" she asked bracing herself.",
        "(C) What is it, she asked, bracing herself."
      ],
      "correct": null,
      "explain": ""
    },
    {
      "q": "(D) What is it? She, asked bracing herself.",
      "a": [
        "79",
        "100. Which one of the underlined words or phrases is INCORRECT?",
        "Collecting  insects and worms were  the most difficult  part of the natural science course for some student.",
        "(A) Collecting"
      ],
      "correct": null,
      "explain": ""
    }
  ]
}