{
  "model": 42,
  "title": "النموذج 42",
  "questions": [
    {
      "q": "61) She always likes to visit London in the summer; London is……… favorite city.",
      "a": [
        "a) she",
        "b) her",
        "c) hers",
        "d) its"
      ],
      "correct": null,
      "explain": ""
    },
    {
      "q": "62) Roger wanted……………a new phone.",
      "a": [
        "a) buy",
        "b) to buy",
        "c) that he buts",
        "d) that he will buy"
      ],
      "correct": null,
      "explain": ""
    },
    {
      "q": "63) In which sentence is all PUNCTUATION correct?",
      "a": [
        "a) Matt had a stressful day at work, so when he came home, he didn’t want to talk to anyone.",
        "b) Matt had a stressful day at work, so when he came home; he didn’t want to talk; to anyone.",
        "c) Matt had a stressful day at work, so when he came home, he didn’t want to talk, to anyone.",
        "d) Matt had a stressful day at work, so when he came home: he didn’t want to talk to anyone."
      ],
      "correct": null,
      "explain": ""
    },
    {
      "q": "64) The water in the lake…………last winter.",
      "a": [
        "a) freeze",
        "b) froze",
        "c) freezes",
        "d) frozen"
      ],
      "correct": null,
      "explain": ""
    },
    {
      "q": "65) Which sentence has the CORRECT WORD ORDER?",
      "a": [
        "a) Next week to Jubail Jane is going on a work trip.",
        "b) Is going on a work trip Jane to Jubail next week.",
        "c) Jane is going on next week a work trip to Jubail.",
        "d) Jane is going on a work trip to Jubail next week."
      ],
      "correct": null,
      "explain": ""
    },
    {
      "q": "66) In which sentence is all PUNCTUATION correct?",
      "a": [
        "a) There are wonderful places to visit in Saudi Arabia, if you have the chance to travel, be sure not to miss Alula,",
        "Umluj and Jeddah.",
        "b) There are wonderful places to visit in Saudi Arabia. If you have the chance to travel be sure not to miss Alula,",
        "Umluj and Jeddah."
      ],
      "correct": null,
      "explain": ""
    },
    {
      "q": "c) There are wonderful places to visit in Saudi Arabia. If you have the chance to travel be sure not to miss Alula Umluj",
      "a": [
        "and Jeddah.",
        "d) There are wonderful places to visit in Saudi Arabia. If you have the chance to travel, be sure not to miss Alula,",
        "Umluj and Jeddah.",
        "251"
      ],
      "correct": null,
      "explain": ""
    },
    {
      "q": "67) Which sentence has the CORRECT WORD ORDER?",
      "a": [
        "a) Car companies their vehicles cleaner every year are trying to make.",
        "b) Vehicles cleaner every year their car companies are trying to make.",
        "c) Car companies are trying to make their vehicles cleaner every year.",
        "d) To make their vehicles cleaner every year car companies are trying."
      ],
      "correct": null,
      "explain": ""
    },
    {
      "q": "68) In which sentence is all CAPITALIZATION correct?",
      "a": [
        "a) Jake and his brother are meeting their friends tonight.",
        "b) Jake and his Brother are meeting their friends tonight.",
        "c) Jake and his Brother are meeting their Friends tonight.",
        "d) Jake and his brother are meeting their Friends tonight."
      ],
      "correct": null,
      "explain": ""
    },
    {
      "q": "69) Choose the CORRECT ORDER to make the following sentence into a paragraph:",
      "a": [
        "1) The most successful team to take part is Real Madrid.",
        "2) They have won a record 13 titles.",
        "3) There are a number of top football competitions around the world.",
        "4) None are famous as the Champions League."
      ],
      "correct": null,
      "explain": ""
    },
    {
      "q": "5) The competition was first launched in 1955.",
      "a": [
        "a) (5), (3), (1), (2), (4)",
        "b) (1), (2), (4), (5), (3)",
        "c) (3), (4), (5), (1), (2)",
        "d) (3), (1), (5), (4), (2)"
      ],
      "correct": null,
      "explain": ""
    },
    {
      "q": "70) In the end, we both decided against………………the English course.",
      "a": [
        "a) taking",
        "b) to take",
        "c) we took",
        "d) take"
      ],
      "correct": null,
      "explain": ""
    },
    {
      "q": "71) You……………hand your essay in late or you will lose a lot of credit in your course.",
      "a": [
        "a) hadn't better",
        "b) hadn’t better to",
        "c) had better not",
        "d) had better not to"
      ],
      "correct": null,
      "explain": ""
    },
    {
      "q": "أكاديمية ستيب المجانية               https://t.me/stepacademy                  مؤسس األكاديمية المهندس أنور",
      "a": [
        "252",
        "72) If the university……………………. accept you, what would you do?",
        "a) didn’t",
        "b) doesn’t"
      ],
      "correct": null,
      "explain": ""
    },
    {
      "q": "c) hasn’t",
      "a": [
        "d) can’t",
        "73) I started writing my paper the night before the submission, but fortunately I………….. finish it on time.",
        "a) can",
        "b) could"
      ],
      "correct": null,
      "explain": ""
    },
    {
      "q": "c) am able to",
      "a": [
        "d) was able to",
        "74) I didn’t dare…………… my teacher I forgot my homework at home.",
        "a) telling",
        "b) tells"
      ],
      "correct": null,
      "explain": ""
    },
    {
      "q": "c) tell",
      "a": [
        "d) to tell",
        "75) My parents……………. at the university for 15 years. They both love their jobs.",
        "a) have teach",
        "b) were teaching"
      ],
      "correct": null,
      "explain": ""
    },
    {
      "q": "c) were being teach",
      "a": [
        "d) have been teaching",
        "76) Steve: Mr. Smith gave Peter an F on his essay.",
        "Mark: ……………. he? That’s terrible!",
        "a) Did"
      ],
      "correct": null,
      "explain": ""
    },
    {
      "q": "b) Has",
      "a": [
        "c) Didn’t",
        "d) Hasn’t",
        "77) Mike: I’m not very interested in biology.",
        "Ken: So why did you tell the professors that you…………. fascinated by it?"
      ],
      "correct": null,
      "explain": ""
    },
    {
      "q": "a) were",
      "a": [
        "b) are",
        "c) have",
        "d) did",
        "78) What academic program did you apply………….?"
      ],
      "correct": null,
      "explain": ""
    },
    {
      "q": "b) about",
      "a": [
        "c) with",
        "d) for",
        "253",
        "79) The college building is still the same as it was 200 years ago. ……………has changed."
      ],
      "correct": null,
      "explain": ""
    },
    {
      "q": "a) Everything",
      "a": [
        "b) Something",
        "c) Anything",
        "d) Nothing",
        "80) I tried to register but ………. of the courses were open."
      ],
      "correct": null,
      "explain": ""
    },
    {
      "q": "b) none",
      "a": [
        "c) no one",
        "d) neither",
        "81) I find it…………… impossible to learn Math.",
        "a) very"
      ],
      "correct": null,
      "explain": ""
    },
    {
      "q": "b) rather",
      "a": [
        "c) fairly",
        "d) quite",
        "82) Shall I tell Jim and Bill what the most important part of the course is or do they………..know?",
        "a) already"
      ],
      "correct": null,
      "explain": ""
    },
    {
      "q": "b) still",
      "a": [
        "c) also",
        "d) yet",
        "83) Just as I sat down to start reading, I heard…………. I think it was the air conditioning.",
        "a) noise"
      ],
      "correct": null,
      "explain": ""
    },
    {
      "q": "b) a noise",
      "a": [
        "c) one noise",
        "d) any noise",
        "84) I’m really sorry not………………my lecture notes with you yesterday.",
        "a) to have shared"
      ],
      "correct": null,
      "explain": ""
    },
    {
      "q": "b) having shared",
      "a": [
        "c) to share",
        "d) sharing",
        "85) Why not………..the essay tonight? It’s only 7 o’clock.",
        "a) having finished"
      ],
      "correct": null,
      "explain": ""
    },
    {
      "q": "b) finishing",
      "a": [
        "c) finish",
        "d) to finish",
        "254",
        "86) You can borrow my laptop provided you………………. me your course book."
      ],
      "correct": null,
      "explain": ""
    },
    {
      "q": "a) will lend",
      "a": [
        "b) lend",
        "c) would lend",
        "d) lended",
        "87) Mother: There is a letter here for you."
      ],
      "correct": null,
      "explain": ""
    },
    {
      "q": "Son: Well, it…… .......be from the university. They are sending out admission letters next month.",
      "a": [
        "a) might not",
        "b) mustn’t",
        "c) can’t",
        "d) couldn’t"
      ],
      "correct": null,
      "explain": ""
    },
    {
      "q": "88) In the lecture today, it felt like the professor was talking about…………., the students.",
      "a": [
        "a) ours",
        "b) us",
        "c) our",
        "d) we"
      ],
      "correct": null,
      "explain": ""
    },
    {
      "q": "89) Will: Just a quick question. Who……………. English?",
      "a": [
        "Fred: Mr. Brown did.",
        "a) had taught you",
        "b) you taught",
        "c) did you teach"
      ],
      "correct": null,
      "explain": ""
    },
    {
      "q": "d) taught you",
      "a": [
        "90) Mrs. Davis: How are your studies going, Fatima?",
        "Fatima: I beg your pardon?",
        "Mrs. Davis: I asked how……………… ....…….. .",
        "a) your studies be going"
      ],
      "correct": null,
      "explain": ""
    },
    {
      "q": "b) are your studies going",
      "a": [
        "c) your studies were going",
        "d) were your studies going",
        "91) Susan: Mrs. Carter is the best teacher in the program.",
        "Helen: Oh, is she? So how long……… ............….?"
      ],
      "correct": null,
      "explain": ""
    },
    {
      "q": "a) do you teach by her",
      "a": [
        "b) did you teach by her",
        "c) have you been taught by her",
        "d) have you been teaching by her",
        "255"
      ],
      "correct": null,
      "explain": ""
    },
    {
      "q": "92) Which sentence has the CORRECT WORD ORDER?",
      "a": [
        "a) Sara works as a lawyer. She only graduated three years ago, but she is a senior staff member in her company.",
        "b) She is a senior staff member in her company, but Sara works as a lawyer. She only graduated three years ago.",
        "c) She only graduated three years ago, but she is a senior staff member in her company. Sara works as a lawyer.",
        "d) Three years ago, Sara works as a lawyer. She only graduated, but she is a senior staff in her company."
      ],
      "correct": null,
      "explain": ""
    },
    {
      "q": "93) To which sentence can we add the following clause?",
      "a": [
        "-  …………………………..because the price of oil was dropping",
        "a) Some countries rely a lot on one way of making their money.",
        "b) One example of this is countries that sell a lot of oil.",
        "c) Unfortunately, sometimes the price of oil can fall."
      ],
      "correct": null,
      "explain": ""
    },
    {
      "q": "d) This means they have to find other ways to do business.",
      "a": [
        "94) Helen didn’t enjoy the fish she had last time she went out, ………………. she ordered the beef this time.",
        "a) because",
        "b) for",
        "c) if"
      ],
      "correct": null,
      "explain": ""
    },
    {
      "q": "95) Roger has never tried eating guava in his life. ……………………….",
      "a": [
        "a) So has Alex",
        "b) Neither has Alex",
        "c) So hasn’t Alex",
        "d) Neither hasn’t Alex"
      ],
      "correct": null,
      "explain": ""
    },
    {
      "q": "96) Which of the underlined words or phrases is INCORRECT?",
      "a": [
        "The company’s management made sure the plan was research  well before going ahead with it.",
        "a) company’s",
        "b) research",
        "c) well"
      ],
      "correct": null,
      "explain": ""
    },
    {
      "q": "أكاديمية ستيب المجانية               https://t.me/stepacademy                  مؤسس األكاديمية المهندس أنور",
      "a": [
        "256",
        "97) In which sentence Is all PUNCTUATION correct?",
        "a) “Watch out!” the girl screamed at her sister. Who was about to walk straight into a pole.",
        "b) “Watch out!” the girl screamed at her sister, who was about to walk; straight into a pole."
      ],
      "correct": null,
      "explain": ""
    },
    {
      "q": "c) “Watch out!” the girl screamed at her sister, who was about to walk straight into a pole.",
      "a": [
        "d) “Watch out!” the girl screamed, at her sister, who was about to walk straight into a pole?",
        "98) As a rule, my father never…...........out in the evenings. He likes to stay at home.",
        "a) went",
        "b) goes"
      ],
      "correct": null,
      "explain": ""
    },
    {
      "q": "c) going",
      "a": [
        "d) is going",
        "99) Lexus cars……………...by a Japanese company.",
        "a) are making",
        "b) are make"
      ],
      "correct": null,
      "explain": ""
    },
    {
      "q": "c) are made",
      "a": [
        "d) made",
        "100) The nurse asked the lady how she………….after taking the medication.",
        "a) felt",
        "b) feel"
      ],
      "correct": null,
      "explain": ""
    }
  ]
}