{
  "model": 3,
  "title": "النموذج 3",
  "questions": [
    {
      "q": "61. If it rains tomorrow, I …………………..my raincoat.",
      "a": [
        "(A) wear",
        "(B) am wear",
        "(C) will wear",
        "(D) going to wear"
      ],
      "correct": null,
      "explain": ""
    },
    {
      "q": "62. People over forty need …………. regular check -ups at least once a year.",
      "a": [
        "(A) get",
        "(B) to get",
        "(C) getting",
        "(D) that they get"
      ],
      "correct": null,
      "explain": ""
    },
    {
      "q": "63. In which of the following sentences is all PUNCTUATION correct?",
      "a": [
        "(A) After all, the exams are finished, whos going to be the first in the class.",
        "(B) After all the exams are finished, who's going to be the first in the class.",
        "(C) After all, the exam's are finished, whos' going to be the first in the class?",
        "(D) After all the exams are finished, who's going to be the first in the class?"
      ],
      "correct": null,
      "explain": ""
    },
    {
      "q": "64. Which of the underlined words or phrases is INCORRECT?",
      "a": [
        "Last night, Alia makes  Vietnamese rice pudding with  black -eyed peas for dessert.",
        "(A) makes",
        "(B) with",
        "(C) for"
      ],
      "correct": null,
      "explain": ""
    },
    {
      "q": "(D) dessert",
      "a": [
        "65. Which of the following sentences has the CORRECT WORD ORDER?",
        "(A) A lot of protein both tea and coffee contain, but the acids in the tea than the caffeine in the coffee are healthier.",
        "(B) Tea and coffee contain protein both a lot, but in the tea are healthier the acids than in coffee the caffeine.",
        "(C) Both tea and coffee contain a lot of protein, but the acids in the tea are healthier than the caffeine in the coffee."
      ],
      "correct": null,
      "explain": ""
    },
    {
      "q": "(D) But in the tea the acids are healthier than in the coffee the caffeine, a lot of protein both tea and coffee contain.",
      "a": [
        "66. Which sentence is correct?",
        "(A) Your job interview will be next Tuesday.",
        "(B) You're job interview will be next Tuesday.",
        "(C)You're job interview is next Tuesday."
      ],
      "correct": null,
      "explain": ""
    },
    {
      "q": "(D) Your job interview has next Tuesday.",
      "a": [
        "67. In which of the following sentences is all PUNCTUATION correct?",
        "(A) After all, the matche's are finished, whos' going to be the at the top of the league?",
        "(B) After all the matches are finished, who's going to be the at the top of the league.",
        "(C)After all the matches are finished, who's going to be at the top of the league?"
      ],
      "correct": null,
      "explain": ""
    },
    {
      "q": "(D) After all, the matches are finished, whos going to be the at the top of the league.",
      "a": [
        "15",
        "68. Which of the underlined words or phrases is INCORRECT?",
        "Last month, Anna speaks  three times about  her new business plan  to her manager .",
        "(A) speaks"
      ],
      "correct": null,
      "explain": ""
    },
    {
      "q": "(B) about",
      "a": [
        "(C) plan",
        "(D) her manager",
        "69. Ben lost his essay…………. his laptop broke.",
        "(A) although"
      ],
      "correct": null,
      "explain": ""
    },
    {
      "q": "(B) during",
      "a": [
        "(C) when",
        "(D) so",
        "70. Excuse me Jan, …………... you please buy some pens from the bookshop for me?",
        "(A) would"
      ],
      "correct": null,
      "explain": ""
    },
    {
      "q": "(B) should",
      "a": [
        "(C) shall",
        "(D) must",
        "71. If you want to be a college professor you …………… hard for many years.",
        "(A) must"
      ],
      "correct": null,
      "explain": ""
    },
    {
      "q": "(B) must work",
      "a": [
        "(C) must working",
        "(D) must to working",
        "72. If you watch Jonson’s lecture on YouTube, you ………... the finance course much better.",
        "(A) understood"
      ],
      "correct": null,
      "explain": ""
    },
    {
      "q": "(B) will understand",
      "a": [
        "(C) had understood",
        "(D) would understand",
        "73.If Mrs. Hill finishes writing her new book, she ………… with her family.",
        "(A) celebrated"
      ],
      "correct": null,
      "explain": ""
    },
    {
      "q": "(B) will celebrate",
      "a": [
        "(C) had celebrated",
        "(D) would celebrate",
        "74. I actually ……. to study English, but my friends told me to study Spanish instead.",
        "(A) want"
      ],
      "correct": null,
      "explain": ""
    },
    {
      "q": "(B) wanted",
      "a": [
        "(C) had wanted",
        "(D) have wanted",
        "16",
        "75. I felt a sleep while I ……………… for the project."
      ],
      "correct": null,
      "explain": ""
    },
    {
      "q": "(A) have written",
      "a": [
        "(B) was writing",
        "(C) wrote",
        "(D) write",
        "76. Sara, …………………… is teaching Math 101?"
      ],
      "correct": null,
      "explain": ""
    },
    {
      "q": "(A) whose",
      "a": [
        "(B) which",
        "(C) whom",
        "(D) who",
        "77. The teacher told students …………. about the exam."
      ],
      "correct": null,
      "explain": ""
    },
    {
      "q": "(A) no worrying",
      "a": [
        "(B) don't worry",
        "(C) not to worry",
        "(D) not worry",
        "78. Professor Harris has been reading in his office …………… eight hours without taking a break."
      ],
      "correct": null,
      "explain": ""
    },
    {
      "q": "(A) during",
      "a": [
        "(B) since",
        "(C) from",
        "(D) for",
        "79. George's favorite book is “crime and punishment” ………. one is yours?"
      ],
      "correct": null,
      "explain": ""
    },
    {
      "q": "(A) this",
      "a": [
        "(B) that",
        "(C) what",
        "(D) which",
        "80. Joe: Do you have time to watch the news or are you too busy with your studies?"
      ],
      "correct": null,
      "explain": ""
    },
    {
      "q": "Ted: Yes, I watch …………….. every day.",
      "a": [
        "(A) it",
        "(B) him",
        "(C) those",
        "(D) these"
      ],
      "correct": null,
      "explain": ""
    },
    {
      "q": "81. I will travel to England next term; It will be…………… amazing.",
      "a": [
        "(A) define",
        "(B) defined",
        "(C) definition",
        "(D) definitely"
      ],
      "correct": null,
      "explain": ""
    },
    {
      "q": "أكاديمية ستيب المجانية               https://t.me/stepacademy                  مؤسس األكاديمية المهندس أنور",
      "a": [
        "17",
        "82.You need to work much ………….. Linda This is a difficult course.",
        "(A) hard",
        "(B) hardly"
      ],
      "correct": null,
      "explain": ""
    },
    {
      "q": "(C) harder",
      "a": [
        "(D) hardest",
        "83. Dave has almost finished reading the book. He only has …………… pages left.",
        "(A) many",
        "(B) a few"
      ],
      "correct": null,
      "explain": ""
    },
    {
      "q": "(C) a little",
      "a": [
        "(D) several",
        "84. A good teacher makes his students …………., not just memorize information.",
        "(A) think",
        "(B) to think"
      ],
      "correct": null,
      "explain": ""
    },
    {
      "q": "(C) thinking",
      "a": [
        "(D) thought",
        "85. Don't feel stressed when …………. your term paper. You need to work carefully if you want it to be good.",
        "(A) writing",
        "(B) you writing"
      ],
      "correct": null,
      "explain": ""
    },
    {
      "q": "(C) are writing",
      "a": [
        "(D) was writing",
        "86. I wouldn’t study art history if I ……………….. you.",
        "(A) am",
        "(B) been"
      ],
      "correct": null,
      "explain": ""
    },
    {
      "q": "(C) were",
      "a": [
        "(D) being",
        "87. Jenny needs this book for her course; she ………………. want us to buy it for her.",
        "(A) must to",
        "(B) might"
      ],
      "correct": null,
      "explain": ""
    },
    {
      "q": "(C) can",
      "a": [
        "(D) must",
        "88. College is much easier for a student …………. has gone to a good high school.",
        "(A) who he",
        "(B) whose"
      ],
      "correct": null,
      "explain": ""
    },
    {
      "q": "(C) who",
      "a": [
        "(D) he",
        "18",
        "89. Yesterday Mr. Carter told me he doesn’t know from which bookshop ………….",
        "(A) is available the marketing book."
      ],
      "correct": null,
      "explain": ""
    },
    {
      "q": "(B) is the marketing book available.",
      "a": [
        "(C) the marketing book is available.",
        "(D) the marketing book available is",
        "90. He said that the class …………….. at 1:30, but it actually started at 6:30.",
        "(A) would start"
      ],
      "correct": null,
      "explain": ""
    },
    {
      "q": "(B) has started",
      "a": [
        "(C) starting",
        "(D) start",
        "91. The students ………….… a new way to process water for six months now.",
        "(A) have been developing"
      ],
      "correct": null,
      "explain": ""
    },
    {
      "q": "(B) has developed",
      "a": [
        "(c) is developing",
        "(D) develops",
        "92. Which Sentence is CAPITALIZATION correct?",
        "(A) Last week, she listened to three lectures to prepare for her three lectures at london university tomorrow."
      ],
      "correct": null,
      "explain": ""
    },
    {
      "q": "(B) Last week, she listened to three lectures to prepare for her three lectures at London University tomorrow.",
      "a": [
        "(c) Last week, she listened to three lectures to prepare for her three lectures at London university tomorrow.",
        "(D) Last week, She listened to three lectures to prepare for her three lectures at london University tomorrow.",
        "93. Roger was too lazy to work last night, ………… he had a cup of coffee and watched some YouTube videos.",
        "(A) because"
      ],
      "correct": null,
      "explain": ""
    },
    {
      "q": "(B) why",
      "a": [
        "(C) but",
        "(D) so",
        "94. Which sentence has the CORRECT WORD ORDER?",
        "(A) Mark said he would like to visit Brazil, after he has finished his studies and found a good job."
      ],
      "correct": null,
      "explain": ""
    },
    {
      "q": "(B) Mark said he would like to visit Brazil, and has found a good job, after he has finished his studies.",
      "a": [
        "(C) Mark said he would like to visit, and found a good job, Brazil after he has finished his studies.",
        "(D) Mark said he would like to visit, after he has finished his studies and found a good job, Brazil.",
        "95. Which one of the underlined words or phrases is INCORRECIT?",
        "University professors like read, writing, and publishing during their work day. After a lot of reading, they need some"
      ],
      "correct": null,
      "explain": ""
    },
    {
      "q": "time relax before starting to write.",
      "a": [
        "(A) read",
        "(B) their",
        "(C) After",
        "(D) starting"
      ],
      "correct": null,
      "explain": ""
    },
    {
      "q": "أكاديمية ستيب المجانية               https://t.me/stepacademy                  مؤسس األكاديمية المهندس أنور",
      "a": [
        "19",
        "96. In which sentence is all CAPITALIZATION correct?",
        "(A) At first, my sister, Kate, wanted to study chemistry at King Faisal University, but one of her teachers, Mrs. Carter,",
        "told her to join the College of Engineering after she finishes the first semester in January"
      ],
      "correct": null,
      "explain": ""
    },
    {
      "q": "(B) At first, my Sister, Kate, wanted to study Chemistry at King Faisal University, but one of her Teachers, mrs. Carter,",
      "a": [
        "told her to join the College of engineering after she finishes the First Semester in January.",
        "(C) At first, my sister, Kate, wanted to study Chemistry at King faisal university, but one of her Teachers, Mrs. Carter,",
        "told her to join the college of Engineering after she finishes the first semester in January.",
        "(D) At First, my sister, Kate, wanted to study chemistry at King Faisal University, but one of her teachers, mrs. Carter,"
      ],
      "correct": null,
      "explain": ""
    },
    {
      "q": "told her to join the College of engineering after she finishes the First Semester in January.",
      "a": [
        "97. A: Is it Rami’s turn to start the game? B: No, it isn't. It’s …………………",
        "(A) you",
        "(B) you're",
        "(C) your"
      ],
      "correct": null,
      "explain": ""
    },
    {
      "q": "(D) yours",
      "a": [
        "98. Airplanes usually travel …….....…….. helicopters.",
        "(A) more faster than",
        "(B) faster than",
        "(C) fastest than"
      ],
      "correct": null,
      "explain": ""
    },
    {
      "q": "(D) the fastest than",
      "a": [
        "99. All members of my family...........…..the pilgrimage to Makkah at least once in their lives.",
        "(A) are performing",
        "(B) have performed",
        "(C) were performed"
      ],
      "correct": null,
      "explain": ""
    },
    {
      "q": "(D) have been performed",
      "a": [
        "100. Mr. Amir, .................... the students call Uncle Amir, taught the boys physical education several times a week.",
        "(A) he",
        "(B) him",
        "(C) whom"
      ],
      "correct": null,
      "explain": ""
    }
  ]
}