{
  "model": 27,
  "title": "النموذج 27",
  "questions": [
    {
      "q": "61)When you call the school, you should leave your message with the person……………answers.",
      "a": [
        "a) who he",
        "b) whose",
        "c) who",
        "d) he"
      ],
      "correct": null,
      "explain": ""
    },
    {
      "q": "62) Anna has almost finished her geography course. She only has……..assignments left.",
      "a": [
        "a) much",
        "b) little",
        "c) a few",
        "d) a little"
      ],
      "correct": null,
      "explain": ""
    },
    {
      "q": "63) Roger ………… to a lecture when he realized he had left his keys in the car.",
      "a": [
        "a) listened",
        "b) will listen",
        "c) is listening",
        "d) was listening"
      ],
      "correct": null,
      "explain": ""
    },
    {
      "q": "أكاديمية ستيب المجانية               https://t.me/stepacademy                  مؤسس األكاديمية المهندس أنور",
      "a": [
        "153",
        "64) students should always pack their school bags by ……………",
        "a) themselves",
        "b) theirselves"
      ],
      "correct": null,
      "explain": ""
    },
    {
      "q": "c) himself",
      "a": [
        "d) herself",
        "65) Muna …… for Lisa to finish her exam for two hours.",
        "a) has been waiting",
        "b) had waited"
      ],
      "correct": null,
      "explain": ""
    },
    {
      "q": "c) is waiting",
      "a": [
        "d) waits",
        "66) The teacher might have accepted my late essay if I …… him yesterday.",
        "a) asked",
        "b) would ask"
      ],
      "correct": null,
      "explain": ""
    },
    {
      "q": "c) had asked",
      "a": [
        "d) has asked",
        "67) Don't be afraid of making mistakes when ………….. in class.",
        "a) you speaking",
        "b) was speaking"
      ],
      "correct": null,
      "explain": ""
    },
    {
      "q": "c) are speaking",
      "a": [
        "d) speaking",
        "68) Mia just …….…… her term paper an hour ago.",
        "a) finish",
        "b) finished"
      ],
      "correct": null,
      "explain": ""
    },
    {
      "q": "c) finishing",
      "a": [
        "d) has finished",
        "69) In which sentence is all PUNCTUATION correct?",
        "a) Eric's and Mike's expectations of owning a business couldn't have been more different.",
        "b) Eric's and Mikes expectations of owning a business couldn't have been more different."
      ],
      "correct": null,
      "explain": ""
    },
    {
      "q": "c) Eric's and Mike's expectations of owning a business couldnt have been more different.",
      "a": [
        "d) Erics’ and Mike's expectations of owning a business couldn't have been more different.",
        "70) Which one of the underlined words or phrases is INCORRECT?",
        "If I was you, I would  have told Mike exactly  the same thing.",
        "a) was"
      ],
      "correct": null,
      "explain": ""
    },
    {
      "q": "b) would",
      "a": [
        "c) exactly",
        "d) thing",
        "154",
        "71) Paul was late for school,……he drove too fast and the police stopped him."
      ],
      "correct": null,
      "explain": ""
    },
    {
      "q": "c) Since",
      "a": [
        "d) However",
        "72) Sara lost her presentation ………… her USB drive broke.",
        "a) although",
        "b) during"
      ],
      "correct": null,
      "explain": ""
    },
    {
      "q": "c) when",
      "a": [
        "d) so",
        "73) Which of the underlined words or phrases is INCORRECT?",
        "Last week, Marks writes  three emails about  his new business plan  to his boss .",
        "a) writes"
      ],
      "correct": null,
      "explain": ""
    },
    {
      "q": "b) about",
      "a": [
        "c) plan",
        "d) his boss",
        "74)Which sentence has the CORRECT WORD ORDER?",
        "a) She claimed she was only relaxing, but when asked about it later, Lucy had clearly fallen asleep while sitting in the"
      ],
      "correct": null,
      "explain": ""
    },
    {
      "q": "b) Lucy had clearly fallen asleep while sitting in the car, she said she was only relaxing, but when asked about it later.",
      "a": [
        "c) Lucy had clearly fallen asleep while sitting in the car, but when asked about it later, she claimed she was only",
        "relaxing.",
        "d) While sitting in the car, but when asked about it later, she claimed he was only relaxing. Lucy had obviously fallen",
        "asleep."
      ],
      "correct": null,
      "explain": ""
    },
    {
      "q": "75) I will not go on holiday until I ……. all my work.",
      "a": [
        "a) have completed",
        "b) will complete",
        "c) completed",
        "d) did complete"
      ],
      "correct": null,
      "explain": ""
    },
    {
      "q": "76) Sara ………… a doctor, but now she's a teacher.",
      "a": [
        "a) used to be",
        "b) uses to be",
        "c) is used to be",
        "d) is using to be"
      ],
      "correct": null,
      "explain": ""
    },
    {
      "q": "77) If I have time tonight, I ………..… for the final exam.",
      "a": [
        "a) study",
        "b) am study",
        "c) will study",
        "d) going to study"
      ],
      "correct": null,
      "explain": ""
    },
    {
      "q": "أكاديمية ستيب المجانية               https://t.me/stepacademy                  مؤسس األكاديمية المهندس أنور",
      "a": [
        "155",
        "78) Mike has been a university student …… six months now.",
        "a) about",
        "b) since"
      ],
      "correct": null,
      "explain": ""
    },
    {
      "q": "c) yet",
      "a": [
        "d) for",
        "79) In which sentence is all Punctuation correct?",
        "a) After they went to hajj, they returned home to their countries; and went back to their old routines.",
        "b) After they went to hajj, they returned home to their countries and went back to their old routines."
      ],
      "correct": null,
      "explain": ""
    },
    {
      "q": "c) After they went to hajj they returned home to their countries; and went back to their old routines.",
      "a": [
        "d) After they went to hajj they returned home to their countries and went back to their old routines.",
        "80) I've been searching for the course book everywhere. ……. you find it anywhere?",
        "a) did",
        "b) are"
      ],
      "correct": null,
      "explain": ""
    },
    {
      "q": "c) were",
      "a": [
        "d) have",
        "81) Geography 101 …………… at our university last year.",
        "a) had not been offered",
        "b) has not been offered"
      ],
      "correct": null,
      "explain": ""
    },
    {
      "q": "c) was not offered",
      "a": [
        "d) is not offered",
        "82) Choose the CORRECT ORDER to make the following sentences into a paragraph",
        "(1) He practiced with the flash cards until he had memorized the whole French alphabet.",
        "(2) Eventually, he was able to keep short conversations with his French friends and relatives."
      ],
      "correct": null,
      "explain": ""
    },
    {
      "q": "(3) Then he bought children's books and watched videos until he built up his vocabulary and learned some basic",
      "a": [
        "grammar.",
        "(4) Mark wanted to learn French.",
        "(5) To start, he made a flash card for each letter in French with an English equivalent written on the back.",
        "a) (4), (5), (1), (3), (2)"
      ],
      "correct": null,
      "explain": ""
    },
    {
      "q": "b) (5), (4), (3), (1), (2)",
      "a": [
        "c) (4), (5), (2), (1), (3)",
        "d) (5), (4), (1), (2), (3)",
        "83) Tom could have gone to Rome with his friends, …………",
        "a) but he did"
      ],
      "correct": null,
      "explain": ""
    },
    {
      "q": "b) so he didn't",
      "a": [
        "c) and he did",
        "d) but he didn't",
        "156",
        "84) Which sentence has the CORRECT WORD ORDER?"
      ],
      "correct": null,
      "explain": ""
    },
    {
      "q": "a) To chase each other around, the students love, around the school yard until one of them falls and starts to cry.",
      "a": [
        "b) The students love to chase each other around the school yard until one of them falls and starts to cry.",
        "c) Around the school yard until one of them falls, the students love to chase each other around, and starts to cry.",
        "d) One of them falls and starts to cry until the students love to chase each other around the school yard.",
        "85) Which sentence has the CORRECT WORD ORDER?"
      ],
      "correct": null,
      "explain": ""
    },
    {
      "q": "a) Had lunch, the employees worked hard all morning, and then kept working the whole afternoon.",
      "a": [
        "b) The employees worked hard all morning, had lunch and then kept working the whole afternoon.",
        "c) The employees worked hard all morning, and then kept working the whole afternoon, had lunch.",
        "d) Had lunch, and then kept working the whole afternoon, the employees worked hard all morning.",
        "86) Mia …… green tea every evening."
      ],
      "correct": null,
      "explain": ""
    },
    {
      "q": "a) use to drink",
      "a": [
        "b) used to drink",
        "c) is used to drink",
        "d) used to drinking",
        "87) The term has just started, but I wish that it …………… already over."
      ],
      "correct": null,
      "explain": ""
    },
    {
      "q": "b) will be",
      "a": [
        "c) were",
        "d) may be",
        "88) Did you ask Mike if he usually …… after school?",
        "a) slept"
      ],
      "correct": null,
      "explain": ""
    },
    {
      "q": "b) sleep",
      "a": [
        "c) sleeping",
        "d) has slept",
        "89) Bicycles ……..… allowed inside university buildings.",
        "a) will not"
      ],
      "correct": null,
      "explain": ""
    },
    {
      "q": "b) are not",
      "a": [
        "c) do not",
        "d) not",
        "90) Adam and Ali always seem …… on Saturdays.",
        "a) studying"
      ],
      "correct": null,
      "explain": ""
    },
    {
      "q": "b) to study",
      "a": [
        "c) that they study",
        "d) they will study",
        "157",
        "91) If I …… younger, I would study to become a lawyer."
      ],
      "correct": null,
      "explain": ""
    },
    {
      "q": "b) were",
      "a": [
        "c) will be",
        "d) was being",
        "92) When you have answered the questions on page 104, …… you raise your hands, please?",
        "a) must"
      ],
      "correct": null,
      "explain": ""
    },
    {
      "q": "b) shall",
      "a": [
        "c) should",
        "d) would",
        "93) Jane …… physics since she was 15 years old. She is really knowledgeable.",
        "a) had been studying"
      ],
      "correct": null,
      "explain": ""
    },
    {
      "q": "b) has been studying",
      "a": [
        "c) was studying",
        "d) studied",
        "94) The student …… sits next to me in class is called Ahmad.",
        "a) who he"
      ],
      "correct": null,
      "explain": ""
    },
    {
      "q": "b) that he",
      "a": [
        "c) which",
        "d) who",
        "95) In which sentence is all PUNCTUATION correct?",
        "a) My favorite foods include pasta fish bread and, broccoli."
      ],
      "correct": null,
      "explain": ""
    },
    {
      "q": "b) My favorite foods include: pasta, fish, bread, and broccoli.",
      "a": [
        "c) My favorite foods include, pasta, fish, bread, and, broccoli.",
        "d) My favorite foods include: pasta fish bread, and broccoli.",
        "96) Mark works …………………...",
        "a) careful"
      ],
      "correct": null,
      "explain": ""
    },
    {
      "q": "b) carefully",
      "a": [
        "c) more careful",
        "d) most careful",
        "97) Anna's mobile was not working properly …… she took it to a repair shop.",
        "a) because"
      ],
      "correct": null,
      "explain": ""
    },
    {
      "q": "b) while",
      "a": [
        "c) but",
        "d) so",
        "158",
        "98) In which sentence is al CAPITALIZATION correct?"
      ],
      "correct": null,
      "explain": ""
    },
    {
      "q": "a) King Faisal Mosque is in Islamabad.",
      "a": [
        "b) king faisal mosque is in Islamabad.",
        "c) King faisal Mosque is in Islamabad.",
        "d) King faisal mosque is in Islamabad.",
        "99) If Mr. Carter doesn't get a better salary, he …… teaching next year."
      ],
      "correct": null,
      "explain": ""
    },
    {
      "q": "a) had stopped",
      "a": [
        "b) would stop",
        "c) will stop",
        "d) stop",
        "100) In which sentence is all CAPITALIZATION correct?"
      ],
      "correct": null,
      "explain": ""
    }
  ]
}