{
  "model": 38,
  "title": "النموذج 38",
  "questions": [
    {
      "q": "If it rains tomorrow, I ...................... my raincoat.",
      "a": [
        "wear",
        "am wear",
        "will wear",
        "going to wear"
      ],
      "correct": null,
      "explain": ""
    },
    {
      "q": "Now it is 10:00 PM. The train ..................... at 11:00 pm",
      "a": [
        "arriving",
        "arrived",
        "has arrived",
        "will arrive"
      ],
      "correct": null,
      "explain": ""
    },
    {
      "q": "If you promise to keep a secret, I ....................... you what happened.",
      "a": [
        "tell",
        "telling",
        "will tell",
        "would tell"
      ],
      "correct": null,
      "explain": ""
    },
    {
      "q": "Which of the following sentences has the CORRECT WORD ORDER?",
      "a": [
        "He burned incense so that his house would smell nice, for an hour in the morning, through the rest of the day.",
        "So that his house would smell nice, he burned incense for an hour in the morning, through the rest of the day.",
        "Through the rest of the day he burned incense for an hour in the morning so that his house would smell nice.",
        "He burned incense for an hour in the morning so that his house would smell nice through the rest of the day"
      ],
      "correct": null,
      "explain": ""
    },
    {
      "q": "Which of the following sentences has the CORRECT WORD ORDER?",
      "a": [
        "Mona is now at right the restaurant.",
        "At the restaurant right now is Mona.",
        "Right now at the restaurant is Mona.",
        "Mona is at the restaurant right now."
      ],
      "correct": null,
      "explain": ""
    },
    {
      "q": "أكاديمية ستيب المجانية               https://t.me/stepacademy                  مؤسس األكاديمية المهندس أنور",
      "a": [
        "222",
        "In which sentence is all PUNCTUATION correct?",
        "Some people enjoy visiting museums during their holidays there are some things that you should think about when",
        "going to a museum including opening times guided tours and where to eat lunch."
      ],
      "correct": null,
      "explain": ""
    },
    {
      "q": "Some people enjoy visiting museums doing their holidays, there are some things that you should think about when",
      "a": [
        "going to a museum, including opening times guided tours and where to eat lunch.",
        "Some people enjoy visiting museums during their holidays. There are some things that you should think about when",
        "going to museum including opening times, guided tours, and where to eat lunch.",
        "Some people enjoy visiting museums during their holidays: there are some things that you should think about when"
      ],
      "correct": null,
      "explain": ""
    },
    {
      "q": "going to a museum including, opening times, guided tours, and, where to eat lunch.",
      "a": [
        "Which sentence has the CORRECT WORD ORDER?",
        "I drink Pepsi never late at night",
        "I drink never Pepsi late at night",
        "I never drink Pepsi late at night"
      ],
      "correct": null,
      "explain": ""
    },
    {
      "q": "Never I drink Pepsi late at night.",
      "a": [
        "Which sentence is all CAPITALIZATION correct?",
        "The boy and his father came home late.",
        "The Boy and his father came home late",
        "The boy and his Father came home late."
      ],
      "correct": null,
      "explain": ""
    },
    {
      "q": "The Boy and his Father came home late.",
      "a": [
        "Choose the CORRECT ORDER to make the following sentences into a paragraph:",
        "(1) Later that week, her manager called her and said that she had given the best  presentation in the history of the",
        "company.",
        "(2) When she stood up to give her presentation, she was nervous but confident that she had prepared well."
      ],
      "correct": null,
      "explain": ""
    },
    {
      "q": "(3) All her colleagues were really proud of her.",
      "a": [
        "(4) She made sure to sleep early on the night before the presentation so that she would b e well rested and focused.",
        "(5) Helen worked really hard on her latest presentation at work that was coming up.",
        "(3), (4), (2), (1), (5).",
        "(3), (5), (4), (2), (1)."
      ],
      "correct": null,
      "explain": ""
    },
    {
      "q": "(5), (4), (2), (1), (3).",
      "a": [
        "(5), (4), (3), (2), (1).",
        "223",
        "There is still ……..........….. money left in my pocket. I have about five dollars or so.",
        "a few"
      ],
      "correct": null,
      "explain": ""
    },
    {
      "q": "If Bob’s late for work one more time, he …............…. his job.",
      "a": [
        "will lose",
        "would lose",
        "has lost",
        "had lost"
      ],
      "correct": null,
      "explain": ""
    },
    {
      "q": "Mike ....……............ be so rude to his neighbour. I have to tell him.",
      "a": [
        "shouldn’t",
        "wouldn’t",
        "doesn’t",
        "hasn’t"
      ],
      "correct": null,
      "explain": ""
    },
    {
      "q": "My parents have been married …............... fifty years.",
      "a": [
        "during",
        "since",
        "from",
        "for"
      ],
      "correct": null,
      "explain": ""
    },
    {
      "q": "I just saw your brother in the hospital. …..............… happened to him?",
      "a": [
        "who",
        "what",
        "whom",
        "where"
      ],
      "correct": null,
      "explain": ""
    },
    {
      "q": "The man …….........… we just met is our new boss.",
      "a": [
        "which",
        "whose",
        "whom",
        "what"
      ],
      "correct": null,
      "explain": ""
    },
    {
      "q": "أكاديمية ستيب المجانية               https://t.me/stepacademy                  مؤسس األكاديمية المهندس أنور",
      "a": [
        "224",
        "I will call you before I ……......……. home so you know I’m on my way.",
        "leave",
        "will leave"
      ],
      "correct": null,
      "explain": ""
    },
    {
      "q": "had left",
      "a": [
        "left",
        "This book …...............…. by a famous English written in 1603.",
        "wrote",
        "is written"
      ],
      "correct": null,
      "explain": ""
    },
    {
      "q": "was written",
      "a": [
        "writes",
        "Before he …...........…. a decision, Ted checked all the facts.",
        "had made",
        "made"
      ],
      "correct": null,
      "explain": ""
    },
    {
      "q": "has made",
      "a": [
        "makes",
        "I miss my best friend. If only he ….........…. Here with me!",
        "were",
        "had been"
      ],
      "correct": null,
      "explain": ""
    },
    {
      "q": "will be",
      "a": [
        "is",
        "Your father drives a Bentley! What …...............…. for a living?",
        "is he do",
        "does he do"
      ],
      "correct": null,
      "explain": ""
    },
    {
      "q": "does he",
      "a": [
        "is he",
        "I’m so happy my father stopped ……........… . He used to smoke 40 cigarettes a day.",
        "to smoke",
        "to smoking"
      ],
      "correct": null,
      "explain": ""
    },
    {
      "q": "smoking",
      "a": [
        "smoke",
        "225",
        "I know you didn’t break the window. It …...........….. by Emma’s sister.",
        "broke"
      ],
      "correct": null,
      "explain": ""
    },
    {
      "q": "broken",
      "a": [
        "is broken",
        "was broken",
        "I’m afraid you’re late for dinner. All the food has …........……",
        "been eaten"
      ],
      "correct": null,
      "explain": ""
    },
    {
      "q": "been eating",
      "a": [
        "eaten",
        "ate",
        "My father is a vegetarian. He eats ……............ meat nor fish.",
        "nor"
      ],
      "correct": null,
      "explain": ""
    },
    {
      "q": "either",
      "a": [
        "neither",
        "If I spoke French, I ……........… help the people, but I only speak English.",
        "can",
        "could"
      ],
      "correct": null,
      "explain": ""
    },
    {
      "q": "If Cathy had not spent all her money, she ……........ to borrow 20 dollars from me.",
      "a": [
        "hadn’t had",
        "won’t have had",
        "wouldn’t have had",
        "hasn’t had"
      ],
      "correct": null,
      "explain": ""
    },
    {
      "q": "My brother and I had an argument last night. He said he ….......…… to me again.",
      "a": [
        "never spoke",
        "never speaks",
        "has never spoken",
        "would never speak"
      ],
      "correct": null,
      "explain": ""
    },
    {
      "q": "أكاديمية ستيب المجانية               https://t.me/stepacademy                  مؤسس األكاديمية المهندس أنور",
      "a": [
        "226",
        "While my wife and I were in Austria last winter, we …….......… skiing in the mountains.",
        "gone",
        "have gone"
      ],
      "correct": null,
      "explain": ""
    },
    {
      "q": "are going",
      "a": [
        "went",
        "Chris has lived in his house all his life. He seems ...…....…. everyone in the neighborhood.",
        "that he know",
        "to know"
      ],
      "correct": null,
      "explain": ""
    },
    {
      "q": "knowing",
      "a": [
        "to be known",
        "I am really busy now, but I will join you guys…..........…… fifteen minutes.",
        "by",
        "over"
      ],
      "correct": null,
      "explain": ""
    },
    {
      "q": "during",
      "a": [
        "in",
        "My colleagues made me ……........... for them on my birthday.",
        "to sing",
        "sing"
      ],
      "correct": null,
      "explain": ""
    },
    {
      "q": "singing",
      "a": [
        "Which sentence has the CORRECT WORD ORDER?",
        "Ahmed went to the British Embassy to get a document approved, but when he arrived, he was not allowed in",
        "because he had not made an appointment first.",
        "But when he arrived, Ahmed went to the British Embassy to get a document approved, he was not allowed in"
      ],
      "correct": null,
      "explain": ""
    },
    {
      "q": "because he had not made an appointment first.",
      "a": [
        "He was not allowed in because he had not made an appointment first, but when he arrived, Ahmed went to the",
        "British Embassy to get a document approved.",
        "When he arrived he was not allowed in, but because he had not made an appointment first, Ahmed went to the",
        "British Embassy to get a document approved."
      ],
      "correct": null,
      "explain": ""
    },
    {
      "q": "أكاديمية ستيب المجانية               https://t.me/stepacademy                  مؤسس األكاديمية المهندس أنور",
      "a": [
        "227",
        "To which sentence can we add the following clause?",
        "- ............................................ because he never had enough money.",
        "1) It had been a long time since Ken had visited his uncle in their hometown."
      ],
      "correct": null,
      "explain": ""
    },
    {
      "q": "2) Now he was not feeling well and he knew he must go to visit him.",
      "a": [
        "3) Arriving after the long and tiring trip, he saw his uncle's face light up and began to feel much stronger.",
        "4) His visit had been better than any medicine.",
        "(1)",
        "(2)"
      ],
      "correct": null,
      "explain": ""
    },
    {
      "q": "Karen didn’t understand the task her manager gave her,….............. she kept asking for more information.",
      "a": [
        "because",
        "for",
        "if",
        "so"
      ],
      "correct": null,
      "explain": ""
    },
    {
      "q": "My sister doesn’t speak French. …….......................……. .",
      "a": [
        "so does my brother",
        "neither does my brother",
        "so doesn’t my brother",
        "neither doesn’t my brother"
      ],
      "correct": null,
      "explain": ""
    },
    {
      "q": "Which one of the underlined words or phrases is INCORRECT?",
      "a": [
        "The lost watch was finded  in the last place you would think of. It was a happy end to a sad story.",
        "was",
        "finded",
        "last"
      ],
      "correct": null,
      "explain": ""
    },
    {
      "q": "If she had more talent, she …...............…. in art school.",
      "a": [
        "enrolls",
        "would enroll",
        "had enrolled",
        "is going to enroll"
      ],
      "correct": null,
      "explain": ""
    },
    {
      "q": "أكاديمية ستيب المجانية               https://t.me/stepacademy                  مؤسس األكاديمية المهندس أنور",
      "a": [
        "228",
        "In the game of Monopoly, if a player gets a “go to jail card”, he ...….......…. directly to jail.",
        "must going",
        "must to go"
      ],
      "correct": null,
      "explain": ""
    },
    {
      "q": "must go",
      "a": [
        "must",
        "Mr. Amir, ……............ the students call Uncle Amir, taught the boys physical education several times a week.",
        "he",
        "him"
      ],
      "correct": null,
      "explain": ""
    },
    {
      "q": "If I ……............ more time, I …..........…. more.",
      "a": [
        "had/ learn",
        "have/ learn",
        "had/ would learn",
        "have/ would learn"
      ],
      "correct": null,
      "explain": ""
    }
  ]
}