{
  "model": 24,
  "title": "النموذج 24",
  "questions": [
    {
      "q": "61) In which sentence is all CAPITALIZATION correct?",
      "a": [
        "A. I heard that mr. Davis is traveling to japan next Friday .",
        "B. I heard that mr. Davis is traveling to Japan next Friday .",
        "C. I heard that Mr. Davis is traveling to Japan next friday .",
        "D. I heard that Mr. Davis is traveling to Japan next Friday ."
      ],
      "correct": null,
      "explain": ""
    },
    {
      "q": "أكاديمية ستيب المجانية               https://t.me/stepacademy                  مؤسس األكاديمية المهندس أنور",
      "a": [
        "134",
        "62) In which sentence is all PUNCTUATION correct?",
        "A. Instead of taking the elevator to the top I decided, to take the stairs.",
        "B. Instead of taking the elevator to the top; I decided to take the stairs."
      ],
      "correct": null,
      "explain": ""
    },
    {
      "q": "C. Instead of taking the elevator to the top I decided to take the stairs.",
      "a": [
        "D. Instead of taking the elevator to the top. I decided to take the stairs.",
        "63) Let’s meet…………….9.00 a.m.",
        "A. at",
        "B. in"
      ],
      "correct": null,
      "explain": ""
    },
    {
      "q": "64) You are ………………. teacher I’ve ever had.",
      "a": [
        "A. best",
        "B. better",
        "C. the best",
        "D. better than"
      ],
      "correct": null,
      "explain": ""
    },
    {
      "q": "65) Ahmad and Ali are friends but they treat each other……….. brothers.",
      "a": [
        "A. like",
        "B. for",
        "C. good",
        "D. same"
      ],
      "correct": null,
      "explain": ""
    },
    {
      "q": "66) A. Excuse me. Is this Dave's?                   B. No, it's......",
      "a": [
        "A. I",
        "B. Me",
        "C. My",
        "D. Mine"
      ],
      "correct": null,
      "explain": ""
    },
    {
      "q": "67) I've been...... University since six o'clock in the morning.",
      "a": [
        "A. over",
        "B. by",
        "C. on",
        "D. at"
      ],
      "correct": null,
      "explain": ""
    },
    {
      "q": "68) Will: Do you want me to fix the window?            Ben: No, I’ll do it…………………",
      "a": [
        "A. myself",
        "B. mine",
        "C. my",
        "D. me"
      ],
      "correct": null,
      "explain": ""
    },
    {
      "q": "أكاديمية ستيب المجانية               https://t.me/stepacademy                  مؤسس األكاديمية المهندس أنور",
      "a": [
        "135",
        "69) Before ………. To bed every night, remember to brush your teeth.",
        "A. go",
        "B. to go"
      ],
      "correct": null,
      "explain": ""
    },
    {
      "q": "C. going",
      "a": [
        "D. gone",
        "70) Friend: Can John come out to play?           Father -. I’m sorry. He……………..his homework at the moment.",
        "A. does",
        "B. is doing"
      ],
      "correct": null,
      "explain": ""
    },
    {
      "q": "C. was doing",
      "a": [
        "D. will be doing",
        "71) Would you like …………. more coffee?",
        "A. some",
        "B. many"
      ],
      "correct": null,
      "explain": ""
    },
    {
      "q": "D. lot",
      "a": [
        "72) ……She heard the good news; Julia ran out of house to tell her friends all about it.",
        "A. While",
        "B. When",
        "C. Already"
      ],
      "correct": null,
      "explain": ""
    },
    {
      "q": "D. Just",
      "a": [
        "73) The lunch was delicious. ........enjoyed it.",
        "A. Anybody .",
        "B. Anybody of us .",
        "C. Everybody ."
      ],
      "correct": null,
      "explain": ""
    },
    {
      "q": "D. Everybody of us .",
      "a": [
        "74) In which sentence is all CAPITALIZATION correct?",
        "A. The Jupiter and mars exhibits at the London planetarium are fascinating.",
        "B. The jupiter and mars Exhibits at the London planetarium are fascinating.",
        "C. The jupiter and mars exhibits at the London Planetarium are fascinating."
      ],
      "correct": null,
      "explain": ""
    },
    {
      "q": "D. The Jupiter and Mars exhibits at the London Planetarium are fascinating.",
      "a": [
        "75) If you......me, I can solve the math problem.",
        "A. had taught .",
        "B. teach .",
        "C. have taught ."
      ],
      "correct": null,
      "explain": ""
    },
    {
      "q": "D. teaching .",
      "a": [
        "136",
        "76) A: …………… a chain smoker.                   B: Really? When was that?",
        "A. I am using to be",
        "B.I used to be"
      ],
      "correct": null,
      "explain": ""
    },
    {
      "q": "C. I’m used to",
      "a": [
        "D. I use to be",
        "77) Which one of the underlined words or phrases is INCORRECT?",
        "Evening classes are the worse part of my class schedule this semester .",
        "A. Evening ."
      ],
      "correct": null,
      "explain": ""
    },
    {
      "q": "B. are",
      "a": [
        "C. worse",
        "D. of",
        "78) Jack is not a hard -working student. ……… he always gets excellent grades.",
        "A. Although"
      ],
      "correct": null,
      "explain": ""
    },
    {
      "q": "B. Therefore",
      "a": [
        "C. Moreover",
        "D. However",
        "79) In which sentence is all CAPITALIZATION correct?",
        "A. Mrs. Nora always began her English lesson by asking the students, “How are all of you this Monday morning?\""
      ],
      "correct": null,
      "explain": ""
    },
    {
      "q": "B. Mrs. Nora always began her English Lesson by asking the student, “how are all of You This Monday morning?\"",
      "a": [
        "C. Mrs. Nora always began her English Lesson by asking the students, “how are all of you this Monday Morning?\"",
        "D. Mrs. Nora always began Her English lesson by asking the students. “How are all of you this monday Morning?’",
        "80) When they........, we'll all go together to the end -of-the-year party.",
        "A. had arrived"
      ],
      "correct": null,
      "explain": ""
    },
    {
      "q": "B. arrive",
      "a": [
        "C. arrived",
        "D. will arrive",
        "81) Wife: did you forget to buy milk?",
        "Husband: I didn't forget. But by the time I arrived to the shop, they..... ............ ..."
      ],
      "correct": null,
      "explain": ""
    },
    {
      "q": "A. already close",
      "a": [
        "B. had already closed",
        "C. have already closed",
        "D. would already close",
        "82) Which one of the underlined words or phrases is INCORRECT?"
      ],
      "correct": null,
      "explain": ""
    },
    {
      "q": "In my spare time I enjoy taking care of my garden and to read short stories .",
      "a": [
        "A. I",
        "B. Taking care",
        "C. My",
        "D. To read"
      ],
      "correct": null,
      "explain": ""
    },
    {
      "q": "أكاديمية ستيب المجانية               https://t.me/stepacademy                  مؤسس األكاديمية المهندس أنور",
      "a": [
        "137",
        "83) Which sentence has the CORRECT WORD ORDER?",
        "A. I tried to explain why I borrowed the umbrella",
        "B. I tried explain to why I borrowed the umbrella"
      ],
      "correct": null,
      "explain": ""
    },
    {
      "q": "C. I tried to explain why the umbrella I borrowed",
      "a": [
        "D. tried why I borrowed the umbrella to explain",
        "84) It was …………… cold to go outdoors today.",
        "A. enough",
        "B. much"
      ],
      "correct": null,
      "explain": ""
    },
    {
      "q": "C. a lot",
      "a": [
        "D. too",
        "85) Choose the CORRECT ORDER to make the following sentences into paragraph:",
        "(1) if they wanted him to explain",
        "(2) the answer in more detail."
      ],
      "correct": null,
      "explain": ""
    },
    {
      "q": "(3) the teacher asked the students",
      "a": [
        "(4) At the end of the lesson.",
        "A. (4), (3), (2), (1)",
        "B. (4), (3), (1), (2)",
        "C. (3), (4), (1), (2)"
      ],
      "correct": null,
      "explain": ""
    },
    {
      "q": "D. (3), (4), (2), (1)",
      "a": [
        "86) My vacation begins ……………. June 22.",
        "A. on",
        "B. for",
        "C. at"
      ],
      "correct": null,
      "explain": ""
    },
    {
      "q": "87) If you want to see your writing grades, come by ray office tomorrow morning. I………………your essays by then.",
      "a": [
        "A. mark",
        "B. am marking",
        "C. have marked",
        "D. will have marked"
      ],
      "correct": null,
      "explain": ""
    },
    {
      "q": "88) I…………. for the exam last night.",
      "a": [
        "A. study",
        "B. studied",
        "C. had studied",
        "D. would study"
      ],
      "correct": null,
      "explain": ""
    },
    {
      "q": "أكاديمية ستيب المجانية               https://t.me/stepacademy                  مؤسس األكاديمية المهندس أنور",
      "a": [
        "138",
        "89) The chocolate cake ………………. before my father came home.",
        "A. at",
        "B. was eating"
      ],
      "correct": null,
      "explain": ""
    },
    {
      "q": "C. eaten",
      "a": [
        "D. was eaten",
        "90) It normally takes me………. minutes to shave, but today I’m taking my time.",
        "A. much",
        "B. some"
      ],
      "correct": null,
      "explain": ""
    },
    {
      "q": "C. a few",
      "a": [
        "D. lot of",
        "91) The man……… you spoke to at the party last night used to be my roommate.",
        "A. which",
        "B. whose"
      ],
      "correct": null,
      "explain": ""
    },
    {
      "q": "C. who",
      "a": [
        "D. where",
        "92) Mom: George! I………. for you since 5:00 to help me. George: sorry, mom I was in the basement.",
        "A. Have been looking.",
        "B. Am looking."
      ],
      "correct": null,
      "explain": ""
    },
    {
      "q": "C. Looking",
      "a": [
        "D. look",
        "93) I …………. my pen. Have you seen it?",
        "A. los e",
        "B. am lose"
      ],
      "correct": null,
      "explain": ""
    },
    {
      "q": "C. have lost",
      "a": [
        "D. am losing",
        "94) Which one of the following sentences has the CORRECT WORD ORDER?",
        "A. In the world affected by climate change, Peru likely to be the most top three nations is rated among.",
        "B. Among the top three nations is most likely Peru rated to be change affected by climate in the world."
      ],
      "correct": null,
      "explain": ""
    },
    {
      "q": "C. Peru is rated among the top three nations likely to be most affected by climate change in the world.",
      "a": [
        "D. Climate change in the world is most likely to be affected by Peru rated among the top three nations",
        "95) Which one of the underlined words or phrases is INCORRECT?",
        "Jane was very pleased that much  of her friends helped her in her time of need, except  for a few who  were too busy",
        "handling  their own problems."
      ],
      "correct": null,
      "explain": ""
    },
    {
      "q": "A. much",
      "a": [
        "B. except",
        "C. who",
        "D. handling",
        "139"
      ],
      "correct": null,
      "explain": ""
    },
    {
      "q": "96) Since the property is very old and needs many repairs, landlord…………. the rent at the beginning of the coming",
      "a": [
        "year.",
        "A. might reduce",
        "B. might reduces",
        "C. might reduced"
      ],
      "correct": null,
      "explain": ""
    },
    {
      "q": "D. might reducing",
      "a": [
        "97) Choose the CORRECT ORDER to make the following sentences into paragraph:",
        "(1) Her mother bought a special wooden frame for it.",
        "(2) One of her paintings reminded her mother of the busy activity of a city.",
        "(3) Once a week, she would create an abstract painting with intricate patterns."
      ],
      "correct": null,
      "explain": ""
    },
    {
      "q": "(4) Whenever guests came, they would admire the beauty of that painting.",
      "a": [
        "(5) Jenny loved to paint with watercolors.",
        "A. (5), (1), (3), (2), (4)",
        "B. (5), (2), (1), (4), (3)",
        "C. (5), (3), (2), (1), (4)"
      ],
      "correct": null,
      "explain": ""
    },
    {
      "q": "D. (5), (4), (3), (2), (1)",
      "a": [
        "98) Mark likes the book I gave him so much, he …………. it three times.",
        "A. reads",
        "B. has read",
        "C. is reading"
      ],
      "correct": null,
      "explain": ""
    },
    {
      "q": "D. has been reading",
      "a": [
        "99) If they ……… enough money, they would have built modern villas.",
        "A. have got",
        "B. had had",
        "C. have had"
      ],
      "correct": null,
      "explain": ""
    },
    {
      "q": "D. had have",
      "a": [
        "100) Jane: Hey Lisa, …… Kate lately?         She’s lost a lot of weight.       Lisa: I can’t wait to see her.",
        "A. did you see",
        "B. do you see",
        "C. have you seen"
      ],
      "correct": null,
      "explain": ""
    }
  ]
}