{
  "model": 7,
  "title": "النموذج 7",
  "questions": [
    {
      "q": "61. If it rains tomorrow, I ...................... my raincoat.",
      "a": [
        "wear",
        "am wear",
        "will wear",
        "going to wear"
      ],
      "correct": null,
      "explain": ""
    },
    {
      "q": "62. Now it is 10:00 PM. The train ..................... at 11:00 pm",
      "a": [
        "arriving",
        "arrived",
        "has arrived",
        "will arrive"
      ],
      "correct": null,
      "explain": ""
    },
    {
      "q": "63. If you promise to keep a secret, I ....................... you what happened.",
      "a": [
        "tell",
        "telling",
        "will tell",
        "would tell"
      ],
      "correct": null,
      "explain": ""
    },
    {
      "q": "أكاديمية ستيب المجانية               https://t.me/stepacademy                  مؤسس األكاديمية المهندس أنور",
      "a": [
        "38",
        "64. Which of the following sentences has the CORRECT WORD ORDER?",
        "He burned incense so that his house would smell nice, for an hour in the morning, through the rest of the day.",
        "So that his house would smell nice, he burned incense for an hour in the morning, through the rest of the day."
      ],
      "correct": null,
      "explain": ""
    },
    {
      "q": "Through the rest of the day he burned incense for an hour in the morning so that his house would smell nice.",
      "a": [
        "He burned incense for an hour in the morning so that his house would smell nice through the rest of the day",
        "65. Which of the underlined words or phrases is INCORRECT?",
        "My mother she gave that book to me  when I graduated  from middle school.",
        "(A) she"
      ],
      "correct": null,
      "explain": ""
    },
    {
      "q": "(B) to me",
      "a": [
        "(C) graduated",
        "(D) middle school",
        "66. Mark flew to Paris from London and then he ………………..",
        "(A) an Uber to my office took to surprise me"
      ],
      "correct": null,
      "explain": ""
    },
    {
      "q": "(B) to surprise me to my office took an Uber",
      "a": [
        "(C) took an Uber to surprise me to my office",
        "(D) took an Uber to my office to surprise me",
        "67. The basketball game started at 6 o'clock, ……………….",
        "(A) and just for the second quarter in time we arrived"
      ],
      "correct": null,
      "explain": ""
    },
    {
      "q": "(B) and we for the second quarter just arrived in time",
      "a": [
        "(C) and just in time we arrived for the second quarter",
        "(D) and we arrived just in time for the second quarter",
        "68. Which one of the underlined words or phrases is INCORRECT?",
        "Tomorrow  we are going to review  some of the things we discuss  in our last meeting."
      ],
      "correct": null,
      "explain": ""
    },
    {
      "q": "(A) Tomorrow",
      "a": [
        "(B) to review",
        "(C) discuss",
        "(D) Last",
        "69. In which sentence is all CAPITALIZATION correct?"
      ],
      "correct": null,
      "explain": ""
    },
    {
      "q": "(A) she came here on Sunday, August 14.",
      "a": [
        "(B) She came here on Sunday, august 14.",
        "(C) She came here on sunday, August 14.",
        "(D) She came here on Sunday, August 14.",
        "39"
      ],
      "correct": null,
      "explain": ""
    },
    {
      "q": "70. Alex, ………… you please help me with my homework?",
      "a": [
        "(A) shall",
        "(B) would",
        "(C) should",
        "(D) must"
      ],
      "correct": null,
      "explain": ""
    },
    {
      "q": "71. You have school tomorrow. You …………… watching TV at 9 P.M.",
      "a": [
        "(A) must stopping",
        "(B) must stop",
        "(C) must",
        "(D) must to stop"
      ],
      "correct": null,
      "explain": ""
    },
    {
      "q": "72. If Ben gets a new job, he ……………. a nice apartment.",
      "a": [
        "(A) bought",
        "(B) had bought",
        "(C) will buy",
        "(D) would buy"
      ],
      "correct": null,
      "explain": ""
    },
    {
      "q": "73. Cathy ………….. a holiday if she completes her project.",
      "a": [
        "(A) would take",
        "(B) will take",
        "(C) had taken",
        "(D) took"
      ],
      "correct": null,
      "explain": ""
    },
    {
      "q": "74. Bob ……………… swimming in Jeddah last month.",
      "a": [
        "(A) go",
        "(B) went",
        "(C) has gone",
        "(D) had gone"
      ],
      "correct": null,
      "explain": ""
    },
    {
      "q": "75. He met an old friend while he …………... for new shoes.",
      "a": [
        "(A) have shopped",
        "(B) shopped",
        "(C) shop",
        "(D) was shopping"
      ],
      "correct": null,
      "explain": ""
    },
    {
      "q": "76. Okay everyone, ………... can tell me about the water cycle?",
      "a": [
        "(A) whom",
        "(B) who",
        "(C) which",
        "(D) whose"
      ],
      "correct": null,
      "explain": ""
    },
    {
      "q": "أكاديمية ستيب المجانية               https://t.me/stepacademy                  مؤسس األكاديمية المهندس أنور",
      "a": [
        "40",
        "77. I wanted to know if he usually …………. Hyde Park when he lived in London.",
        "(A) visited",
        "(B) visit"
      ],
      "correct": null,
      "explain": ""
    },
    {
      "q": "(C) visiting",
      "a": [
        "(D) has visited",
        "78. The food has been cooking ……………30 minutes. Could you switch it off?",
        "(A) for",
        "(B) from"
      ],
      "correct": null,
      "explain": ""
    },
    {
      "q": "(C) since",
      "a": [
        "(D) during",
        "79. Hey Chris,………….. one of your courses has three credit hours?",
        "(A) that",
        "(B) which"
      ],
      "correct": null,
      "explain": ""
    },
    {
      "q": "(C) what",
      "a": [
        "(D) this",
        "80. The cola is over there. Could you pass ……….. to me?",
        "(A) these",
        "(B) him"
      ],
      "correct": null,
      "explain": ""
    },
    {
      "q": "(C) it",
      "a": [
        "(D) those",
        "81. The father warned his son …………..",
        "(A) angry",
        "(B) angriness"
      ],
      "correct": null,
      "explain": ""
    },
    {
      "q": "(C) angrily",
      "a": [
        "(D) anger",
        "82. Ask Diana to help you; she's much …………. than Dave.",
        "(A) cleverly",
        "(B) cleverest"
      ],
      "correct": null,
      "explain": ""
    },
    {
      "q": "(C) cleverer",
      "a": [
        "(D) clever",
        "83. Please complete this application. It will only take ……..minutes.",
        "(A) a few",
        "(B) many"
      ],
      "correct": null,
      "explain": ""
    },
    {
      "q": "(C) a little",
      "a": [
        "(D) several",
        "41",
        "84. I am happy to make her ………… the test again.",
        "(A) took"
      ],
      "correct": null,
      "explain": ""
    },
    {
      "q": "(B) to take",
      "a": [
        "(C) taking",
        "(D) take",
        "85. You should buy travel insurance before …….. to another country.",
        "(A) flying"
      ],
      "correct": null,
      "explain": ""
    },
    {
      "q": "(B) you flying",
      "a": [
        "(C) are flying",
        "(D) was flying",
        "86. If I ………….. you, I'd stop eating so many sweets. It'll rot your teeth.",
        "(A) am"
      ],
      "correct": null,
      "explain": ""
    },
    {
      "q": "(B) were",
      "a": [
        "(C) being",
        "(D) been",
        "87. You normally visit Canada. You …………. like to try Mexico this year.",
        "(A) must"
      ],
      "correct": null,
      "explain": ""
    },
    {
      "q": "(B) could",
      "a": [
        "(C) might",
        "(D) should",
        "88. Emma, …………………. works on Tuesdays, can help you with your question.",
        "(A) whose"
      ],
      "correct": null,
      "explain": ""
    },
    {
      "q": "(B) who",
      "a": [
        "(C) who she",
        "(D) she",
        "89. Do you know where ……………?",
        "(A) is the nearest pharmacy"
      ],
      "correct": null,
      "explain": ""
    },
    {
      "q": "(B) is the pharmacy nearest",
      "a": [
        "(C) the pharmacy nearest is",
        "(D) the nearest pharmacy is",
        "90. One of my new colleagues said he …………. me how to use the program later.",
        "(A) show"
      ],
      "correct": null,
      "explain": ""
    },
    {
      "q": "(B) showing",
      "a": [
        "(C) has shown",
        "(D) would show",
        "42",
        "91. If they ………… with a guarantee, they would be able to get it fixed now."
      ],
      "correct": null,
      "explain": ""
    },
    {
      "q": "(A) purchased",
      "a": [
        "(B) will purchase",
        "(C) had purchased",
        "(D) purchases",
        "92. Which phrase correctly replaces the INCORRECT underlined phrase?"
      ],
      "correct": null,
      "explain": ""
    },
    {
      "q": "Walk through the park , he saw something that looked like a cat.",
      "a": [
        "(A) Walking through the park",
        "(B) Walks through the park",
        "(C) Through the park walk",
        "(D) The park through"
      ],
      "correct": null,
      "explain": ""
    },
    {
      "q": "93. To which sentence can we add the following clause?  ……… .......... ……….. until it boils.",
      "a": [
        "(1) Making a cup of coffee is not difficult.",
        "(2) First, you heat the water.",
        "(3) Then, pour it into the coffee filter.",
        "(4) Wait for the water to run through the filter and then drink it."
      ],
      "correct": null,
      "explain": ""
    },
    {
      "q": "(A) (1)",
      "a": [
        "(B) (2)",
        "(C) (3)",
        "(D) (4)",
        "94. Peter was preparing the hot dogs…………. Paul was lighting the barbeque fire."
      ],
      "correct": null,
      "explain": ""
    },
    {
      "q": "(A) while",
      "a": [
        "(B) until",
        "(C) so that",
        "(D) even if",
        "95. The students returned from the trip………… they had visited many places and enjoyed themselves a lot."
      ],
      "correct": null,
      "explain": ""
    },
    {
      "q": "(A) before",
      "a": [
        "(B) after",
        "(C) until",
        "(D) unless",
        "96. Which of the underlined words or phrases is INCORRECT?"
      ],
      "correct": null,
      "explain": ""
    },
    {
      "q": "I think all childs  should help their  parents. When they’re busy, help them look after  their  younger brothers and",
      "a": [
        "sisters and make sure they don't  get into trouble.",
        "(A) childs",
        "(B) their",
        "(C) look after"
      ],
      "correct": null,
      "explain": ""
    },
    {
      "q": "(D) don't",
      "a": [
        "43",
        "97. If she had more talent, she …………. in art school.",
        "(A) enrolls",
        "(B) would enroll"
      ],
      "correct": null,
      "explain": ""
    },
    {
      "q": "(C) had enrolled",
      "a": [
        "(D) is going to enroll",
        "98. In the game of Monopoly, if a player gets a \"go to jail card\", he…..directly to jail.",
        "(A) must going",
        "(B) must to go"
      ],
      "correct": null,
      "explain": ""
    },
    {
      "q": "(C) must go",
      "a": [
        "(D) must",
        "99. Mr. Amir, …………. the students call Uncle Amir, taught the boys physical education several times a week.",
        "(A) he",
        "(B) him"
      ],
      "correct": null,
      "explain": ""
    },
    {
      "q": "(C) whom",
      "a": [
        "(D) which",
        "100. If I ………….. more time, I ………….. more languages.",
        "(A) had / learn",
        "(B) have / learn"
      ],
      "correct": null,
      "explain": ""
    }
  ]
}