{
  "model": 25,
  "title": "النموذج 25",
  "questions": [
    {
      "q": "61) Mark is ……………. than Sami.",
      "a": [
        "A) smart",
        "B) smarter",
        "C) smartest",
        "D) smartly"
      ],
      "correct": null,
      "explain": ""
    },
    {
      "q": "62) In which sentence is all PUNCTUATION correct?",
      "a": [
        "A) All in all; this is a great achievement, indeed.",
        "B) All in all, this is a great achievement: indeed.",
        "C) All in all this is a great achievement; indeed.",
        "D) All in all, this is a great achievement indeed."
      ],
      "correct": null,
      "explain": ""
    },
    {
      "q": "63) Could you please open the windows? We need …………..",
      "a": [
        "A) fresh air",
        "B) fresh airs",
        "C) a fresh air",
        "D) an air fresh"
      ],
      "correct": null,
      "explain": ""
    },
    {
      "q": "64) I'm really sorry George. I don't have …………. money with me, but I can bring you some tomorrow.",
      "a": [
        "A) any",
        "B) some",
        "C) a few",
        "D) many"
      ],
      "correct": null,
      "explain": ""
    },
    {
      "q": "65) Dr. Carter was unable to read the letter ……….. he spilled water on it.",
      "a": [
        "A) because",
        "B) also",
        "C) that",
        "D) but"
      ],
      "correct": null,
      "explain": ""
    },
    {
      "q": "66) We should listen to other people. We can learn many things from ………",
      "a": [
        "A) it",
        "B) their",
        "C) them",
        "D) his"
      ],
      "correct": null,
      "explain": ""
    },
    {
      "q": "67) In which sentence is all CAPITALIZATION correct?",
      "a": [
        "A) King Khalid Mosque is in Riyadh.",
        "B) king Khalid mosque is in Riyadh.",
        "C) King Khalid Mosque is in RIYADH.",
        "D) King Khalid mosque is in riyadh."
      ],
      "correct": null,
      "explain": ""
    },
    {
      "q": "أكاديمية ستيب المجانية               https://t.me/stepacademy                  مؤسس األكاديمية المهندس أنور",
      "a": [
        "141",
        "68) Ali is fixing his brother's bicycle, and he…….... some help. Can you help him?",
        "A) is needing",
        "B) needed"
      ],
      "correct": null,
      "explain": ""
    },
    {
      "q": "C) needs",
      "a": [
        "D) need",
        "69) If we………..up early, we will miss the flight. We have to be at King International Airport at 7 AM.",
        "A) get",
        "B) don't get"
      ],
      "correct": null,
      "explain": ""
    },
    {
      "q": "C) did not get",
      "a": [
        "D) had not get",
        "70) Does everyone……….. that the final exam will be on Thursday?",
        "A) knew",
        "B) know"
      ],
      "correct": null,
      "explain": ""
    },
    {
      "q": "C) known",
      "a": [
        "D) knowing",
        "71) That old man sitting on the green bench…….......a popular TV show when you were a little child.",
        "A) use to host",
        "B) uses to host"
      ],
      "correct": null,
      "explain": ""
    },
    {
      "q": "C) used to host",
      "a": [
        "D) used to hosting",
        "72) Hey,……………..ate my sandwich?",
        "A) whom",
        "B) who"
      ],
      "correct": null,
      "explain": ""
    },
    {
      "q": "C) which",
      "a": [
        "D) whose",
        "73) I have been living in Dammam …………….. three years now.",
        "A) for",
        "B) yet"
      ],
      "correct": null,
      "explain": ""
    },
    {
      "q": "C) since",
      "a": [
        "D) about",
        "74) Would you be able to wait……………. tomorrow for the delivery?",
        "A) to",
        "B) until"
      ],
      "correct": null,
      "explain": ""
    },
    {
      "q": "C) since",
      "a": [
        "D) through",
        "142",
        "75) We need ……………. butter to make this cake.",
        "A) any"
      ],
      "correct": null,
      "explain": ""
    },
    {
      "q": "B) much",
      "a": [
        "C) many",
        "D) some",
        "76) A: Did you enjoy ……………… B: Yes, we did.",
        "A) yours"
      ],
      "correct": null,
      "explain": ""
    },
    {
      "q": "B) yourself",
      "a": [
        "C) ourselves",
        "D) yourselves",
        "77) A well -known athlete …………….. in the park right now.",
        "A) exercises"
      ],
      "correct": null,
      "explain": ""
    },
    {
      "q": "B) exercised",
      "a": [
        "C) is exercising",
        "D) has exercised",
        "78) Which one of the underlined words or phrases is INCORRECT?",
        "The decision to go nor stay was difficult to reach."
      ],
      "correct": null,
      "explain": ""
    },
    {
      "q": "A) to go",
      "a": [
        "B) nor",
        "C) was",
        "D) to reach",
        "79) Children should always clean their rooms by ......................"
      ],
      "correct": null,
      "explain": ""
    },
    {
      "q": "A) themselves",
      "a": [
        "B) theirselves",
        "C) himself",
        "D) herself",
        "80) In which sentence is all PUNCTUATION correct?"
      ],
      "correct": null,
      "explain": ""
    },
    {
      "q": "A) After they traveled the world, they returned home to their families; and went back to their old routines.",
      "a": [
        "B) After they traveled the world, they returned home, to their families, and went back, to their old routines.",
        "C) After they traveled the world: they returned home, to their families and went back, to their old routines.",
        "D) After they traveled the world, they returned home to their families and went back to their old routines.",
        "81) There are several steps a student should follow before starting to answer an exam……….. , he or she should read"
      ],
      "correct": null,
      "explain": ""
    },
    {
      "q": "the question carefully.",
      "a": [
        "A) First",
        "B) Also",
        "C) Then",
        "D) Next"
      ],
      "correct": null,
      "explain": ""
    },
    {
      "q": "أكاديمية ستيب المجانية               https://t.me/stepacademy                  مؤسس األكاديمية المهندس أنور",
      "a": [
        "143",
        "82) Which of the following sentences has the CORRECT WORD ORDER?",
        "A) And tried to fall asleep, they could hear the pattering of the rain on the roof at night while they lay in their beds.",
        "B) On the roof at night while they lay in their beds, they could hear and tried to fall asleep, the pattering of the rain."
      ],
      "correct": null,
      "explain": ""
    },
    {
      "q": "C) They could hear the patterning of the rain on the roof at night while they lay in their beds and tried to fall asleep.",
      "a": [
        "D) At night, they could hear while they lay in their beds, the pattering of the rain on the roof, and tried to fall asleep.",
        "83) Choose the CORRECT ORDER to make the following sentences into a paragrap h?",
        "(1) Near them is a man fishing.",
        "(2) There is a shady place near the river."
      ],
      "correct": null,
      "explain": ""
    },
    {
      "q": "(3) He is holding a wooden pole.",
      "a": [
        "(4) Two children are sitting there under a tree.",
        "A) (4), (2), (1), (3)",
        "B) (4), (3), (2), (1)",
        "C) (2), (1), (3), (4)"
      ],
      "correct": null,
      "explain": ""
    },
    {
      "q": "D) (2), (4), (1), (3)",
      "a": [
        "84) Fruits and vegetables provide lots of vitamins and minerals in our diet………….., they contain a lot of fiber.",
        "A) In addition",
        "B) In contrast",
        "C) For example"
      ],
      "correct": null,
      "explain": ""
    },
    {
      "q": "D) As a result",
      "a": [
        "85) When you call the office, you should give your message to anyone ………… answers the phone.",
        "A) who he",
        "B) whose",
        "C) who"
      ],
      "correct": null,
      "explain": ""
    },
    {
      "q": "86) The manager …………… we met was really interesting.",
      "a": [
        "A) Whose",
        "B) Whom",
        "C) When",
        "D) Where"
      ],
      "correct": null,
      "explain": ""
    },
    {
      "q": "87) Shh! There is a noise outside. ………………. that?",
      "a": [
        "A) Are you hearing",
        "B) Do you hear",
        "C) Are you hear",
        "D) You hearing"
      ],
      "correct": null,
      "explain": ""
    },
    {
      "q": "أكاديمية ستيب المجانية               https://t.me/stepacademy                  مؤسس األكاديمية المهندس أنور",
      "a": [
        "144",
        "88) Reaching the summit of the mountain was ……… challenge of Ali's life.",
        "A) big",
        "B) bigger"
      ],
      "correct": null,
      "explain": ""
    },
    {
      "q": "C) the bigger",
      "a": [
        "D) the biggest",
        "89) My doctor told me that I should ………. more vegetables.",
        "A) eating",
        "B) to eat"
      ],
      "correct": null,
      "explain": ""
    },
    {
      "q": "C) eat",
      "a": [
        "D) ate",
        "90) Yesterday, the teacher…………. Listen for her twin sister Kate.",
        "A) mistakes",
        "B) mistook"
      ],
      "correct": null,
      "explain": ""
    },
    {
      "q": "C) mistaking",
      "a": [
        "D) mistaken",
        "91) Choose the CORRECT ORDER to make the following sentences into paragraph:",
        "(1) As a result, the ostrich cannot fly.",
        "(2) The largest bird in the world is the ostrich."
      ],
      "correct": null,
      "explain": ""
    },
    {
      "q": "(3) This is a lot of weight to lift in the air.",
      "a": [
        "(4) It can weigh as much as 135 kilograms.",
        "A) (4), (2), (1), (3)",
        "B) (2), (4), (3), (1)",
        "C) (2), (1), (3), (4)"
      ],
      "correct": null,
      "explain": ""
    },
    {
      "q": "D) (4), (3), (2), (1)",
      "a": [
        "92) Which one of the underlined words or phrases is INCORRECT?",
        "My sister loves shopping. She doesn't buy many , but she likes wandering  round the shopping malls, looking for  bat",
        "gams. I keep telling her that it's a waste of time , but she doesn't listen to me!",
        "A) many"
      ],
      "correct": null,
      "explain": ""
    },
    {
      "q": "B) wandering",
      "a": [
        "C) looking for",
        "D) waste of time.",
        "93) Student: Sir, I have finished the quiz. Teacher: What? We only started ten minutes ago. You ............  possibly have",
        "finished"
      ],
      "correct": null,
      "explain": ""
    },
    {
      "q": "A) shouldn't",
      "a": [
        "B) wouldn’t",
        "C) couldn’t",
        "D) won't",
        "145"
      ],
      "correct": null,
      "explain": ""
    },
    {
      "q": "94) Mike: What do you do on weekends?",
      "a": [
        "Roger: Well, normally I'm busy, but I have .............  hours to go out with my friends for entertainment.",
        "A) little",
        "B) a little",
        "C) a few"
      ],
      "correct": null,
      "explain": ""
    },
    {
      "q": "D) much",
      "a": [
        "95) If Chris had wanted to go on the trip, he would ................ to you.",
        "A) have responded",
        "B) be responding",
        "C) responding"
      ],
      "correct": null,
      "explain": ""
    },
    {
      "q": "D) responded",
      "a": [
        "96) Jack: where did Mike go? Eric: I don't know where …………….",
        "A) Did go he",
        "B) Went he",
        "C) He did go"
      ],
      "correct": null,
      "explain": ""
    },
    {
      "q": "D) He went",
      "a": [
        "97) Which sentence has the CORRECT WORD ORDER?",
        "(A) Thoughtlessly destroying our environment, the book states that if we continue at the present pace, the extinction",
        "of many species is inevitable.",
        "(B) If we continue at the present pace, the book states that extinction of many species thoughtlessly destroying our"
      ],
      "correct": null,
      "explain": ""
    },
    {
      "q": "environment is inevitable",
      "a": [
        "(C) At the present pace, the book states that thoughtlessly destroying our environment is inevitable if we continue",
        "the extinction of many species.",
        "(D) The book states that the extinction of many species is inevitable if we continue thoughtlessly destroying our",
        "environment at the present pace."
      ],
      "correct": null,
      "explain": ""
    },
    {
      "q": "98) We………….an afternoon of sightseeing until it started raining heavily.",
      "a": [
        "A) enjoy",
        "B) were enjoy",
        "C) were enjoying",
        "D) have been enjoying"
      ],
      "correct": null,
      "explain": ""
    },
    {
      "q": "99) It is 3 pm, and I .....................  for Peter for over 30 minutes.",
      "a": [
        "A) Wait",
        "B) Am waiting",
        "C) had waited",
        "D) Have been waiting"
      ],
      "correct": null,
      "explain": ""
    },
    {
      "q": "أكاديمية ستيب المجانية               https://t.me/stepacademy                  مؤسس األكاديمية المهندس أنور",
      "a": [
        "146",
        "100) I lost my wallet at the mall. I walked around asking if anyone ............  it.",
        "A) seen",
        "B) was seeing"
      ],
      "correct": null,
      "explain": ""
    }
  ]
}