{
  "model": 20,
  "title": "النموذج 20",
  "questions": [
    {
      "q": "61. When did you buy ……………… car?",
      "a": [
        "A. you",
        "B. your",
        "C. yours",
        "D. you're"
      ],
      "correct": null,
      "explain": ""
    },
    {
      "q": "62. Which sentence has the CORRECT WORD ORDER?",
      "a": [
        "A. Please don't forget to put your names on your homework.",
        "B. Please don't forget to put on your homework your names.",
        "C. Don't forget, please, on your homework to put your names.",
        "D. Don't forget on your homework to put your names, please."
      ],
      "correct": null,
      "explain": ""
    },
    {
      "q": "63. In which sentence is all PUNCTUATION correct?",
      "a": [
        "A. My favorite sport's are hockey, golf, and football.",
        "B. My favorite sports are hockey, golf, and football.",
        "C. My favorite sports' are hockey, golf, and football.",
        "D. My favorite sports are hockey, golf, and football?"
      ],
      "correct": null,
      "explain": ""
    },
    {
      "q": "64. Customer: May I please speak with the manager?           Clerk: I'm sorry, he ……………… with a customer.",
      "a": [
        "A. speaks",
        "B. speaking",
        "C. is speaking",
        "D. will spoken"
      ],
      "correct": null,
      "explain": ""
    },
    {
      "q": "65. Wow! I couldn't understand any of the lecture. It was …………… fast.",
      "a": [
        "A. a lot",
        "B. too",
        "C. much",
        "D. enough"
      ],
      "correct": null,
      "explain": ""
    },
    {
      "q": "أكاديمية ستيب المجانية               https://t.me/stepacademy                  مؤسس األكاديمية المهندس أنور",
      "a": [
        "110",
        "66. Can you lower the TV volume? I ……………….. to put the baby to sleep.",
        "A. try",
        "B. tried"
      ],
      "correct": null,
      "explain": ""
    },
    {
      "q": "C. am trying",
      "a": [
        "D. have tried",
        "67. Mona is busy at the moment. She ………….. her homework.",
        "A. does",
        "B. done"
      ],
      "correct": null,
      "explain": ""
    },
    {
      "q": "C. is doing",
      "a": [
        "D. was doing",
        "68. The man ……………. lives next door is a doctor.",
        "A. who",
        "B. which"
      ],
      "correct": null,
      "explain": ""
    },
    {
      "q": "C. whom",
      "a": [
        "D. whose",
        "69. This is the man ……………… saved my brother's life last week.",
        "A. whose",
        "B. whom"
      ],
      "correct": null,
      "explain": ""
    },
    {
      "q": "C. which",
      "a": [
        "D. who",
        "70.------- remain healthy, you need to eat a balanced diet with adequate vitamins and minerals.",
        "A. So that",
        "B. So as to"
      ],
      "correct": null,
      "explain": ""
    },
    {
      "q": "C. Because to",
      "a": [
        "D. In order to",
        "71. Ben has been here ………………… seven years.",
        "A. for",
        "B. from"
      ],
      "correct": null,
      "explain": ""
    },
    {
      "q": "C. since",
      "a": [
        "D. during",
        "72. Bob needs ………….. quiet.",
        "A. to being",
        "B. being"
      ],
      "correct": null,
      "explain": ""
    },
    {
      "q": "C. to be",
      "a": [
        "D. be",
        "111",
        "73. Sara, you must look after ……………. in this cold weather.",
        "A. yourself"
      ],
      "correct": null,
      "explain": ""
    },
    {
      "q": "B. myself",
      "a": [
        "C. herself",
        "D. himself",
        "74. Mike: Where are you going?",
        "John: I…………..going to the supermarket."
      ],
      "correct": null,
      "explain": ""
    },
    {
      "q": "C. would be",
      "a": [
        "D. had been",
        "75. George has not seen his children since ……………. week.",
        "A. a",
        "B. next"
      ],
      "correct": null,
      "explain": ""
    },
    {
      "q": "C. the",
      "a": [
        "D. last",
        "76. I'm sorry the soup is not very tasty. I couldn't find ………….. spices.",
        "A. any",
        "B. a lot"
      ],
      "correct": null,
      "explain": ""
    },
    {
      "q": "C. some",
      "a": [
        "D. much",
        "77. Which one of the underlined words or phrases is INCORRECT?",
        "I don't had enough money to buy  a bus ticket , so I'll have to  walk to school today.",
        "A. had"
      ],
      "correct": null,
      "explain": ""
    },
    {
      "q": "B. to buy",
      "a": [
        "C. so",
        "D. have to",
        "78. The bookseller has many books that……………. outdated.",
        "A. am"
      ],
      "correct": null,
      "explain": ""
    },
    {
      "q": "C. are",
      "a": [
        "D. were",
        "79. In which sentence is all PUNCTUATION correct?",
        "A. Dave's and Hannah's expectations of marriage couldnt have been more different.",
        "B. Daves and Hannahs expectations of marriage couldnt have been more different."
      ],
      "correct": null,
      "explain": ""
    },
    {
      "q": "C. Daves and Hannahs expectations of marriage couldn't have been more different.",
      "a": [
        "D. Dave's and Hannah's expectations of marriage couldn't have been more different.",
        "112",
        "80. Choose the CORRECT ORDER to make the following sentences into a paragraph",
        "(1) By 6:30 he is outside waiting for his school bus."
      ],
      "correct": null,
      "explain": ""
    },
    {
      "q": "(2) When he returns home, he eats his breakfast.",
      "a": [
        "(3) His mother wakes him up so that he can pray Fajr at a mosque in his neighborhood.",
        "(4) Ali's mornings are very busy.",
        "(5) After he finishes his prayer, he reads the Qur'an for about 20 minutes.",
        "A. (3), (4), (1), (5), (2)"
      ],
      "correct": null,
      "explain": ""
    },
    {
      "q": "B. (4), (3), (5), (2), (1)",
      "a": [
        "C. (3), (5), (1), (2), (4)",
        "D. (4), (1), (2), (3), (5)",
        "81. Which one of the underlined words or phrases is INCORRECT?",
        "Evening  classes are the worse  part of my class schedule this semester."
      ],
      "correct": null,
      "explain": ""
    },
    {
      "q": "A. Evening",
      "a": [
        "B. are",
        "C. worse",
        "D. of",
        "82. Ali just got a job in Japan, …………now he wants to learn Japanese."
      ],
      "correct": null,
      "explain": ""
    },
    {
      "q": "A. but",
      "a": [
        "B. so",
        "C. so that",
        "D. since",
        "83. Chris………………..eggs and cheese every morning."
      ],
      "correct": null,
      "explain": ""
    },
    {
      "q": "A. use to eat",
      "a": [
        "B. used to eat",
        "C. is used to eat",
        "D. used to eating",
        "84. I came across a friend of ………….. when I was shopping at the mall."
      ],
      "correct": null,
      "explain": ""
    },
    {
      "q": "D. mine",
      "a": [
        "85. In which sentence is all PUNCTUATION correct?",
        "A. When others criticize us, we may have difficulty listening to what they say.",
        "B. When others criticize us we may have difficulty, listening to what they say.",
        "C. When others criticize us, we may have difficulty, listening to what they say."
      ],
      "correct": null,
      "explain": ""
    },
    {
      "q": "D. When others criticize us, we may have difficulty listening, to what they say.",
      "a": [
        "113",
        "86. Hi, I have a message for Cathy. Can you tell……..I am running a few minutes late?",
        "A. her",
        "B. she"
      ],
      "correct": null,
      "explain": ""
    },
    {
      "q": "D. them",
      "a": [
        "87. Since the time of the Prophet Ibrahim, the Holy Mosque in Makkah ………….. by billions of pilgrims.",
        "A. was visited",
        "B. has visited",
        "C. has been visiting"
      ],
      "correct": null,
      "explain": ""
    },
    {
      "q": "D. has been visited",
      "a": [
        "88. Which one of the underlined words or phrases is INCORRECT?",
        "When the waiter asked  whether  or not Eric will like some  bread, he answered, “Yes, please.”",
        "A. asked",
        "B. whether"
      ],
      "correct": null,
      "explain": ""
    },
    {
      "q": "C. will",
      "a": [
        "D. some",
        "89. Choose the CORRECT ORDER to make the following sentences into a paragraph:",
        "(1) Finally, it would take him about two minutes to get to the bus stop.",
        "(2) Before walking out of the door, George always checked his bag to make sure he didn't forget anything."
      ],
      "correct": null,
      "explain": ""
    },
    {
      "q": "(3) Everyday, George woke up one hour before the school bus arrived.",
      "a": [
        "(4) Then, he spent about twenty minutes to pack breakfast, lunch, tea, and a snack in a bag to bring with him.",
        "(5) First, he spent about fifteen to twenty minutes to wash up and dress",
        "A. (5), (4), (3), (2), (1)",
        "B. (5), (4), (2), (3), (1)"
      ],
      "correct": null,
      "explain": ""
    },
    {
      "q": "C. (3), (5), (4), (2). (1)",
      "a": [
        "D. (3). (5). (2), (4), (1)",
        "90. Ali enjoys ………………….. Arabic short stories.",
        "A. to read",
        "B. reading with"
      ],
      "correct": null,
      "explain": ""
    },
    {
      "q": "C. reading",
      "a": [
        "D. read",
        "91. Two university students ………….. a powerful speech last night which met with wild applause from the audience.",
        "A. have given",
        "B. gave"
      ],
      "correct": null,
      "explain": ""
    },
    {
      "q": "C. are giving",
      "a": [
        "D. give",
        "114",
        "92. Ali was …………… to the hospital immediately after the accident.",
        "A. taken"
      ],
      "correct": null,
      "explain": ""
    },
    {
      "q": "B. took",
      "a": [
        "C. takin",
        "D. take",
        "93. Every time I stand in front of people, I…………….. nervous.",
        "A. get"
      ],
      "correct": null,
      "explain": ""
    },
    {
      "q": "B. got",
      "a": [
        "C. have gotten",
        "D. am getting",
        "94. I will not go to bed until I ……………. all of my homework assignments.",
        "A. had finished"
      ],
      "correct": null,
      "explain": ""
    },
    {
      "q": "B. will finish",
      "a": [
        "C. finished",
        "D. finish",
        "95. I can see you're out of breath. …………….?",
        "A. Do you run"
      ],
      "correct": null,
      "explain": ""
    },
    {
      "q": "B. Have you run",
      "a": [
        "C. Are you running",
        "D. Have you been running",
        "96. Professor Brown's presentation was very easy to follow. As a result, only ………….. students had questions at the",
        "end."
      ],
      "correct": null,
      "explain": ""
    },
    {
      "q": "A. a little",
      "a": [
        "B. a few",
        "C. several",
        "D. many",
        "97. Which of the following sentences has the CORRECT WORD ORDER?"
      ],
      "correct": null,
      "explain": ""
    },
    {
      "q": "A. The Gulf Council Cooperation Leaders of six member will tomorrow meet in Riyadh to discuss the proposal.",
      "a": [
        "B. To discuss the proposal, in Riyadh tomorrow, the six leaders of Gulf Cooperation Council member will meet.",
        "C. Tomorrow six member leaders will meet of the Gulf Council Cooperation in Riyadh to discuss the proposal.",
        "D. Leaders of the six -member Gulf Cooperation Council will meet in Riyadh tomorrow to discuss the proposal.",
        "98. The computer graphics course that …………… this semester is taught by the same teacher who teaches IT."
      ],
      "correct": null,
      "explain": ""
    },
    {
      "q": "A. offered",
      "a": [
        "B. be offered",
        "C. is offering",
        "D. is being offered",
        "115"
      ],
      "correct": null,
      "explain": ""
    },
    {
      "q": "99. Although I was in great pain, the doctor made me ……………. for an hour.",
      "a": [
        "A. waited",
        "B. to wait",
        "C. waiting",
        "D. wait"
      ],
      "correct": null,
      "explain": ""
    },
    {
      "q": "100. If I …………… .......... …., I would buy a beautiful house.",
      "a": [
        "A. am rich",
        "B. were rich",
        "C. will be rich",
        "D. was being rich"
      ],
      "correct": null,
      "explain": ""
    }
  ]
}