{
  "model": 2,
  "title": "النموذج 2",
  "questions": [
    {
      "q": "61. If it rains tomorrow, I .................... my raincoat.",
      "a": [
        "wear",
        "am wear",
        "will wear",
        "going to wear"
      ],
      "correct": null,
      "explain": ""
    },
    {
      "q": "62. Adam …………… a book now.",
      "a": [
        "(A) reads",
        "(B) reading",
        "(C) is reads",
        "(D) is reading"
      ],
      "correct": null,
      "explain": ""
    },
    {
      "q": "63. When I go to King Saud University Library, I usually ………………",
      "a": [
        "(A) am studying",
        "(B) will study",
        "(C) studied",
        "(D) study"
      ],
      "correct": null,
      "explain": ""
    },
    {
      "q": "64. Which one of the underlined words or phrases is INCORRECT?",
      "a": [
        "I don't had enough money to buy  a bus ticket, so I'll have to  walk to school today.",
        "(A) had",
        "(B) to buy",
        "(C) so"
      ],
      "correct": null,
      "explain": ""
    },
    {
      "q": "(D) have to",
      "a": [
        "65. Which of the following sentences has the CORRECT WORD ORDER?",
        "(A) A lot of value to our company both Ben and Mike add, but are more important to us Ben's IT skills than Mike's",
        "marketing knowledge.",
        "(B) Ben and Mike add a lot of value to our company both, but Ben's IT skills are more important to us than Mike's"
      ],
      "correct": null,
      "explain": ""
    },
    {
      "q": "marketing knowledge.",
      "a": [
        "(C) Both Ben and Mike add a lot of value to our company, but Ben's IT skills are more important to us than Mike's",
        "marketing knowledge.",
        "(D) But Ben's IT skills are more important to us than Mike's marketing knowledge, a lot of value to our company Ben",
        "and Mike both add."
      ],
      "correct": null,
      "explain": ""
    },
    {
      "q": "66. Which sentence is correct?",
      "a": [
        "(A) Your maintenance appointment has on Tuesday or Wednesday.",
        "(B) You're maintenance appointment will be on Tuesday or Wednesday.",
        "(C) You're maintenance appointment is on Tuesday or Wednesday.",
        "(D) Your maintenance appointment will be on Tuesday or Wednesday."
      ],
      "correct": null,
      "explain": ""
    },
    {
      "q": "أكاديمية ستيب المجانية               https://t.me/stepacademy                  مؤسس األكاديمية المهندس أنور",
      "a": [
        "9",
        "67. In which of the following sentences is all PUNCTUATION correct?",
        "(A) After all, the motor cycle's are sold, whos' going to get the biggest bonus?",
        "(B) After all the motor cycles are sold, who's going to get the biggest bonus."
      ],
      "correct": null,
      "explain": ""
    },
    {
      "q": "(C) After all the motor cycles are sold, who's going to get the biggest bonus?",
      "a": [
        "(D) After all, the motor cycles are sold, whos going to get the biggest bonus.",
        "68. Which of the underlined words or phrases INCORRECT?",
        "Last month, Ahmad sends  over ten messages to his boss  about his job situation .",
        "(A) sends"
      ],
      "correct": null,
      "explain": ""
    },
    {
      "q": "(B) his boss",
      "a": [
        "(C) about",
        "(D) his job situation",
        "69. Dave sold his car ……………. he moved to a new city.",
        "(A) although"
      ],
      "correct": null,
      "explain": ""
    },
    {
      "q": "(B) during",
      "a": [
        "(C) when",
        "(D) So",
        "70. I met …………………… friends for dinner last night.",
        "(A) few"
      ],
      "correct": null,
      "explain": ""
    },
    {
      "q": "(B) a little",
      "a": [
        "(C) some",
        "(D) much",
        "71. I am a little busy now. Can you come back after …………. minutes?",
        "(A) many"
      ],
      "correct": null,
      "explain": ""
    },
    {
      "q": "(B) a few",
      "a": [
        "(C) a little",
        "(D) several",
        "72. If you …………. a new phone, can I have your old one?",
        "(A) is buying"
      ],
      "correct": null,
      "explain": ""
    },
    {
      "q": "(B) buy",
      "a": [
        "(C) will buy",
        "(D) bought",
        "73. Since you are home early, ……………… you like to watch a movie?",
        "(A) will"
      ],
      "correct": null,
      "explain": ""
    },
    {
      "q": "(B) do",
      "a": [
        "(C) won't",
        "(D) would",
        "10",
        "74. Ahmed ………. a good horse rider, but then he got injured."
      ],
      "correct": null,
      "explain": ""
    },
    {
      "q": "(A) is using to be",
      "a": [
        "(B) is used to",
        "(C) use to be",
        "(D) used to be",
        "75. Nora has not been to Paris ………….2005."
      ],
      "correct": null,
      "explain": ""
    },
    {
      "q": "(A) for",
      "a": [
        "(B) from",
        "(C) until",
        "(D) since",
        "76. Steve has worked at Aramco ………………. six years."
      ],
      "correct": null,
      "explain": ""
    },
    {
      "q": "(A) from",
      "a": [
        "(B) for",
        "(C) since",
        "(D) during",
        "77. Could you all please prepare ………for the exam? It will take place on Monday."
      ],
      "correct": null,
      "explain": ""
    },
    {
      "q": "(A) yours",
      "a": [
        "(B) yourself",
        "(C) ourselves",
        "(D) yourselves",
        "78. If you wait 20 minutes, I can take you to the clinic ………………."
      ],
      "correct": null,
      "explain": ""
    },
    {
      "q": "(A) myself",
      "a": [
        "(B) mine",
        "(C) my",
        "(D) me",
        "79. Amy can't find her car keys. Where …………. she put them?"
      ],
      "correct": null,
      "explain": ""
    },
    {
      "q": "(A) are",
      "a": [
        "(B) were",
        "(C) have",
        "(D) did",
        "80. I asked her if she usually ……………….for exercise."
      ],
      "correct": null,
      "explain": ""
    },
    {
      "q": "(A) cycled",
      "a": [
        "(B) cycle",
        "(C) cycling",
        "(D) has cycled",
        "11"
      ],
      "correct": null,
      "explain": ""
    },
    {
      "q": "81. A huge amount of cake ………. at the party.",
      "a": [
        "(A) have eaten",
        "(B) will eat",
        "(C) will be eaten",
        "(D) is being eaten"
      ],
      "correct": null,
      "explain": ""
    },
    {
      "q": "82. Japanese is so difficult. I've been trying to learn it …………… five years.",
      "a": [
        "(A) for",
        "(B) yet",
        "(C) since",
        "(D) about"
      ],
      "correct": null,
      "explain": ""
    },
    {
      "q": "83. I ……………in this company since 2009.",
      "a": [
        "(A) work",
        "(B) am working",
        "(C) have been working",
        "(D) had worked"
      ],
      "correct": null,
      "explain": ""
    },
    {
      "q": "84. Chris met the man ……………. he guessed was the manager.",
      "a": [
        "(A) he",
        "(B) him",
        "(C) who",
        "(D) which"
      ],
      "correct": null,
      "explain": ""
    },
    {
      "q": "85. Neither the student …………… the teacher could understand the question.",
      "a": [
        "(A) nor",
        "(B) also",
        "(C) either",
        "(D) neither"
      ],
      "correct": null,
      "explain": ""
    },
    {
      "q": "86. If I ………. you, I would definitely watch the new Saudi drama series.",
      "a": [
        "(A) be",
        "(B) am",
        "(C) been",
        "(D) were"
      ],
      "correct": null,
      "explain": ""
    },
    {
      "q": "87. If I ……… enough time, I would have visited Oxford.",
      "a": [
        "(A) had had",
        "(B) have had",
        "(C) had have",
        "(D) have got"
      ],
      "correct": null,
      "explain": ""
    },
    {
      "q": "أكاديمية ستيب المجانية               https://t.me/stepacademy                  مؤسس األكاديمية المهندس أنور",
      "a": [
        "12",
        "88. When you go to the shop, ………………... you get me some milk, please?",
        "(A) shall",
        "(B) would"
      ],
      "correct": null,
      "explain": ""
    },
    {
      "q": "(C) should",
      "a": [
        "(D) must",
        "89. Adam doesn't like football. He ……………. prefer to watch tennis.",
        "(A) must",
        "(B) could"
      ],
      "correct": null,
      "explain": ""
    },
    {
      "q": "(C) might",
      "a": [
        "(D) should",
        "90. To open your bank account, please speak to the lady ……... is sitting at desk number 1.",
        "(A) whose",
        "(B) who"
      ],
      "correct": null,
      "explain": ""
    },
    {
      "q": "(C) who she",
      "a": [
        "(D) she",
        "91. Ask Mary if she knows where ……………….",
        "(A) your wallet put you",
        "(B) your wallet you put"
      ],
      "correct": null,
      "explain": ""
    },
    {
      "q": "(C) put you your wallet",
      "a": [
        "(D) you put your wallet",
        "92. In which sentence is all CAPITALIZATION correct?",
        "(A) Last week, he looked at several course descriptions before deciding what subjects to study at dammam university",
        "(B) Last week, he looked at several course descriptions before deciding what subjects to study at Dammam"
      ],
      "correct": null,
      "explain": ""
    },
    {
      "q": "University",
      "a": [
        "(C) Last week, he looked at several course descriptions before deciding what subjects to study at Dammam university",
        "(D) Last week, He looked at several course descriptions before deciding what subjects to study at Dammam",
        "University.",
        "93. Sara was too sick to go to work today, …………….. she stayed home and relaxed instead."
      ],
      "correct": null,
      "explain": ""
    },
    {
      "q": "(A) because",
      "a": [
        "(B) why",
        "(C) but",
        "(D) so",
        "94. Which sentence as the CORRECT WORD ORDER?"
      ],
      "correct": null,
      "explain": ""
    },
    {
      "q": "(A) Our neighbor said she would like to visit Italy after she has sold her farm and has more time to travel.",
      "a": [
        "(B) After she has sold her farm our neighbor said she would like to visit Italy and has more time to travel.",
        "(C) Our neighbor said she would like to visit, and has more time to travel, after she has sold her farm Italy.",
        "(D) Our neighbor said she would like to visit after she has sold her farm and has more time to travel Italy.",
        "13"
      ],
      "correct": null,
      "explain": ""
    },
    {
      "q": "95. Which one of the underlined words or phrases is INCORRECT?",
      "a": [
        "Language teachers like explain, giving examples, and engaging students in discussions. After each lesson, they need",
        "to evaluate it before planning the next one.",
        "(A) explain",
        "(B) in"
      ],
      "correct": null,
      "explain": ""
    },
    {
      "q": "(C) After",
      "a": [
        "(D) planning",
        "96. In which sentence is all CAPATALIZATION correct?",
        "(A) At first, my cousin, Dave, wanted to work as a technician at Microsoft Corporation, but his best friend, Mr. Carter",
        "told him to get a job at Apple instead after completing his contract."
      ],
      "correct": null,
      "explain": ""
    },
    {
      "q": "(B) At first, my Cousin, Dave, wanted to work as a Technician at Microsoft Corporation, but his best friend, mr. Carter",
      "a": [
        "told him to get a job at Apple instead after completing his Contract.",
        "(C) At first, my cousin, dave, wanted to work as a Technician at Microsoft corporation, but his best Friend, Mr. Carter",
        "told him to get a job at apple instead after completing his Contract.",
        "(D) At First, my cousin, Dave, wanted to work as a technician at Microsoft Corporation, but his best friend, mr. Carter"
      ],
      "correct": null,
      "explain": ""
    },
    {
      "q": "told him to get a job at Apple instead after completing his contract.",
      "a": [
        "97. He did not have ………………. money in his wallet, so he stopped by the cash machine.",
        "(A) lots",
        "(B) much",
        "(C) plenty"
      ],
      "correct": null,
      "explain": ""
    },
    {
      "q": "(D) many",
      "a": [
        "98. Would someone please tell him the correct answer to the question that he ……?",
        "(A) asked",
        "(B) asking",
        "(C) asked it"
      ],
      "correct": null,
      "explain": ""
    },
    {
      "q": "(D) is asking it",
      "a": [
        "99. The strawberries ……………. by the children who picked them.",
        "(A) have all eating",
        "(B) were all eaten",
        "(C) were all eating"
      ],
      "correct": null,
      "explain": ""
    },
    {
      "q": "(D) had all eaten.",
      "a": [
        "100. Mr. Amir, ………… the students call Uncle Amir, taught the boys physical education several times a week.",
        "(A) he",
        "(B) him",
        "(C) whom"
      ],
      "correct": null,
      "explain": ""
    }
  ]
}