{
  "model": 26,
  "title": "النموذج 26",
  "questions": [
    {
      "q": "61. Choose the BEST WAY to make the sentences into a paragraph.",
      "a": [
        "( 1 ) He was born in February 1304 .",
        "( 2 ) Ibn Battuta was a famous traveler from Morocco .",
        "( 3 ) Finally , he returned home to Morocco 24 years later .",
        "( 4 ) His first big trip was to Hajj when he was 21 years old ."
      ],
      "correct": null,
      "explain": ""
    },
    {
      "q": "( 5 ) After Makkah , he continued and visited most of the Islamic world .",
      "a": [
        "( A ) ( 1 ) , ( 2 ) , ( 3 ) , ( 4 ) , ( 5 )",
        "( B ) ( 2 ) , ( 1 ) , ( 4 ) , ( 3 ) , ( 5 )",
        "( C ) ( 1 ) , ( 2 ) , ( 4 ) , ( 3 ) , ( 5 )",
        "( D ) ( 2 ) , ( 1 ) , ( 4 ) , ( 5 ) , ( 3 )"
      ],
      "correct": null,
      "explain": ""
    },
    {
      "q": "62. You need to drink ......................... of coffee if you're going to study all night.",
      "a": [
        "( A ) so much",
        "( B ) a lot",
        "( C ) too much",
        "( D ) large amount"
      ],
      "correct": null,
      "explain": ""
    },
    {
      "q": "63. I need to sleep before tomorrow exam, I ..................... drink any more coffee.",
      "a": [
        "couldn’t",
        "shouldn’t",
        "must not to",
        "don’t have to"
      ],
      "correct": null,
      "explain": ""
    },
    {
      "q": "64. There are three books in your bag, ..................... one do you want?",
      "a": [
        "( A ) That",
        "( B ) Which",
        "( C ) What",
        "( D ) This"
      ],
      "correct": null,
      "explain": ""
    },
    {
      "q": "65. I saw ....................... students but I didn't see anyone in the gym.",
      "a": [
        "( A ) few",
        "( B ) little",
        "( C ) some",
        "( D ) much"
      ],
      "correct": null,
      "explain": ""
    },
    {
      "q": "أكاديمية ستيب المجانية               https://t.me/stepacademy                  مؤسس األكاديمية المهندس أنور",
      "a": [
        "147",
        "66. Hannah   ........... to write a good paper until her second year at university.",
        "( A ) wasn't able to",
        "( B ) isn't able to"
      ],
      "correct": null,
      "explain": ""
    },
    {
      "q": "( C ) will not",
      "a": [
        "( D ) can not",
        "67. If you don't want to help me with the assignment, I'll just do it .................",
        "( A ) me",
        "( B ) my"
      ],
      "correct": null,
      "explain": ""
    },
    {
      "q": "( C ) mine",
      "a": [
        "( D ) myself",
        "68. The Professor ..............................  gave the lecture is a friend of my father.",
        "( A ) which",
        "( B ) whom"
      ],
      "correct": null,
      "explain": ""
    },
    {
      "q": "( C ) who",
      "a": [
        "( D ) what",
        "69. My friends at university ....... allowed to talk to their professors outside class or office hours.",
        "( A ) not",
        "( B ) do not"
      ],
      "correct": null,
      "explain": ""
    },
    {
      "q": "( C ) are not",
      "a": [
        "will not",
        "70. Before a test, Nora doesn't sleep as ...................... as she normally does.",
        "( A ) plenty",
        "( B ) much"
      ],
      "correct": null,
      "explain": ""
    },
    {
      "q": "( C ) many",
      "a": [
        "( D ) more",
        "71. Do you know if Eric has transferred to another university?",
        "I haven't seen him ............ ... last month",
        "( A ) for"
      ],
      "correct": null,
      "explain": ""
    },
    {
      "q": "( B ) from",
      "a": [
        "( C ) until",
        "( D ) since",
        "72. The students blamed ............. for their bad grades.",
        "( A ) ourselves"
      ],
      "correct": null,
      "explain": ""
    },
    {
      "q": "( B ) oneselves",
      "a": [
        "( C ) theirselves",
        "( D ) themselves",
        "148",
        "73. Before going to university, I didn't know that psychology ........  for more than 150 years."
      ],
      "correct": null,
      "explain": ""
    },
    {
      "q": "( A ) had been studied",
      "a": [
        "( B ) being studied",
        "( C ) is studied",
        "( D ) studied",
        "74. When teachers ......... marking the exams, the students will get their scores."
      ],
      "correct": null,
      "explain": ""
    },
    {
      "q": "( A ) finish",
      "a": [
        "( B ) finished",
        "( C ) will finish",
        "( D ) would finish",
        "75. I have been working on my term paper ...................... three days now."
      ],
      "correct": null,
      "explain": ""
    },
    {
      "q": "( A ) for",
      "a": [
        "( B ) yet",
        "( C ) since",
        "( D ) about",
        "76. Linda was in the cafeteria when her friend .............  her they had both passed the exam."
      ],
      "correct": null,
      "explain": ""
    },
    {
      "q": "( A ) tells",
      "a": [
        "( B ) told",
        "( C ) has told",
        "( D ) had told",
        "77. James studied ......  for three weeks to prepare for his exams."
      ],
      "correct": null,
      "explain": ""
    },
    {
      "q": "( A ) intention",
      "a": [
        "( B ) intensely",
        "( C ) intensity",
        "( D ) intense",
        "78. Sony, I can't pay for lunch. I only have .......... riyals."
      ],
      "correct": null,
      "explain": ""
    },
    {
      "q": "( A ) a few",
      "a": [
        "( B ) many",
        "( C ) a little",
        "D ) several",
        "79. Mrs. Carter, .................. all the students liked very much, now teaches at a different university."
      ],
      "correct": null,
      "explain": ""
    },
    {
      "q": "( A ) she",
      "a": [
        "( B ) her",
        "( C ) whom",
        "( D ) which",
        "149"
      ],
      "correct": null,
      "explain": ""
    },
    {
      "q": "80. Did you know that neither Sara ...............  Sofia study at university?",
      "a": [
        "(A) nor",
        "(B) also",
        "(C) either",
        "(D) neither"
      ],
      "correct": null,
      "explain": ""
    },
    {
      "q": "81. If I ...................  you, I would study Economics instead of Law.",
      "a": [
        "(A) be",
        "(B) am",
        "(C) been",
        "(D) were"
      ],
      "correct": null,
      "explain": ""
    },
    {
      "q": "82. If Mrs. Taylor and Mrs. Wilson........... fewer students, they would have been a lot less busy.",
      "a": [
        "(A) had had",
        "(B) have had",
        "(C) had have",
        "(D) have got"
      ],
      "correct": null,
      "explain": ""
    },
    {
      "q": "83. When you register for your new course, ......... you ask the teacher if there is room for one more student, please?",
      "a": [
        "(A) shall",
        "(B) would",
        "(C) should",
        "(D) must"
      ],
      "correct": null,
      "explain": ""
    },
    {
      "q": "84. Will just finished writing his final exam; he ............. want to go home and rest.",
      "a": [
        "(A) must",
        "(B) could",
        "(C) might",
        "(D) should"
      ],
      "correct": null,
      "explain": ""
    },
    {
      "q": "85. I really like Mrs. Taylor because she is a teacher .............. cares about her students.",
      "a": [
        "(A) whose",
        "(B) who",
        "(C) who she",
        "(D) she"
      ],
      "correct": null,
      "explain": ""
    },
    {
      "q": "86. Susan wasn't sure when ..........",
      "a": [
        "(A) was due the assignment",
        "(B) was the assignment due",
        "(C) the assignment due was",
        "(D) the assignment was due"
      ],
      "correct": null,
      "explain": ""
    },
    {
      "q": "أكاديمية ستيب المجانية               https://t.me/stepacademy                  مؤسس األكاديمية المهندس أنور",
      "a": [
        "150",
        "87. Mr. Mike asked Ben if he ................... better at night or in the morning.",
        "(A) studied",
        "(B) study"
      ],
      "correct": null,
      "explain": ""
    },
    {
      "q": "(C) studying",
      "a": [
        "(D) has studied",
        "88. Chris found the finance exam very easy, because his teacher ............ him everything he needed to know.",
        "(A) he told",
        "(B) he tell"
      ],
      "correct": null,
      "explain": ""
    },
    {
      "q": "(C) had told",
      "a": [
        "(D) has told",
        "89. If Mr. Carter stays for one more year, he ............. at this university for 30 years.",
        "(A) will have be taught",
        "(B) will teach"
      ],
      "correct": null,
      "explain": ""
    },
    {
      "q": "(C) will have taught",
      "a": [
        "(D) will be teach",
        "90. His parents worked very hard ................. he could go to a good university.",
        "(A) so that",
        "(B) in order"
      ],
      "correct": null,
      "explain": ""
    },
    {
      "q": "(C) as soon as",
      "a": [
        "(D) as long as",
        "91. Khalid practiced soccer every day, ..................... he wanted to play for the university team.",
        "(A) because",
        "(B) also"
      ],
      "correct": null,
      "explain": ""
    },
    {
      "q": "(C) but",
      "a": [
        "(D) however",
        "92. Choose the sentence with the RIGHT WORD ORDER.",
        "(A) May I have two cups of coffee and a chocolate cookie?",
        "(B) May I have two coffee of cups and a chocolate cookie?"
      ],
      "correct": null,
      "explain": ""
    },
    {
      "q": "(C) I may have two cups of coffee and a chocolate cookie?",
      "a": [
        "(D) I have two cups of coffee and may a chocolate cookie?",
        "93. (At an airport: Immigration)",
        "A: Where are you staying?",
        "B: At the Fairmont Hotel."
      ],
      "correct": null,
      "explain": ""
    },
    {
      "q": "A: Do you know anybody here?",
      "a": [
        "B: Yes, Mike Bennett.",
        "A: Is he family or a friend?",
        "B: He is. ............ a colleague ............ a friend. We've worked together for four years now.",
        "151"
      ],
      "correct": null,
      "explain": ""
    },
    {
      "q": "(A) either / or",
      "a": [
        "(B) neither/nor",
        "(C) as/as",
        "(D) both / and",
        "94. Choose the sentence with the RIGHT WORD ORDER."
      ],
      "correct": null,
      "explain": ""
    },
    {
      "q": "(A) How much do you have money usually with you?",
      "a": [
        "(B) How much do you have money usually with you?",
        "(C) How much do you usually have money with you?",
        "(D) How much money do you usually have with you?",
        "95. I do not remember his name, ............... I do remember how he looked and what she said."
      ],
      "correct": null,
      "explain": ""
    },
    {
      "q": "(A) or",
      "a": [
        "(B) and",
        "(C) but",
        "(D) so",
        "96. She is a good student. She's .................. learned a lot of English."
      ],
      "correct": null,
      "explain": ""
    },
    {
      "q": "(A) yet",
      "a": [
        "(B) still",
        "(C) already",
        "(D) just",
        "97. Which one of the underlined words or phrases in the following is INCORRECT?"
      ],
      "correct": null,
      "explain": ""
    },
    {
      "q": "Much  people think they know a lot  about education, but often  they have not learned the full history of this field.",
      "a": [
        "(A) Much",
        "(B) a lot",
        "(C) often",
        "(D) full"
      ],
      "correct": null,
      "explain": ""
    },
    {
      "q": "98. Which of the underlined words or phrases is INCORRECT?",
      "a": [
        "Ralph read in the newspaper where  the university was looking  for people for research subjects and would pay  them",
        "well for their  time.",
        "(A) where",
        "(B) was looking"
      ],
      "correct": null,
      "explain": ""
    },
    {
      "q": "(C) would pay",
      "a": [
        "(D) their",
        "152",
        "99. The two girls went upstairs .............. they stayed there for over an hour.",
        "(A) however"
      ],
      "correct": null,
      "explain": ""
    },
    {
      "q": "(B) because",
      "a": [
        "(C) while",
        "(D) and",
        "100.Which sentence has the CORRECT WORD ORDER?",
        "(A) In Europe and the US are entrepreneurs, many optimistic despite the crisis"
      ],
      "correct": null,
      "explain": ""
    },
    {
      "q": "economic about the year ahead.",
      "a": [
        "(B) Many entrepreneurs in Europe and the US are optimistic about the year",
        "ahead, despite the economic crisis.",
        "(C) Despite the crisis year ahead, many in Europe and about the US",
        "entrepreneurs are optimistic."
      ],
      "correct": null,
      "explain": ""
    }
  ]
}