{
  "model": 39,
  "title": "النموذج 39",
  "questions": [
    {
      "q": "61. If it rains tomorrow, I ...................... my raincoat.",
      "a": [
        "wear",
        "am wear",
        "will wear",
        "going to wear"
      ],
      "correct": null,
      "explain": ""
    },
    {
      "q": "62. Now it is 10:00 PM. The train ..................... at 11:00 pm",
      "a": [
        "arriving",
        "arrived",
        "has arrived",
        "will arrive"
      ],
      "correct": null,
      "explain": ""
    },
    {
      "q": "63. If you promise to keep a secret, I ....................... you what happened.",
      "a": [
        "tell",
        "telling",
        "will tell",
        "would tell"
      ],
      "correct": null,
      "explain": ""
    },
    {
      "q": "64. Which of the following sentences has the CORRECT WORD ORDER?",
      "a": [
        "He burned incense so that his house would smell nice, for an hour in the morning, through the rest of the day.",
        "So that his house would smell nice, he burned incense for an hour in the morning, through the rest of the day.",
        "Through the rest of the day he burned incense for an hour in the morning so that his house would smell nice.",
        "He burned incense for an hour in the morning so that his house would smell nice through the rest of the day"
      ],
      "correct": null,
      "explain": ""
    },
    {
      "q": "65) Which of the following sentences has the CORRECT WORD ORDER?",
      "a": [
        "a) Did you finish your dinner when?",
        "b) When did you finish your dinner?",
        "c) Did your dinner finish you when?",
        "d) When you did finish your dinner?"
      ],
      "correct": null,
      "explain": ""
    },
    {
      "q": "أكاديمية ستيب المجانية               https://t.me/stepacademy                  مؤسس األكاديمية المهندس أنور",
      "a": [
        "230",
        "66) Which phrase correctly replaces the INCORRECT underlined phrases?",
        "Eric: Sorry, I can't join you tonight.",
        "George: let's go bowling"
      ],
      "correct": null,
      "explain": ""
    },
    {
      "q": "a) How about bowling?",
      "a": [
        "b) Can you tell me how?",
        "c) Ok. Maybe some other time.",
        "d) I am very pleased to hear this.",
        "67) Which phrase correctly replaces the INCORRECT underlined phrases?"
      ],
      "correct": null,
      "explain": ""
    },
    {
      "q": "Anna: Thank you very much. You have been of great help.",
      "a": [
        "Cathy: I'll find it later.",
        "a) Don't worry about me.",
        "b) Please take one more.",
        "c) It was my pleasure ."
      ],
      "correct": null,
      "explain": ""
    },
    {
      "q": "d) I am very sad.",
      "a": [
        "68) Which phrase correctly replaces the INCORRECT underlined phrases?",
        "Jack: I think I should go to work early tomorrow. I have some work to finish.",
        "Ben: Why do you have to do this?",
        "a) I am very glad to hear you like it."
      ],
      "correct": null,
      "explain": ""
    },
    {
      "q": "b) Aren't you late already?",
      "a": [
        "c) Did you see the plumber yesterday?",
        "d) That's a good idea.",
        "69) In which sentence is all PUNCTUATION correct?",
        "a) Before Alex submitted his application he made sure he had entered all information correctly even though he"
      ],
      "correct": null,
      "explain": ""
    },
    {
      "q": "thought he had he was still not certain application was complete.",
      "a": [
        "b) Before Alex submitted his application, he made sure he had entered all information correctly. Even though he",
        "thought he had he was still not certain his application was complete.",
        "c) Before Alex submitted his application, he made sure, he had entered all information correctly, even though he",
        "thought he had he was still not certain his application was complete."
      ],
      "correct": null,
      "explain": ""
    },
    {
      "q": "d) Before Alex submitted his application, he made sure he had entered all information correctly. Even though he",
      "a": [
        "thought he had, he was still not certain his application was complete.",
        "231",
        "70) I don't have. ........ ..cash on me. Can I pay by card?",
        "a) a lot"
      ],
      "correct": null,
      "explain": ""
    },
    {
      "q": "b) many",
      "a": [
        "c) much",
        "d) a few",
        "71) All I need to be happy is .............  good friends.",
        "a) plenty"
      ],
      "correct": null,
      "explain": ""
    },
    {
      "q": "b) a few",
      "a": [
        "c) a little",
        "d) lots",
        "72) If I find the book, I ........... it to you.",
        "a) will lend"
      ],
      "correct": null,
      "explain": ""
    },
    {
      "q": "b) lend",
      "a": [
        "c) lending",
        "d) going to lend",
        "73) Diana has never  ...........  learn a foreign language, but I think it's just because she hasn't really tried.",
        "a) could"
      ],
      "correct": null,
      "explain": ""
    },
    {
      "q": "b) able to",
      "a": [
        "c) been able to",
        "d) been",
        "74) If you want to succeed in life, you have to believe  in .............",
        "a) oneself"
      ],
      "correct": null,
      "explain": ""
    },
    {
      "q": "b) myself",
      "a": [
        "c) yourselves",
        "d) yourself",
        "75) When Adila arrived home, she found out her home  ................  burgled.",
        "a) was"
      ],
      "correct": null,
      "explain": ""
    },
    {
      "q": "b) being",
      "a": [
        "c) has been",
        "d) had been",
        "76) You are very late, Matt. We  .............  for you for over an hour.",
        "a) are waiting"
      ],
      "correct": null,
      "explain": ""
    },
    {
      "q": "b) have been waiting",
      "a": [
        "c) had waited",
        "d) wa ited",
        "232",
        "77) Roger was driving home from work when his car ........... down."
      ],
      "correct": null,
      "explain": ""
    },
    {
      "q": "a) broke",
      "a": [
        "b) had broken",
        "c) was breaking",
        "d) broken",
        "78) My wife and I.. ..........  to sleep when suddenly the doorbell rang."
      ],
      "correct": null,
      "explain": ""
    },
    {
      "q": "a) did just want",
      "a": [
        "b) are just going",
        "c) were just going",
        "d) have just gone",
        "79) Your Dad doesn't want to go shopping. He just.... ..... home from work."
      ],
      "correct": null,
      "explain": ""
    },
    {
      "q": "a) get",
      "a": [
        "b) got",
        "c) getting",
        "d) gets",
        "80) I really enjoy...... ....... long breakfast with my family at the weekend"
      ],
      "correct": null,
      "explain": ""
    },
    {
      "q": "a) having",
      "a": [
        "b) to have",
        "c) we have",
        "d) to be having",
        "81) Where.......... his car?    I can't see it anywhere."
      ],
      "correct": null,
      "explain": ""
    },
    {
      "q": "a) parks your boss normally",
      "a": [
        "b) does normally park your boss",
        "c) your boss normally parks",
        "d) does your boss normally park",
        "82) Steve........... ping pong before. I'm sure he's going to lose."
      ],
      "correct": null,
      "explain": ""
    },
    {
      "q": "a) have never played",
      "a": [
        "b) has never played",
        "c) was never played",
        "d) has never been playing",
        "83) I might need your help later on today. What..............at 6 pm?"
      ],
      "correct": null,
      "explain": ""
    },
    {
      "q": "a) will you be doing",
      "a": [
        "b) will you do",
        "c) do you do",
        "d) have you been doing",
        "233"
      ],
      "correct": null,
      "explain": ""
    },
    {
      "q": "84) If I'd been offered the Job, I  ............  have taken It.",
      "a": [
        "a) will",
        "b) would",
        "c) shall",
        "d) can"
      ],
      "correct": null,
      "explain": ""
    },
    {
      "q": "85) If Dave decided to sell his car, I think I. ......... .. It.",
      "a": [
        "a) bought",
        "b) will buy",
        "c) would've bought",
        "d) would buy"
      ],
      "correct": null,
      "explain": ""
    },
    {
      "q": "86) I suggested taking an earlier train to the airport tomorrow. The train.. ............ . be late, you never know.",
      "a": [
        "a) will",
        "b) must",
        "c) should",
        "d) might"
      ],
      "correct": null,
      "explain": ""
    },
    {
      "q": "87) Excuse me, ........  bus goes to the airport, please tell me is it the 75 or the 64?",
      "a": [
        "a) this",
        "b) which",
        "c) where",
        "d) those"
      ],
      "correct": null,
      "explain": ""
    },
    {
      "q": "88) Do you happen to know when?",
      "a": [
        "a) was built the first var",
        "b) was the first car built",
        "c) the first car was built",
        "d) the first car built was"
      ],
      "correct": null,
      "explain": ""
    },
    {
      "q": "89) The average adult brain  ..............  about three pounds and is 60 per cent fat.",
      "a": [
        "a) is weighing",
        "b) weighs",
        "c) weighed",
        "d) was weighed"
      ],
      "correct": null,
      "explain": ""
    },
    {
      "q": "90) We  ................  a great time when all of a sudden, these strange men arrived and told us to leave immediately.",
      "a": [
        "a) have had",
        "b) have been having",
        "c) were having",
        "d) had"
      ],
      "correct": null,
      "explain": ""
    },
    {
      "q": "أكاديمية ستيب المجانية               https://t.me/stepacademy                  مؤسس األكاديمية المهندس أنور",
      "a": [
        "234",
        "91) I've told Jack so many times to stop smoking I've given up  ..............",
        "a) trying",
        "b) have tried"
      ],
      "correct": null,
      "explain": ""
    },
    {
      "q": "c) to be trying",
      "a": [
        "d) to try",
        "92) We won't see Diana on Saturday because she ................  to a new neighborhood next weekend.",
        "a) moves",
        "b) moving"
      ],
      "correct": null,
      "explain": ""
    },
    {
      "q": "c) is moving",
      "a": [
        "d) has moved",
        "93) Fatima's mother asked her.. ....... .. her clothes for her.",
        "a) wash",
        "b) to wash"
      ],
      "correct": null,
      "explain": ""
    },
    {
      "q": "c) washing",
      "a": [
        "d) to washing",
        "94) Helen didn't know how to get to the university, ........  she kept asking for directions.",
        "a) because",
        "b) for"
      ],
      "correct": null,
      "explain": ""
    },
    {
      "q": "95) Which sentence has the CORRECT WORD ORDER?",
      "a": [
        "a) Steve Jobs, the American tech genius, is remembered as the person who made the first real smartphone, having",
        "introduced the iPhone to the world.",
        "b) To the world, as the person who made the first real smartphone, is remembered Steve Jobs, the American tech",
        "genius, having introduced the iPhone."
      ],
      "correct": null,
      "explain": ""
    },
    {
      "q": "c) Having introduced the iPhone to the world, Steve Jobs, the American tech genius, as the person who made the",
      "a": [
        "first real smartphone, is remembered.",
        "d) As the person who made the first real smartphone, is remembered Steve Jobs, the American tech genius, having",
        "introduced the iPhone to the world.",
        "96) I can't reach the door; It is  .........  far away."
      ],
      "correct": null,
      "explain": ""
    },
    {
      "q": "a) any",
      "a": [
        "b) too",
        "c) more",
        "d) much",
        "235"
      ],
      "correct": null,
      "explain": ""
    },
    {
      "q": "97) If she had more talent, she ……...... in art school.",
      "a": [
        "a) enrolls",
        "b) would enroll",
        "c) had enrolled",
        "d) is going to enroll"
      ],
      "correct": null,
      "explain": ""
    },
    {
      "q": "98) In the game of Monopoly, if a player gets a “go to jail card”, he ……...... directly to jail.",
      "a": [
        "a) must going",
        "b) must to go",
        "c) must go",
        "d) must"
      ],
      "correct": null,
      "explain": ""
    },
    {
      "q": "99) Mr. Amir, ……....... the students call Uncle Amir, taught the boys physical education several times a week.",
      "a": [
        "a) he",
        "b) him",
        "c) whom",
        "d) which"
      ],
      "correct": null,
      "explain": ""
    },
    {
      "q": "100) If I ….....…. More time, I ……...... More.",
      "a": [
        "a) had/ learn",
        "b) have/ learn",
        "c) had/ would learn",
        "d) have/ would learn"
      ],
      "correct": null,
      "explain": ""
    }
  ]
}