{
  "model": 12,
  "title": "النموذج 12",
  "questions": [
    {
      "q": "61. If it rains tomorrow, I ...................  my raincoat.",
      "a": [
        "wear",
        "am wear",
        "will wear",
        "going to wear"
      ],
      "correct": null,
      "explain": ""
    },
    {
      "q": "62. Adam …………… a book now.",
      "a": [
        "(A) reads",
        "(B) reading",
        "(C) is reads",
        "(D) is reading"
      ],
      "correct": null,
      "explain": ""
    },
    {
      "q": "63. When I go to King Saud University Library, I usually ………………",
      "a": [
        "(A) am studying",
        "(B) will study",
        "(C) studied",
        "(D) study"
      ],
      "correct": null,
      "explain": ""
    },
    {
      "q": "64. Which one of the underlined words or phrases is INCORRECT?",
      "a": [
        "I don't had enough money to buy  a bus ticket, so I'll have to  walk to school today.",
        "(A) had",
        "(B) to buy",
        "(C) so"
      ],
      "correct": null,
      "explain": ""
    },
    {
      "q": "(D) have to",
      "a": [
        "65. Which of the following sentences has the CORRECT WORD ORDER?",
        "(A) A lot of calcium both yogurt and milk contain, but the bacteria in yogurt than the fats in milk are healthier.",
        "(B) Both yogurt and milk contain a lot of calcium, but the bacteria in the yogurt are healthier than the fats in the",
        "milk."
      ],
      "correct": null,
      "explain": ""
    },
    {
      "q": "(C) Yogurt and milk contain calcium both a lot of, but in yogurt are healthier the bacteria than in milk the fats.",
      "a": [
        "(D) But in yogurt the bacteria are healthier than in milk the fats, a lot of calcium both yogurt and milk contain.",
        "63",
        "66. Which sentence is correct?",
        "(A) Your package delivery has next Tuesday."
      ],
      "correct": null,
      "explain": ""
    },
    {
      "q": "(B) You're package delivery will be next Tuesday.",
      "a": [
        "(C) You're package delivery is next Tuesday.",
        "(D) Your package delivery will be next Tuesday.",
        "67. In which sentence is all PUNCTUATION correct?",
        "(A) After all, the vehicle's are washed, whos' going to have the nicest car?"
      ],
      "correct": null,
      "explain": ""
    },
    {
      "q": "(B) After all the vehicles are washed, who's going to have the nicest car.",
      "a": [
        "(C) After all the vehicles are washed, who's going to have the nicest car?",
        "(D) After all, the vehicles are washed, whos going to have the nicest car.",
        "68. Which of the underlined words or phrases is INCORRECT?",
        "Last night, Ali reads  two articles about  marketing to prepare for his meeting  with his customers ."
      ],
      "correct": null,
      "explain": ""
    },
    {
      "q": "(A) reads",
      "a": [
        "(B) about",
        "(C) meeting",
        "(D) his customers",
        "69. Peter found his old iPhone …………... he cleaned his garage."
      ],
      "correct": null,
      "explain": ""
    },
    {
      "q": "(A) although",
      "a": [
        "(B) during",
        "(C) when",
        "(D) so",
        "70. You can find …………………….. cups in the top drawer."
      ],
      "correct": null,
      "explain": ""
    },
    {
      "q": "(A) few",
      "a": [
        "(B) a little",
        "(C) some",
        "(D) much",
        "71. Could you spare ……………… minutes to help me change any tire?"
      ],
      "correct": null,
      "explain": ""
    },
    {
      "q": "(A) many",
      "a": [
        "(B) a few",
        "(C) a little",
        "(D) Several",
        "72. If my phone …………., I’ll buy a new one."
      ],
      "correct": null,
      "explain": ""
    },
    {
      "q": "(A) is breaking",
      "a": [
        "(B) breaks",
        "(C) will break",
        "(D) broke",
        "64"
      ],
      "correct": null,
      "explain": ""
    },
    {
      "q": "73. …………………you like to go to the park since you have the day off?",
      "a": [
        "(A) Will",
        "(B) DO",
        "(C) Won’t",
        "(D) Would"
      ],
      "correct": null,
      "explain": ""
    },
    {
      "q": "74. Sue has stopped eating burgers, but ………… them a lot.",
      "a": [
        "(A) she is using to enjoy",
        "(B) she used to",
        "(C) she use to enjoy",
        "(D) she used to enjoy"
      ],
      "correct": null,
      "explain": ""
    },
    {
      "q": "75. The team hasn't lost a game ……….. the beginning of the season.",
      "a": [
        "(A) for",
        "(B) from",
        "(C) until",
        "(D) since"
      ],
      "correct": null,
      "explain": ""
    },
    {
      "q": "76. I haven't been to the gym ……….. over a year.",
      "a": [
        "(A) for",
        "(B) from",
        "(C) since",
        "(D) during"
      ],
      "correct": null,
      "explain": ""
    },
    {
      "q": "77. Do you think both of you can travel to Paris ……………?",
      "a": [
        "(A) yours",
        "(B) yourself",
        "(C) ourselves",
        "(D) yourselves"
      ],
      "correct": null,
      "explain": ""
    },
    {
      "q": "78. I have been working in architecture for a while; here is a building when I designed by …………………",
      "a": [
        "(A) myself",
        "(B) mine",
        "(C) my",
        "(D) me"
      ],
      "correct": null,
      "explain": ""
    },
    {
      "q": "79. I am looking for the report on oil prices. Where …….. you put it?",
      "a": [
        "(A) are",
        "(B) were",
        "(C) have",
        "(D) did"
      ],
      "correct": null,
      "explain": ""
    },
    {
      "q": "أكاديمية ستيب المجانية               https://t.me/stepacademy                  مؤسس األكاديمية المهندس أنور",
      "a": [
        "65",
        "80. I asked her if she ……………skydiving when she was in Dubai.",
        "(A) tries",
        "(B) tried"
      ],
      "correct": null,
      "explain": ""
    },
    {
      "q": "(C) trying",
      "a": [
        "(D) has tried",
        "81. All necessary material to do the job …………………..",
        "(A) have provided",
        "(B) will provide"
      ],
      "correct": null,
      "explain": ""
    },
    {
      "q": "(C) will be provided",
      "a": [
        "(D) are being provided",
        "82. I finally feel I know English well now that I've studied it …… five years.",
        "(A) for",
        "(B) yet"
      ],
      "correct": null,
      "explain": ""
    },
    {
      "q": "(C) since",
      "a": [
        "(D) about",
        "83. Wow. It's 10 a.m. already! I ………. for over 10 hours.",
        "(A) sleep",
        "(B) am sleeping"
      ],
      "correct": null,
      "explain": ""
    },
    {
      "q": "(C) have been sleeping",
      "a": [
        "(D) have slept",
        "84. I have finished the exam. …………….. shall I give it to?",
        "(A) He",
        "(B) Him"
      ],
      "correct": null,
      "explain": ""
    },
    {
      "q": "(C) whom",
      "a": [
        "(D) Which",
        "85. Neither Steven ………….. Andy know where the pharmacy is.",
        "(A) nor",
        "(B) also"
      ],
      "correct": null,
      "explain": ""
    },
    {
      "q": "(C) either",
      "a": [
        "(D) neither",
        "86. If I ……………. you, I would start waking up much earlier .",
        "(A) be",
        "(B) am"
      ],
      "correct": null,
      "explain": ""
    },
    {
      "q": "(C) been",
      "a": [
        "(D) were",
        "66",
        "87. If we ………… more doctors, we could have treated all of the patients.",
        "(A) had had"
      ],
      "correct": null,
      "explain": ""
    },
    {
      "q": "(B) have had",
      "a": [
        "(C) had have",
        "(D) have got",
        "88. ………… you please keep the noise down. I am trying to concentrate.",
        "(A) Shall"
      ],
      "correct": null,
      "explain": ""
    },
    {
      "q": "(B) Would",
      "a": [
        "(C) Should",
        "(D) Must",
        "89. The family visits London every year. This year they …….... like to try somewhere new.",
        "(A) must"
      ],
      "correct": null,
      "explain": ""
    },
    {
      "q": "(B) could",
      "a": [
        "(C) might",
        "(D) should",
        "90. If you want to change this product, you should speak to the person ………… sold it to you.",
        "(A) whose"
      ],
      "correct": null,
      "explain": ""
    },
    {
      "q": "(B) who",
      "a": [
        "(C) who he",
        "(D) he",
        "91. I have no idea where …………….",
        "(A) are the presentations saved"
      ],
      "correct": null,
      "explain": ""
    },
    {
      "q": "(B) are saved the presentations",
      "a": [
        "(C) the presentations saved are",
        "(D) the presentations are saved",
        "92. In which sentence is all CAPITALIZATION correct?",
        "(A) Last week, she visited three different cake makers to prepare for her sister's wedding at city wedding hall next"
      ],
      "correct": null,
      "explain": ""
    },
    {
      "q": "month.",
      "a": [
        "(B) Last week, she visited three different cake makers to prepare for her sister's wedding at City Wedding Hall next",
        "month.",
        "(C) Last week, she visited three different cake makers to prepare for her sister's wedding at City wedding hall next",
        "month."
      ],
      "correct": null,
      "explain": ""
    },
    {
      "q": "(D) Last week, She visited three different cake makers to prepare for her sister's wedding at City Wedding Hall next",
      "a": [
        "month.",
        "93. Matt was too weak to carry the boxes himself, ………. he asked his neighbor Chris to help him.",
        "(A) because",
        "(B) why"
      ],
      "correct": null,
      "explain": ""
    },
    {
      "q": "(C) but",
      "a": [
        "67",
        "(D) so",
        "94. Which sentence has the CORRECT WORD ORDER?",
        "(A) Ben said he would like to work in Saudi Arabia, after he has finished his degree and has paid his student debt."
      ],
      "correct": null,
      "explain": ""
    },
    {
      "q": "(B) Ben said he would like to work in Saudi Arabia, and has paid his student debt, after he has finished his degree.",
      "a": [
        "(C) Ben said he would like to work, and has paid his student debt, in Saudi Arabia after he has finished his degree.",
        "(D) Ben said he would like to work, after he has finished his degree and has paid his student debt, in Saudi Arabia.",
        "95. Which one of the underlined words or phrases is INCORRECT?",
        "Many people like eat, drinking, and talking when they visit their favorite restaurants. After  a big meal, it is a good"
      ],
      "correct": null,
      "explain": ""
    },
    {
      "q": "idea to go for a walk before going  to bed.",
      "a": [
        "(A) eat",
        "(B) their",
        "(C) After",
        "(D) going"
      ],
      "correct": null,
      "explain": ""
    },
    {
      "q": "96. In which sentence is all CAPATALIZATION correct?",
      "a": [
        "(A) At first, my friend, Patrick, wanted to work in marketing at Global Solutions, but one of his colleagues, Mr. Smith,",
        "convinced him to start doing research instead starting from March next year.",
        "(B) At first, my Friend, Patrick, wanted to work in Marketing at Global Solutions, but one of his Colleagues, mr. Smith,",
        "convinced him to start doing research instead starting from March next year."
      ],
      "correct": null,
      "explain": ""
    },
    {
      "q": "(C) At first, my friend, patrick, wanted to work in marketing at Global solutions, but one of his Colleagues, Mr. Smith,",
      "a": [
        "convinced him to start doing research instead starting from March next year.",
        "(D) At first, my friend, Patrick, wanted to work in marketing at Global Solutions, but one of his colleagues, mr. Smith,",
        "convinced him to start doing research instead starting from March Next Year.",
        "97. He did not have……….. money in his wallet, so he stopped by the cash machine."
      ],
      "correct": null,
      "explain": ""
    },
    {
      "q": "(A) lots",
      "a": [
        "(B) much",
        "(C) plenty",
        "(D) many",
        "98. Would someone please tell him the correct answer to the question that he……?"
      ],
      "correct": null,
      "explain": ""
    },
    {
      "q": "(A) asked",
      "a": [
        "(B) asking",
        "(C) asked it",
        "(D) is asking it",
        "99. The strawberries ……………. by the children who picked them."
      ],
      "correct": null,
      "explain": ""
    },
    {
      "q": "(A) have all eating",
      "a": [
        "(B) were all eaten",
        "(C) were all eating",
        "(D) had all eaten.",
        "68"
      ],
      "correct": null,
      "explain": ""
    },
    {
      "q": "100. Mr. Amir, …………. the students call Uncle Amir, taught the boys physical education several times a week.",
      "a": [
        "(A) he",
        "(B) him",
        "(C) whom",
        "(D) which"
      ],
      "correct": null,
      "explain": ""
    }
  ]
}