{
  "model": 13,
  "title": "النموذج 13",
  "questions": [
    {
      "q": "61. Lisa was too tired to study last night, ………………. she had a cup of tea and watched some television.",
      "a": [
        "(A) because",
        "(B) why",
        "(C) but",
        "(D) so"
      ],
      "correct": null,
      "explain": ""
    },
    {
      "q": "62. We have almost completed the course. Only ……….. classes are left.",
      "a": [
        "(A) a few",
        "(B) many",
        "(C) a little",
        "(D) several"
      ],
      "correct": null,
      "explain": ""
    },
    {
      "q": "63. You need …………. of money to buy an Italian sports car.",
      "a": [
        "(A) large amount",
        "(B) too much",
        "(C) so much",
        "(D) a lot"
      ],
      "correct": null,
      "explain": ""
    },
    {
      "q": "64. Mona has almost finished reading the book. She only has ………… pages left.",
      "a": [
        "(A) much",
        "(B) little",
        "(C) a few",
        "(D) a little"
      ],
      "correct": null,
      "explain": ""
    },
    {
      "q": "65. The student …………… wrote this essay is the best one ever to take this course.",
      "a": [
        "(A) who",
        "(B) which",
        "(C) that he",
        "(D) who he"
      ],
      "correct": null,
      "explain": ""
    },
    {
      "q": "أكاديمية ستيب المجانية               https://t.me/stepacademy                  مؤسس األكاديمية المهندس أنور",
      "a": [
        "69",
        "66. I'm sorry I'm late for class. I couldn't find ……… free parking spaces.",
        "(A) a lot",
        "(B) any"
      ],
      "correct": null,
      "explain": ""
    },
    {
      "q": "(C) some",
      "a": [
        "(D) much",
        "67. When you go to the bookstore today, ……….. you buy a notepad for me, please?",
        "(A) shall",
        "(B) would"
      ],
      "correct": null,
      "explain": ""
    },
    {
      "q": "(C) should",
      "a": [
        "(D) must",
        "68. If the teacher gives me a bad grade on my essay, I ………… to him about it.",
        "(A) talk",
        "(B) am talk"
      ],
      "correct": null,
      "explain": ""
    },
    {
      "q": "(C) will talk",
      "a": [
        "(D) going to talk",
        "69. Helen and Mary………………. for me for the past two hours.",
        "(A) waits",
        "(B) is waiting"
      ],
      "correct": null,
      "explain": ""
    },
    {
      "q": "(C) has waited",
      "a": [
        "(D) have been waiting",
        "70. Sara hasn't met her supervisor ……………. a month.",
        "(A) for",
        "(B) from"
      ],
      "correct": null,
      "explain": ""
    },
    {
      "q": "(C) since",
      "a": [
        "(D) during",
        "71. Lucy ………..when her mother told her to come and eat.",
        "(A) studied",
        "(B) was studying"
      ],
      "correct": null,
      "explain": ""
    },
    {
      "q": "(C) is studying",
      "a": [
        "(D) will study",
        "72. The students have been working on their project ……..………… several hours now. They must be tired.",
        "(A) for",
        "(B) yet"
      ],
      "correct": null,
      "explain": ""
    },
    {
      "q": "(C) since",
      "a": [
        "(D) about",
        "70",
        "73. Did you and Lisa blame ……………….. for failing the exam?",
        "(A) yourselves"
      ],
      "correct": null,
      "explain": ""
    },
    {
      "q": "(B) ourselves",
      "a": [
        "(C) yourself",
        "(D) yours",
        "74. I'm …………….. studying Physics next term; it's so interesting!",
        "(A) differently"
      ],
      "correct": null,
      "explain": ""
    },
    {
      "q": "(B) definition",
      "a": [
        "(C) definitely",
        "(D) defined",
        "75. If you …………….. your essay on time, you wouldn’t have lost any points.",
        "(A) submitted"
      ],
      "correct": null,
      "explain": ""
    },
    {
      "q": "(B) had submitted",
      "a": [
        "(C) have submitted",
        "(D) would submit",
        "76. Mrs. Harris, …………. you met last week, is our new English teacher.",
        "(A) she"
      ],
      "correct": null,
      "explain": ""
    },
    {
      "q": "(B) her",
      "a": [
        "(C) whom",
        "(D) which",
        "77. We …………….. for the results on our final exam for four days now.",
        "(A) have been waiting"
      ],
      "correct": null,
      "explain": ""
    },
    {
      "q": "(B) had waited",
      "a": [
        "(C) are waiting",
        "(D) wait",
        "78. Mr. Davis has not missed a single lecture ……….. he started teaching.",
        "(A) for"
      ],
      "correct": null,
      "explain": ""
    },
    {
      "q": "(B) from",
      "a": [
        "(C) until",
        "(D) since",
        "79. When the term ……………, I will go on holiday.",
        "(A) would end"
      ],
      "correct": null,
      "explain": ""
    },
    {
      "q": "(B) will end",
      "a": [
        "(C) ended",
        "(D ends",
        "71",
        "80. When I came to campus this morning, I saw that the old university building …..….. into a sports club."
      ],
      "correct": null,
      "explain": ""
    },
    {
      "q": "(A) turned",
      "a": [
        "(B) is turned",
        "(C) being turned",
        "(D) had been turned",
        "81. I'm sure you will all enjoy ………in the course Physics 101. The teacher is great."
      ],
      "correct": null,
      "explain": ""
    },
    {
      "q": "(A) yourselves",
      "a": [
        "(B) ourselves",
        "(C) yourself",
        "(D) yours",
        "82. She must be ready for her exam; she ……….. for weeks."
      ],
      "correct": null,
      "explain": ""
    },
    {
      "q": "(A) has studied",
      "a": [
        "(B) has been studying",
        "(C) studied",
        "(D) is studying",
        "83. I wouldn't go to that university if I …………… you."
      ],
      "correct": null,
      "explain": ""
    },
    {
      "q": "(A) am",
      "a": [
        "(B) were",
        "(C) being",
        "(D) been",
        "84. Mrs. Carter …………. English literature since 1995."
      ],
      "correct": null,
      "explain": ""
    },
    {
      "q": "(A) taught",
      "a": [
        "(B) was teaching",
        "(C) has been teaching",
        "(D) had been teaching",
        "85. Mr. Smith ……………….. a book a week for 25 years."
      ],
      "correct": null,
      "explain": ""
    },
    {
      "q": "(A) had been reading",
      "a": [
        "(B) has been reading",
        "(C) was reading",
        "(D) has reading",
        "86. Diana found the course very easy, because her mother …………… many of the topics to her last year."
      ],
      "correct": null,
      "explain": ""
    },
    {
      "q": "(A) she explained",
      "a": [
        "(B) she explains",
        "(C) had explained",
        "(D) has explained",
        "72"
      ],
      "correct": null,
      "explain": ""
    },
    {
      "q": "87. Kate was almost finished with the exam when the teacher………that time was up.",
      "a": [
        "(A) says",
        "(B) said",
        "(C) has said",
        "(D) had said"
      ],
      "correct": null,
      "explain": ""
    },
    {
      "q": "88. I'm sorry to make you ………… my essay, but I'm too busy to do it myself.",
      "a": [
        "(A) write",
        "(B) wrote",
        "(C) writing",
        "(D) to write"
      ],
      "correct": null,
      "explain": ""
    },
    {
      "q": "89. The new college campus ……………. five years ago.",
      "a": [
        "(A) had been built",
        "(B) has been built",
        "(C) was built",
        "(D) is built"
      ],
      "correct": null,
      "explain": ""
    },
    {
      "q": "90. I don't know how ……………. graduate a year early.",
      "a": [
        "(A) managed Ken to",
        "(B) Ken managed to",
        "(C) did manage Ken to",
        "(D) did Ken managed to"
      ],
      "correct": null,
      "explain": ""
    }
  ]
}