{
  "model": 37,
  "title": "النموذج 37",
  "questions": [
    {
      "q": "If it rains tomorrow, I ................. my raincoat.",
      "a": [
        "wear",
        "am wear",
        "will wear",
        "going to wear"
      ],
      "correct": null,
      "explain": ""
    },
    {
      "q": "Now it is 10:00 PM. The train .............. at 11:00 pm",
      "a": [
        "arriving",
        "arrived",
        "has arrived",
        "will arrive"
      ],
      "correct": null,
      "explain": ""
    },
    {
      "q": "أكاديمية ستيب المجانية               https://t.me/stepacademy                  مؤسس األكاديمية المهندس أنور",
      "a": [
        "214",
        "If you promise to keep a secret, I ............ you what happened.",
        "tell",
        "telling"
      ],
      "correct": null,
      "explain": ""
    },
    {
      "q": "will tell",
      "a": [
        "would tell",
        "Which of the following sentences has the CORRECT WORD ORDER?",
        "He burned incense so that his house would smell nice, for an hour in the morning, through the rest of the day.",
        "So that his house would smell nice, he burned incense for an hour in the morning, through the rest of the day."
      ],
      "correct": null,
      "explain": ""
    },
    {
      "q": "Through the rest of the day he burned incense for an hour in the morning so that his house would smell nice.",
      "a": [
        "He burned incense for an hour in the morning so that his house would smell nice through the rest of the day.",
        "In which sentence is all CAPITALIZATION correct?",
        "In late March, Mrs. Brown applied for a position in a new company.",
        "In late March, mrs. Brown applied for a position in a new company."
      ],
      "correct": null,
      "explain": ""
    },
    {
      "q": "In late march, mrs. Brown applied for a position in a new company.",
      "a": [
        "In late march, Mrs. brown applied for a position in a new company.",
        "Drawing can be a good hobby, ................ most children like computer games more.",
        "and",
        "but"
      ],
      "correct": null,
      "explain": ""
    },
    {
      "q": "They will have breakfast at an .................",
      "a": [
        "Egyptian restaurant",
        "egyptian Restaurant",
        "egyptian restaurant",
        "Egyptian Restaurant"
      ],
      "correct": null,
      "explain": ""
    },
    {
      "q": "In which sentence is all PUNCTUATION correct?",
      "a": [
        "Before Steve applied for his new job he spent two",
        "weeks researching the company even though he got",
        "the job he was not happy with his interview.",
        "215"
      ],
      "correct": null,
      "explain": ""
    },
    {
      "q": "Before Steve applied for his new job, he spent two",
      "a": [
        "weeks researching the company. Even though he got",
        "the job he was not happy with his interview.",
        "Before Steve applied for his new job, he spent two",
        "weeks, researching the company, even though he got"
      ],
      "correct": null,
      "explain": ""
    },
    {
      "q": "the job he was not happy with his interview.",
      "a": [
        "Before Steve applied for his new job, he spent two",
        "weeks researching the company. Even though he got",
        "the job, he was not happy with his interview.",
        "In which of the following sentences is all CAPITALIZATION correct?"
      ],
      "correct": null,
      "explain": ""
    },
    {
      "q": "The lives of princess Layla, princess Mona, prince",
      "a": [
        "Ali, and the queen are all very interesting.",
        "The lives of princess Layla, princess Mona, prince",
        "Ali, and the Queen are all very interesting.",
        "The lives of Princess Layla, Princess Mona, Prince"
      ],
      "correct": null,
      "explain": ""
    },
    {
      "q": "Ali, and the queen are all very interesting.",
      "a": [
        "The lives of Princess Layla, Princess Mona, Prince",
        "Ali, and the Queen are all very interesting.",
        "Sofia knows London very well. She has been there .................... times.",
        "many"
      ],
      "correct": null,
      "explain": ""
    },
    {
      "q": "plenty",
      "a": [
        "If you eat a lot of fast food, you .................... fat.  Everybody knows that.",
        "got",
        "get",
        "would get"
      ],
      "correct": null,
      "explain": ""
    },
    {
      "q": "going to get",
      "a": [
        "216",
        "Remember that you ...................   the instructions, so read them very carefully.",
        "must followed",
        "must following"
      ],
      "correct": null,
      "explain": ""
    },
    {
      "q": "must to follow",
      "a": [
        "must follow",
        "Steve: Have you seen my keys?",
        "Helen: I think I've seen .................... on the kitchen table.",
        "this"
      ],
      "correct": null,
      "explain": ""
    },
    {
      "q": "Who's the person ............... is waving at us?",
      "a": [
        "what",
        "who",
        "whom",
        "which"
      ],
      "correct": null,
      "explain": ""
    },
    {
      "q": "I like both red and green.  ....................... color shirt do you think suits me better?",
      "a": [
        "Which",
        "Whose",
        "Where",
        "Whom"
      ],
      "correct": null,
      "explain": ""
    },
    {
      "q": "I have ordered a book from Amazon. It says here it will ................ in two to three days.",
      "a": [
        "should deliver",
        "delivered",
        "be delivered",
        "deliver"
      ],
      "correct": null,
      "explain": ""
    },
    {
      "q": "I couldn't answer your call because I ....................",
      "a": [
        "did drove",
        "have driven",
        "am driving",
        "was driving"
      ],
      "correct": null,
      "explain": ""
    },
    {
      "q": "أكاديمية ستيب المجانية               https://t.me/stepacademy                  مؤسس األكاديمية المهندس أنور",
      "a": [
        "217",
        "Smoking ..................... allowed inside the building.",
        "not",
        "isn't"
      ],
      "correct": null,
      "explain": ""
    },
    {
      "q": "I did some shopping while I .................. at the mall.",
      "a": [
        "am",
        "been",
        "were",
        "was"
      ],
      "correct": null,
      "explain": ""
    },
    {
      "q": "I know it's difficult for him now, but  he'll  understand when he ................... older.",
      "a": [
        "get",
        "gets",
        "got",
        "getting"
      ],
      "correct": null,
      "explain": ""
    },
    {
      "q": "We stayed in and watched TV last night. What ............... you do?",
      "a": [
        "do",
        "are",
        "did",
        "were"
      ],
      "correct": null,
      "explain": ""
    },
    {
      "q": "A strange man walked up to me this morning and asked me .................. him some money.",
      "a": [
        "to lend",
        "for lending",
        "that I lend",
        "I'm lending"
      ],
      "correct": null,
      "explain": ""
    },
    {
      "q": "I fell asleep last night while I ............... TV.",
      "a": [
        "am watching",
        "was watched",
        "was watching",
        "have watched"
      ],
      "correct": null,
      "explain": ""
    },
    {
      "q": "أكاديمية ستيب المجانية               https://t.me/stepacademy                  مؤسس األكاديمية المهندس أنور",
      "a": [
        "218",
        "I can't hand you the jar from the top shelf. I'm not tall ..................",
        "a lot",
        "much"
      ],
      "correct": null,
      "explain": ""
    },
    {
      "q": "enough",
      "a": [
        "I didn't know you were in town. If I had known, we ............... have gone out for lunch.",
        "did",
        "will",
        "could"
      ],
      "correct": null,
      "explain": ""
    },
    {
      "q": "If I were less busy, I ............... help you with your homework.",
      "a": [
        "would",
        "will",
        "did",
        "can"
      ],
      "correct": null,
      "explain": ""
    },
    {
      "q": "I missed my plane, so I ..................  to buy a new ticket.",
      "a": [
        "had",
        "could",
        "would",
        "must"
      ],
      "correct": null,
      "explain": ""
    },
    {
      "q": "While ...................... of my future, I realized I wanted to be a doctor.",
      "a": [
        "was thinking",
        "thinking",
        "thought",
        "have thought"
      ],
      "correct": null,
      "explain": ""
    },
    {
      "q": "If you .............. your speeding tickets like I told you ages ago, you wouldn't be in trouble.",
      "a": [
        "have paid",
        "pay",
        "paid",
        "had paid"
      ],
      "correct": null,
      "explain": ""
    },
    {
      "q": "Fatima: What do you write at the end of an email?",
      "a": [
        "Nora: I look forward to  ..................... from you soon.           look forward to + v(ing)",
        "hearing",
        "be hearing",
        "will hear"
      ],
      "correct": null,
      "explain": ""
    },
    {
      "q": "أكاديمية ستيب المجانية               https://t.me/stepacademy                  مؤسس األكاديمية المهندس أنور",
      "a": [
        "219",
        "-  ........................... out at the gym is something Paul can't live without.",
        "Work",
        "Worked"
      ],
      "correct": null,
      "explain": ""
    },
    {
      "q": "Working",
      "a": [
        "Works",
        "Choose the CORRECT ORDER to make the following sentences into a paragraph:",
        "(1) Later that week, her boss called her to her office and told her that he thought her report was great and that he",
        "will promote her to project manager."
      ],
      "correct": null,
      "explain": ""
    },
    {
      "q": "(2) When she submitted the report to her boss, she was nervous but confident that she had done a good job.",
      "a": [
        "(3) All her friends were very happy for her.",
        "(4) She made sure to include all important information and analysis so that the report would be as useful and",
        "interesting as possible.",
        "(5) Lisa worked extremely hard on the report she had to submit."
      ],
      "correct": null,
      "explain": ""
    },
    {
      "q": "(3). (4), (2). (1). (5)",
      "a": [
        "(3). (5). (4). (2). (1)",
        "(5). (4). (2). (1). (3)",
        "(5). (4). (3). (2). (1)",
        "Choose the CORRECT ORDER to make the following sentences into a paragraph:"
      ],
      "correct": null,
      "explain": ""
    },
    {
      "q": "(1) Some others are linked to government subsidies.",
      "a": [
        "(2) There are several reasons for buying your own house.",
        "(3) Also, there are reasons that have to do with future costs and land prices.",
        "(4) Some reasons are related to you as a house owner.",
        "(2), (3), (1), (4)"
      ],
      "correct": null,
      "explain": ""
    },
    {
      "q": "(2), (4), (3), (1)",
      "a": [
        "(2), (1), (3), (4)",
        "(2), (4), (1), (3)",
        "Ted went to a carpenter to have some closets made,  .............. they came out too small.",
        "so"
      ],
      "correct": null,
      "explain": ""
    },
    {
      "q": "because",
      "a": [
        "220",
        "The children liked animals, .............. they would often go to the zoo with their parents.",
        "because",
        "since"
      ],
      "correct": null,
      "explain": ""
    },
    {
      "q": "Which sentence has the CORRECT WORD ORDER?",
      "a": [
        "The first opened train line in India in 1853 the British government called the Red Hill Railway.",
        "In 1853, the British colonial government opened the first train line in India called the Red Hill Railway.",
        "Red Hill Railway opened the British colonial government called the first train line in India in 1853.",
        "Opened the British colonial government called Red Hill Railway the first train line in India in 1853."
      ],
      "correct": null,
      "explain": ""
    },
    {
      "q": "If she had more talent, she …………. in art school.",
      "a": [
        "enrolls",
        "would enroll",
        "had enrolled",
        "is going to enroll"
      ],
      "correct": null,
      "explain": ""
    },
    {
      "q": "In the game of Monopoly, if a player gets a \"go to jail card\", he…...directly to jail.",
      "a": [
        "must going",
        "must to go",
        "must go",
        "must"
      ],
      "correct": null,
      "explain": ""
    },
    {
      "q": "Mr. Amir, …………. the students call Uncle Amir, taught the boys physical education several times a week.",
      "a": [
        "he",
        "him",
        "whom",
        "which"
      ],
      "correct": null,
      "explain": ""
    },
    {
      "q": "If I ………….. more time, I ………….. more languages.",
      "a": [
        "had / learn",
        "have / learn",
        "had / would learn",
        "have / would learn"
      ],
      "correct": null,
      "explain": ""
    }
  ]
}