{
  "model": 41,
  "title": "النموذج 41",
  "questions": [
    {
      "q": "61. If it rains tomorrow, I ……….. my raincoat.",
      "a": [
        "a) wear",
        "b) am wear",
        "c) will wear",
        "d) going to wear"
      ],
      "correct": null,
      "explain": ""
    },
    {
      "q": "62. Adam ............ a book now.",
      "a": [
        "a) reads",
        "b) reading",
        "c) is reads",
        "d) is reading"
      ],
      "correct": null,
      "explain": ""
    },
    {
      "q": "63. When I go to King Saud University Library, I usually ...............",
      "a": [
        "a) am studying",
        "b) will study",
        "c) studied",
        "d) study"
      ],
      "correct": null,
      "explain": ""
    },
    {
      "q": "64. Which one of the underlined words or phrases is INCORRECT?",
      "a": [
        "I don't had enough money to buy  a bus ticket, so I'll have to  walk to school today.",
        "a) had",
        "b) to buy",
        "c) so"
      ],
      "correct": null,
      "explain": ""
    },
    {
      "q": "d) have to",
      "a": [
        "65. Which of the following sentences has the \"CORRECT WORD ORDER\"",
        "a) Great products both Apple and Microsoft make, but the iPhone from Apple than the Windows Phone from",
        "Microsoft is better.",
        "b) Great products make Apple and Microsoft both, but from Apple the iPhone is better than the from Microsoft"
      ],
      "correct": null,
      "explain": ""
    },
    {
      "q": "Windows Phone.",
      "a": [
        "c) Both Apple and Microsoft make great products, but the iPhone from Apple is better than the Windows Phone",
        "from Microsoft.",
        "d) but the iPhone from Apple is better than the Windows Phone from Microsoft, both Apple and Microsoft great",
        "products make."
      ],
      "correct": null,
      "explain": ""
    },
    {
      "q": "أكاديمية ستيب المجانية               https://t.me/stepacademy                  مؤسس األكاديمية المهندس أنور",
      "a": [
        "244",
        "66. Which sentence is correct?",
        "a) Your vehicle inspection has on Thursday next week.",
        "b) You're vehicle inspection will be on Thursday next week."
      ],
      "correct": null,
      "explain": ""
    },
    {
      "q": "c) You're vehicle inspection is on Thursday next week.",
      "a": [
        "d) Your vehicle inspection will be on Thursday next week.",
        "67. In which of the following sentences is all PUNCTUATION correct?",
        "a) After all, the sample's are finished, whey going to get the new contract?",
        "b) After all the samples are tested, who's going to get the new contract."
      ],
      "correct": null,
      "explain": ""
    },
    {
      "q": "c) After all the samples are tested, who's going to get the new contract?",
      "a": [
        "d) After all, the samples are tested, whos going to get the new contract.",
        "68. Which one of the underlined words or phrases is INCORRECT?",
        "Last week, Adam writes  three essays about  biology and sent them  to his teacher .",
        "a) writes"
      ],
      "correct": null,
      "explain": ""
    },
    {
      "q": "b) about",
      "a": [
        "c) them",
        "d) his teacher",
        "69. Sara met her friend ………….. she went to her favorite restaurant to have lunch .",
        "a) so"
      ],
      "correct": null,
      "explain": ""
    },
    {
      "q": "b) when",
      "a": [
        "c) during",
        "d) although",
        "70. Chris read many papers before he …………. his essay.",
        "a) write"
      ],
      "correct": null,
      "explain": ""
    },
    {
      "q": "b) is writing",
      "a": [
        "c) wrote",
        "d) has written",
        "71. Where did I put my phone? I …………… for it since 2 o’clock.",
        "a) look"
      ],
      "correct": null,
      "explain": ""
    },
    {
      "q": "b) am looking",
      "a": [
        "c) have been looking",
        "d) had looked",
        "72. The entire session was ruined because some people behaved …………..",
        "a) disruptive"
      ],
      "correct": null,
      "explain": ""
    },
    {
      "q": "b) disruptiveness",
      "a": [
        "c) disruptively",
        "d) disruption",
        "245",
        "73. Chris asked the man ……………… was sitting at the reception desk to help him."
      ],
      "correct": null,
      "explain": ""
    },
    {
      "q": "a) whose",
      "a": [
        "b) who",
        "c) which",
        "d) where",
        "74. If Steve wakes up before 6 a.m., he …………… for a jog."
      ],
      "correct": null,
      "explain": ""
    },
    {
      "q": "a) going to go",
      "a": [
        "b) went",
        "c) had gone",
        "d) goes",
        "75. Sameh crashed his car when he ……………. at his phone."
      ],
      "correct": null,
      "explain": ""
    },
    {
      "q": "a) looks",
      "a": [
        "b) looked",
        "c) have looked",
        "d) had looked",
        "76. The teacher wasn’t able to help, so Lisa and Mary finished the project by ………….."
      ],
      "correct": null,
      "explain": ""
    },
    {
      "q": "a) ourselves",
      "a": [
        "b) oneselves",
        "c) theirselves",
        "d) themselves",
        "77. The meat is so soft, I cooked it ………….. 4 hours."
      ],
      "correct": null,
      "explain": ""
    },
    {
      "q": "a) for",
      "a": [
        "b) from",
        "c) since",
        "d) during",
        "78. Sam arrived late to the party. By the time he came, the cake …………….."
      ],
      "correct": null,
      "explain": ""
    },
    {
      "q": "a) had been eaten",
      "a": [
        "b) being eaten",
        "c) is eaten",
        "d) ate",
        "79. …………….. book would you recommend I read on the plane trip?"
      ],
      "correct": null,
      "explain": ""
    },
    {
      "q": "a) Who",
      "a": [
        "b) Where",
        "c) Which",
        "d) Whose",
        "246"
      ],
      "correct": null,
      "explain": ""
    },
    {
      "q": "80. I can’t make pasta; I don’t have …………….. tomatoes for the sauce.",
      "a": [
        "a) some",
        "b) any",
        "c) a lot",
        "d) much"
      ],
      "correct": null,
      "explain": ""
    },
    {
      "q": "81. I have not been to Dubai …………. May last year.",
      "a": [
        "a) for",
        "b) from",
        "c) until",
        "d) since"
      ],
      "correct": null,
      "explain": ""
    },
    {
      "q": "82. I burned my hand while I ……………. my dinner.",
      "a": [
        "a) have cooked",
        "b) cooked",
        "c) cook",
        "d) was cooking"
      ],
      "correct": null,
      "explain": ""
    },
    {
      "q": "83. Let me know when you …………… your meal and I will bring you coffee.",
      "a": [
        "a) finished",
        "b) finish",
        "c) finishes",
        "d) finishing"
      ],
      "correct": null,
      "explain": ""
    },
    {
      "q": "84. I don’t know where………………….",
      "a": [
        "a) live the richest people in the city.",
        "b) live in the city the richest people.",
        "c) the richest in the city people live.",
        "d) the richest people in the city live."
      ],
      "correct": null,
      "explain": ""
    },
    {
      "q": "85. the father suggested to his daughter that he………… her a nice present for her birthday.",
      "a": [
        "a) gives",
        "b) giving",
        "c) have given",
        "d) would give"
      ],
      "correct": null,
      "explain": ""
    },
    {
      "q": "86. If A li ……………. early enough, we would have seen the amazing sunrise this morning.",
      "a": [
        "a) had woken up",
        "b) woke up",
        "c) has woken up",
        "d) would wake up"
      ],
      "correct": null,
      "explain": ""
    },
    {
      "q": "أكاديمية ستيب المجانية               https://t.me/stepacademy                  مؤسس األكاديمية المهندس أنور",
      "a": [
        "247",
        "87. ……………. should I see about fixing my computer?",
        "a) He",
        "b) Him"
      ],
      "correct": null,
      "explain": ""
    },
    {
      "q": "c) Whom",
      "a": [
        "d) Which",
        "88. When I came for my job interview, neither the receptionist ……………. the secretary knew where the interview",
        "was.",
        "a) nor"
      ],
      "correct": null,
      "explain": ""
    },
    {
      "q": "b) also",
      "a": [
        "c) either",
        "d) neither",
        "89. You have traveled a long way so you …………. like to rest a little.",
        "a) must"
      ],
      "correct": null,
      "explain": ""
    },
    {
      "q": "b) could",
      "a": [
        "c) might",
        "d) should",
        "90. I would have received a bonus if I ……………. my sales target.",
        "a) reach"
      ],
      "correct": null,
      "explain": ""
    },
    {
      "q": "b) reached",
      "a": [
        "c) have reached",
        "d) had reached",
        "91. Jood set a goal of ………. Mount Everest before she became 30 years old.",
        "a) climbing"
      ],
      "correct": null,
      "explain": ""
    },
    {
      "q": "b) to climb",
      "a": [
        "c) climb",
        "d) climbed",
        "92. In which sentence is all CAPITALIZATION correct?",
        "a) Yesterday, she bought four books to prepare for her teaching job at paris university."
      ],
      "correct": null,
      "explain": ""
    },
    {
      "q": "b) Yesterday, she bought four books to prepare for her teaching job at Paris University.",
      "a": [
        "c) Yesterday, she bought four books to prepare for her teaching job at Paris university",
        "d) Yesterday, She bought four books to prepare for her teaching job at Paris University.",
        "93. Matt was too poor to buy the things he wanted when he was young, ……………. he started his own company and",
        "worked really hard to make a lot of money."
      ],
      "correct": null,
      "explain": ""
    },
    {
      "q": "a) because",
      "a": [
        "b) why",
        "c) but",
        "d) so",
        "248"
      ],
      "correct": null,
      "explain": ""
    },
    {
      "q": "94. Which sentence has the CORRECT WORD ORDER",
      "a": [
        "a) My friend said he would travel to China, after he has finished his current project at work and has time to take a",
        "holiday.",
        "b) My friend said he would like to travel to China, and has time to take a holiday after he has finished his current",
        "project at work."
      ],
      "correct": null,
      "explain": ""
    },
    {
      "q": "c) My friend said he would like to travel, and has time to take a holiday after he has current project at work to China.",
      "a": [
        "d) My friend said he would like to travel, after he has finished his current project at work and has time to take a",
        "holiday to China",
        "95. Which one of the underlined words or phrases is INCORRECT?",
        "University students like read , writing, and discussing to prepare for their exams. After  exams are over, they need"
      ],
      "correct": null,
      "explain": ""
    },
    {
      "q": "some time to relax before starting  work on their next course.",
      "a": [
        "a) read",
        "b) their",
        "c) after",
        "d) starting"
      ],
      "correct": null,
      "explain": ""
    },
    {
      "q": "96. In which sentence is all CAPITALIZATION correct?",
      "a": [
        "a) At first, my brother, Ahmed, wanted to study chemistry at Prince Mohamed University, but one of his friends Mr.",
        "Adam, persuaded him to study English instead after he finishes his second semester in July.",
        "b) At first, my Brother, Ahmed, wanted to study Chemistry at Prince Mohamed University, but one of his friends mr.",
        "Adam, persuaded him to study english instead after he finishes his Second Semester in July."
      ],
      "correct": null,
      "explain": ""
    },
    {
      "q": "c) At first, my brother, ahmed, wanted to study chemistry at Prince mohamed University, but one of his Friends Mr.",
      "a": [
        "Adam, persuaded him to study English instead after he f inishes his second semester in July.",
        "d) At first, my brother, Ahmed, wanted to study chemistry at Prince Mohamed University, but one of his friends mr.",
        "Adam, persuaded him to study English instead after he finishes his Second Semester in July.",
        "249"
      ],
      "correct": null,
      "explain": ""
    },
    {
      "q": "97. He did not have .............. money in his wallet, so he stopped by the cash machine.",
      "a": [
        "a) lots",
        "b) much",
        "c) plenty",
        "d) many"
      ],
      "correct": null,
      "explain": ""
    },
    {
      "q": "98. Would someone please tell him the correct answer to the question that he… .....…?",
      "a": [
        "a) asked",
        "b) asking",
        "c) asked it",
        "d) is asking it"
      ],
      "correct": null,
      "explain": ""
    },
    {
      "q": "99. The strawberries ...................... by the children who picked them.",
      "a": [
        "a) have all eating",
        "b) were all eaten",
        "c) were all eating",
        "d) had all eaten."
      ],
      "correct": null,
      "explain": ""
    },
    {
      "q": "100. Mr. Amir, ............. the students call Uncle Amir, taught the boys physical education several times a week.",
      "a": [
        "a) he",
        "b) him",
        "c) whom",
        "d) which"
      ],
      "correct": null,
      "explain": ""
    }
  ]
}