{
  "model": 10,
  "title": "النموذج 10",
  "questions": [
    {
      "q": "61. If it rains tomorrow, I ...................  my raincoat.",
      "a": [
        "wear",
        "am wear",
        "will wear",
        "going to wear"
      ],
      "correct": null,
      "explain": ""
    },
    {
      "q": "62. Adam …………… a book now.",
      "a": [
        "(A) reads",
        "(B) reading",
        "(C) is reads",
        "(D) is reading"
      ],
      "correct": null,
      "explain": ""
    },
    {
      "q": "63. When I go to King Saud University Library, I usually ………………",
      "a": [
        "(A) am studying",
        "(B) will study",
        "(C) studied",
        "(D) study"
      ],
      "correct": null,
      "explain": ""
    },
    {
      "q": "64. Which one of the underlined words or phrases is INCORRECT?",
      "a": [
        "I don't had enough money to buy  a bus ticket, so I'll have to  walk to school today.",
        "(A) had",
        "(B) to buy",
        "(C) so"
      ],
      "correct": null,
      "explain": ""
    },
    {
      "q": "(D) have to",
      "a": [
        "65. Which of the following sentences has the CORRECT WORD ORDER?",
        "(A) Fun subjects to study both physics and sociology are, but the mathematics in physics than the psychology in",
        "sociology is more interesting.",
        "(B) Physics and sociology are fun subjects to study both, but in physics is more interesting the mathematics than in"
      ],
      "correct": null,
      "explain": ""
    },
    {
      "q": "sociology the psychology.",
      "a": [
        "(C) Both physics and sociology are fun subjects to study, but the mathematics in physics is more interesting than the",
        "psychology in sociology.",
        "(D) But in physics the mathematics is more interesting than the psychology in sociology, fun subjects to study both",
        "physics and sociology are."
      ],
      "correct": null,
      "explain": ""
    },
    {
      "q": "66. Which sentence is correct?",
      "a": [
        "(A) Your visit will be next Saturday.",
        "(B) You're visit will be next Saturday.",
        "(c) You're visit is next Saturday.",
        "(D) Your visit has next Saturday."
      ],
      "correct": null,
      "explain": ""
    },
    {
      "q": "أكاديمية ستيب المجانية               https://t.me/stepacademy                  مؤسس األكاديمية المهندس أنور",
      "a": [
        "52",
        "67. In which of the following sentences is all PUNCTUATION correct?",
        "(A) After all, the office's are finished, whos' going to have the biggest room?",
        "(B) After all the offices are finished, who's going to have the biggest room."
      ],
      "correct": null,
      "explain": ""
    },
    {
      "q": "(C) After all the offices are finished, who's going to have the biggest room?",
      "a": [
        "(D) After all, the offices are finished, whos going to have the biggest room.",
        "68. Karen was too upset to fall asleep last night, ……… she went for a long walk.",
        "(A) because",
        "(B) why"
      ],
      "correct": null,
      "explain": ""
    },
    {
      "q": "(c) but",
      "a": [
        "(D) so",
        "69. Which sentence has the CORRECT WORD ORDER?",
        "(A) Adam said he would like to live in the UAE, after he has finished his studies and found a good job.",
        "(B) Adam said he would like to live in the UAE, and has found a good job, after he has finished his studies"
      ],
      "correct": null,
      "explain": ""
    },
    {
      "q": "(C) Adam said he would like to live in, and found a good job, the UAE after he has finished his studies.",
      "a": [
        "(D) Adam said he would like to visit, after he has finished his studies and found a good job, the UAE.",
        "70. Jack drove a Ford for years before he …………… a GMC.",
        "(A) buys",
        "(B) is buying"
      ],
      "correct": null,
      "explain": ""
    },
    {
      "q": "(C) bought",
      "a": [
        "(D) has bought",
        "71. Has anyone seen Chris recently? I ……………. to contact him since last Monday.",
        "(A) try",
        "(B) am trying"
      ],
      "correct": null,
      "explain": ""
    },
    {
      "q": "(C) have been trying",
      "a": [
        "(D) had tried",
        "72. The teacher was in a bad mood and spoke to everyone …………………",
        "(A) aggressive",
        "(B) aggressiveness"
      ],
      "correct": null,
      "explain": ""
    },
    {
      "q": "(C) aggressively",
      "a": [
        "(D) aggression",
        "73. The lady …………………. you just spoke with can help with your problem.",
        "(A) whose",
        "(B) whom"
      ],
      "correct": null,
      "explain": ""
    },
    {
      "q": "(C) which",
      "a": [
        "(D) where",
        "74. If Sarah has free time, she ……………. her favorite programs on Netflix.",
        "(A) going to watch",
        "(B) had watched"
      ],
      "correct": null,
      "explain": ""
    },
    {
      "q": "(C) watched",
      "a": [
        "(D) watches",
        "53",
        "75. Anna …………. with joy when she saw her brother for the first time in months.",
        "(A) jumps"
      ],
      "correct": null,
      "explain": ""
    },
    {
      "q": "(B) jumped",
      "a": [
        "(C) have jumped",
        "(D) had jumped",
        "76. Tom and Adam developed a new app all by …………………",
        "(A) ourselves"
      ],
      "correct": null,
      "explain": ""
    },
    {
      "q": "(B) oneselves",
      "a": [
        "(C) theirselves",
        "(D) themselves",
        "77. Tony has been trying to call STC ……………………… three days.",
        "(A) during"
      ],
      "correct": null,
      "explain": ""
    },
    {
      "q": "(B) since",
      "a": [
        "(C) from",
        "(D) for",
        "78. By the time Maria arrived at the meeting, the main topic ……………….",
        "(A) had been discussed"
      ],
      "correct": null,
      "explain": ""
    },
    {
      "q": "(B) being discussed",
      "a": [
        "(C) is discussed",
        "(D) discussed",
        "79. I am booking my tickets for my summer holiday. ………travel agency do you think I should use?",
        "(A) who"
      ],
      "correct": null,
      "explain": ""
    },
    {
      "q": "(B) Where",
      "a": [
        "(C) Which",
        "(D) Why",
        "80. I can't come jogging; I don't have …………… running shoes.",
        "(A) some"
      ],
      "correct": null,
      "explain": ""
    },
    {
      "q": "(B) any",
      "a": [
        "(C) a lot",
        "(D) much",
        "81. I have not gone to Dubai ………………….. May last year.",
        "(A) for"
      ],
      "correct": null,
      "explain": ""
    },
    {
      "q": "(B) from",
      "a": [
        "(C) since",
        "(D) until",
        "82. I had a great business idea while I ……………… my last English essay.",
        "(A) have written"
      ],
      "correct": null,
      "explain": ""
    },
    {
      "q": "(B) wrote",
      "a": [
        "(C) write",
        "(D) was writing",
        "54",
        "83. Let me know when you …………………. the task. I will give you another to do."
      ],
      "correct": null,
      "explain": ""
    },
    {
      "q": "(A) completed",
      "a": [
        "(B) complete",
        "(C) completes",
        "(D)completing",
        "84. I don't know where ……………………."
      ],
      "correct": null,
      "explain": ""
    },
    {
      "q": "(A) can be bought the best used cars",
      "a": [
        "(B) can be the best used cars bought",
        "(C) the best used cars bought can be",
        "(D) the best used cars can be bought",
        "85. The teacher suggested he……… Jan and A grade, but in the end, he decided on a B."
      ],
      "correct": null,
      "explain": ""
    },
    {
      "q": "(A) gives",
      "a": [
        "(B) giving",
        "(C) has given",
        "(D) would give",
        "86. If Tim ………………. better at work, he would have received a promotion."
      ],
      "correct": null,
      "explain": ""
    },
    {
      "q": "(A) had performed",
      "a": [
        "(B) performed",
        "(C) has performed",
        "(D) would perform",
        "87. The teacher ………………. you can see between 10 and 11 am, has your feedback for you."
      ],
      "correct": null,
      "explain": ""
    },
    {
      "q": "(A) which",
      "a": [
        "(B) whom",
        "(C) him",
        "(D) he",
        "88. Both brothers want to study in England, but neither Ahmed ………………… Ali passed the entry test."
      ],
      "correct": null,
      "explain": ""
    },
    {
      "q": "(A) nor",
      "a": [
        "(B) also",
        "(C) either",
        "(D) neither",
        "89. You are so late for the class that you …………. not understand the lesson."
      ],
      "correct": null,
      "explain": ""
    },
    {
      "q": "(A) must",
      "a": [
        "(B) could",
        "(C) might",
        "(D) should",
        "90. I wouldn't have bought a Chinese car if I ……………. they were unreliable."
      ],
      "correct": null,
      "explain": ""
    },
    {
      "q": "(A) know",
      "a": [
        "(B) knew",
        "(C) have known",
        "(D) had known",
        "91. Eric often dreamed of ……………………… a summer in Japan."
      ],
      "correct": null,
      "explain": ""
    },
    {
      "q": "(A) spending",
      "a": [
        "(B) to spend",
        "55",
        "(C) spend",
        "(D) spent"
      ],
      "correct": null,
      "explain": ""
    },
    {
      "q": "92. Which one of the underlined words or phrases is INCORRECT?",
      "a": [
        "Football players like run, shooting, and scoring goals, both in their  training sessions and in matches. After  a training",
        "session, they need a couple of days to rest before playing  a match.",
        "(A) run",
        "(B) their"
      ],
      "correct": null,
      "explain": ""
    },
    {
      "q": "(C) After",
      "a": [
        "(D) playing",
        "93. Which of the underlined words or phrases is INCORRECT?",
        "Yesterday, John sends  two messages to his friend  Ken about  their trip to the desert.",
        "(A) sends"
      ],
      "correct": null,
      "explain": ""
    },
    {
      "q": "(B) his friend",
      "a": [
        "(C) about",
        "(D) trip",
        "94. Lucy saw her brother …………… she went home during her holiday.",
        "(A) although"
      ],
      "correct": null,
      "explain": ""
    },
    {
      "q": "(B) during",
      "a": [
        "(C) when",
        "(D) so",
        "95. In which sentence is all CAPATALIZATION correct?",
        "(A) Three days ago, he bought two tickets to prepare for the match at london stadium next week."
      ],
      "correct": null,
      "explain": ""
    },
    {
      "q": "(B) Three days ago, he bought two tickets to prepare for the match at London Stadium next week.",
      "a": [
        "(C) Three days ago, he bought two tickets to prepare for the match at London stadium next week.",
        "(D) Three days ago, He bought two tickets to prepare for the match at London Stadium next week.",
        "96. In which sentence is all CAPATALIZATION correct?",
        "(A) At first, my sister, Mona, wanted to study biology at King Fahd University, but one of her teachers, Mr. Ca rter,"
      ],
      "correct": null,
      "explain": ""
    },
    {
      "q": "persuaded her to join the College of Engineering after she finishes the first semester in January.",
      "a": [
        "(B) At first, my sister, Mona, wanted to study Biology King Fahd University, but one of her Teachers, Carter,",
        "persuaded her to join the College of engineering after she finishes the First Semester in January.",
        "(C) At first, my brother, mona, wanted to study Biology at King Fahd university, but one of her Teachers, Mrs. Carter,",
        "persuaded her to join the college of Engineering after she finishes the first semester in January."
      ],
      "correct": null,
      "explain": ""
    },
    {
      "q": "(D) At First, my sister, Mona, wanted to study biology at King Fahd University, but one of her teachers, mrs. Carter,",
      "a": [
        "persuaded her to join the College of engineering after she finishes the First Semester in January.",
        "97. He did not have ………money in his wallet, so the stopped by the cash machine.",
        "(A) tots",
        "(B) much"
      ],
      "correct": null,
      "explain": ""
    },
    {
      "q": "(C) plenty",
      "a": [
        "(D) many",
        "98. Would someone please tell him the correct answer to the question that he……?",
        "(A) asked",
        "(B) asking"
      ],
      "correct": null,
      "explain": ""
    },
    {
      "q": "(C) asked it",
      "a": [
        "(D) is asking it",
        "56",
        "99. The strawberries …………………… by the children who picked them.",
        "(A) have all eating"
      ],
      "correct": null,
      "explain": ""
    },
    {
      "q": "(B) were all eaten",
      "a": [
        "(C) were all eating",
        "(D) had all eaten",
        "100. Mr. Amir,…………….the students call Uncle Amir, taught the boys physical education several times a week.",
        "(A) he"
      ],
      "correct": null,
      "explain": ""
    }
  ]
}