{
  "model": 16,
  "title": "النموذج 16",
  "questions": [
    {
      "q": "61) What…………….your father’s job?",
      "a": [
        "A) is",
        "B) be",
        "C) can",
        "D) does"
      ],
      "correct": null,
      "explain": ""
    },
    {
      "q": "62) She always likes to visit London in the summer; London is……… favorite city.",
      "a": [
        "A) she.",
        "B) her.",
        "C) hers.",
        "D) its."
      ],
      "correct": null,
      "explain": ""
    },
    {
      "q": "63) If they have the resources, they ……….. a public park.",
      "a": [
        "A) built.",
        "B) had built.",
        "C) will build.",
        "D) would build."
      ],
      "correct": null,
      "explain": ""
    },
    {
      "q": "64) Hannah: Excuse me. I am looking for my backpack.",
      "a": [
        "Librarian: there are three backpacks on the lost and found shelf.",
        "Could you tell me……….one is yours?",
        "A) that.",
        "B) which."
      ],
      "correct": null,
      "explain": ""
    },
    {
      "q": "C) what.",
      "a": [
        "D) this.",
        "65) In which sentence Is all CAPITALIZATION correct?",
        "A) Not all muslims speak Arabic or are from the middle east; Indonesia and Malaysia are two asian countries with",
        "millions of Citizens who practice Islam."
      ],
      "correct": null,
      "explain": ""
    },
    {
      "q": "B) Not all Muslims speak Arabic or are from the middle East; Indonesia and Malaysia are two Asian Countries with",
      "a": [
        "Millions of citizens who practice Islam.",
        "C) Not all muslims speak Arabic or are from the Middle East; Indonesia and Malaysia are Two Asian Countries with",
        "millions of citizens who practice islam.",
        "D) Not all Muslims speak Arabic or are from the Middle East; Indonesia and Malaysia are two Asian countries with"
      ],
      "correct": null,
      "explain": ""
    },
    {
      "q": "millions of citizens who practice Islam.",
      "a": [
        "66) Roger wanted……… a new phone.",
        "A) buy.",
        "B) to buy.",
        "C) that he buts."
      ],
      "correct": null,
      "explain": ""
    },
    {
      "q": "D) that he will buy.",
      "a": [
        "86",
        "67) How did you respond when the policeman asked you……..him your driver’s license?",
        "A) give.",
        "B) to give."
      ],
      "correct": null,
      "explain": ""
    },
    {
      "q": "C) giving.",
      "a": [
        "D) to giving.",
        "68) Don’t take that book. It’s………………...",
        "A) me.",
        "B) my."
      ],
      "correct": null,
      "explain": ""
    },
    {
      "q": "C) mine.",
      "a": [
        "D) myself.",
        "69) In which sentence is all PUNCTUATION correct?",
        "a) Matt had a stressful day at work, so when he came home, he didn’t want to talk to anyone.",
        "b) Matt had a stressful day at work, so when he came home; he didn’t want to talk to anyone."
      ],
      "correct": null,
      "explain": ""
    },
    {
      "q": "c) Matt had a stressful day at work, so when he came home; he didn’t want to talk to anyone.",
      "a": [
        "d) Matt had a stressful day at work, so when he came home: he didn’t want to talk to anyone.",
        "70) Jack couldn’t afford to buy that expensive watch………….",
        "A) and he bought a cheaper one too.",
        "B) so he bought a cheaper one instead."
      ],
      "correct": null,
      "explain": ""
    },
    {
      "q": "C) until he bought a cheaper one instead.",
      "a": [
        "D) although he bought a cheaper one too.",
        "71) Which sentence has the CORRECT WORD ORDER?",
        "a) Mrs. Wilson put them away in the cupboard, after lunch was over, and washed the dishes, dried them.",
        "b) After lunch was over, Mrs. Wilson washed the dishes, dried them, and put them away in the cupboard."
      ],
      "correct": null,
      "explain": ""
    },
    {
      "q": "c) Mrs. Wilson washed the dishes, dried them, after lunch was over, and put them away in the cupboard.",
      "a": [
        "d) Dried them, Mrs. Wilson put them away in the cupboard, after lunch was over, and washed the dishes.",
        "72) The water in the lake…………………….last winter.",
        "A) freeze.",
        "B) froze."
      ],
      "correct": null,
      "explain": ""
    },
    {
      "q": "C) freezes.",
      "a": [
        "D) frozen.",
        "73) What are you doing………………..home?",
        "A) in.",
        "B) at."
      ],
      "correct": null,
      "explain": ""
    },
    {
      "q": "C) to.",
      "a": [
        "D) on.",
        "74) Paul: I left my coat in the car. Will: here, you can borrow………………...",
        "A) mine.",
        "87"
      ],
      "correct": null,
      "explain": ""
    },
    {
      "q": "B) my.",
      "a": [
        "C) our.",
        "D) it.",
        "75) Bob and Tom enjoyed ………… so much on the school trip.",
        "A) ourselves."
      ],
      "correct": null,
      "explain": ""
    },
    {
      "q": "B) oneselves.",
      "a": [
        "C) theirselves.",
        "D) themselves.",
        "76) Sara: I finally saw my doctor last week. Jane: What did she say? Sara: She told me…………….some new medication.",
        "A) to take."
      ],
      "correct": null,
      "explain": ""
    },
    {
      "q": "B) taking.",
      "a": [
        "C) to taking.",
        "D) that I take.",
        "77) When they……. their examinations, the students will go on summer holiday.",
        "A) finish."
      ],
      "correct": null,
      "explain": ""
    },
    {
      "q": "B) finished.",
      "a": [
        "C) will finish.",
        "D) would finish.",
        "78) Because they had been out in the desert all day, they needed to drink……water.",
        "A) a"
      ],
      "correct": null,
      "explain": ""
    },
    {
      "q": "B) few",
      "a": [
        "C) many",
        "D) some",
        "79) In which sentence Is all PUNCTUATION correct?",
        "A) When I was younger my mother said my messy hair looked like a rat’s nest."
      ],
      "correct": null,
      "explain": ""
    },
    {
      "q": "B) When I was younger my mother said, my messy hair looked like a rats nest.",
      "a": [
        "C) When I was younger. My mother said my messy hair looked like a rats’ nest.",
        "D) When I was younger, my mother said my messy hair looked like a rat’s nest.",
        "80) In which sentence Is all CAPITALIZATION correct?",
        "A) At First, my eldest sister, Sara, wanted to study chemistry at King Sand University, but one of her professors,"
      ],
      "correct": null,
      "explain": ""
    },
    {
      "q": "doctor Hilda, persuaded her to join the College of medicine after she finishes the First Semester in January.",
      "a": [
        "B) At first, my eldest Sister, Sara, wanted to study Chemistry at King Sand University, but one of her Professors,",
        "doctor Hilda, persuaded her to join the College of medicine after she finishes the First Semester in January.",
        "C) At first, my eldest sister, sara. wanted to study Chemistry at King saud university, but one of her Professors.",
        "Doctor Hilda, persuaded her to join the college of Medicine after she finishes the first semester in January."
      ],
      "correct": null,
      "explain": ""
    },
    {
      "q": "D) At first, my eldest sister, Sara, wanted to study chemistry at King Sand University, but one of her professors,",
      "a": [
        "Doctor Hilda, persuaded her to join the College of Medicine after she finishes the first semester in January.",
        "88",
        "81) In which sentence is CAPITALIZATION correct?",
        "A) This semester, Mark is taking Math, Geography, Geology, french, and english."
      ],
      "correct": null,
      "explain": ""
    },
    {
      "q": "B) This semester, Mark is taking math, geography, geology, French, and English.",
      "a": [
        "C) This Semester, Mark is taking Math, geography, geology, French, and English.",
        "D) This Semester, Mark is taking Math, Geography, Geology, French, and English.",
        "هذا السؤال من النموذج الذي بعده17  وقد وضعته هنا للتفريق بينه وبين السؤال الذي قبله",
        "99. In which sentence is all CAPITALIZATION correct?"
      ],
      "correct": null,
      "explain": ""
    },
    {
      "q": "A- This year, Maria is studying business studies, math, English, and spanish.",
      "a": [
        "B- This Year, Maria is studying. Business Studies, Math, English, and Spanish.",
        "C- This year, Maria is studying business studies, math, English, and Spanish.",
        "D- This year, Maria is studying Business Studies, Math, English, and Spanish.",
        "82) Which one of the underlined words or phrases Is INCORRECT?"
      ],
      "correct": null,
      "explain": ""
    },
    {
      "q": "Young children love jump , running, skipping, and tumbling to practice their  glowing motor skills. Furthermore , they",
      "a": [
        "develop a better sense of balance and increase in confidence when their skills improve over time .",
        "A) jump.",
        "B) their.",
        "C) Furthermore."
      ],
      "correct": null,
      "explain": ""
    },
    {
      "q": "D) over time",
      "a": [
        "83) Mary was too tired to watch television last night…….. she went to bed early.",
        "A) so",
        "B) but",
        "C) why"
      ],
      "correct": null,
      "explain": ""
    },
    {
      "q": "D) because",
      "a": [
        "84) In which sentence Is all PUNCTUATION correct?",
        "A) “Watch out!” the girl screamed at her sister. Who was about to walk straight into a pole.",
        "B) “Watch out!” the girl screamed at her sister, who was about to walk; straight into a pole.",
        "C) “Watch out!” the girl screamed at her sister, who was about to walk straight into a pole."
      ],
      "correct": null,
      "explain": ""
    },
    {
      "q": "D) “Watch out!” the girl screamed, at her sister, who was about to walk straight into a pole?",
      "a": [
        "85) Which sentence has the CORRECT WORD ORDER?",
        "A) He said he would like to travel, after he has finish his studies and paid off all of his debts, to China day.",
        "B) He said he would like to travel to China one day, and paid off all of his debts, after he has finished his studies.",
        "C) He said he would like to travel, and paid off all of his debts, to China one day after he has finished his studies."
      ],
      "correct": null,
      "explain": ""
    },
    {
      "q": "D) He said he would like to travel to China one day, after he has finished his studies and paid off all of his debts.",
      "a": [
        "89",
        "86) In which sentence Is all CAPITALIZATION correct?",
        "A) Traveling south on King Fahad Road is the quickest route to Batha.",
        "B) Traveling South on King Fahad road is the quickest route to Batha."
      ],
      "correct": null,
      "explain": ""
    },
    {
      "q": "C) Travelling South on king Fahad Road is the quickest route to batha.",
      "a": [
        "D) Travelling south on king fahad road is the quickest route to batha.",
        "87) Helen isn’t here. She………. from her dental appointment yet.",
        "A) wasn't return.",
        "B) won’t return."
      ],
      "correct": null,
      "explain": ""
    },
    {
      "q": "C) not returned.",
      "a": [
        "D) hasn’t returned.",
        "88) Peter’s mother kept looking at him while he………. lectured by his father.",
        "A) is",
        "B) been"
      ],
      "correct": null,
      "explain": ""
    },
    {
      "q": "C) has been",
      "a": [
        "D) was being",
        "89) Writing long letters ………. very common a hundred years ago.",
        "A) is",
        "B) was"
      ],
      "correct": null,
      "explain": ""
    },
    {
      "q": "C) has been",
      "a": [
        "D) had been",
        "90) I really enjoy…………..in malls.",
        "A) to shop",
        "B) going shop"
      ],
      "correct": null,
      "explain": ""
    },
    {
      "q": "C) shopping",
      "a": [
        "D) to shopping",
        "91) The girl was holding the knife carefully because her parents ............……. her how to do it.",
        "A) they shown",
        "B) they show"
      ],
      "correct": null,
      "explain": ""
    },
    {
      "q": "C) had shown",
      "a": [
        "D) have showed",
        "92) As a rule, my father never……… out in the evenings. He likes to stay at home.",
        "A) went",
        "B) goes"
      ],
      "correct": null,
      "explain": ""
    },
    {
      "q": "C) going",
      "a": [
        "D) is going",
        "90",
        "93) We………..in the hot sun for nearly an hour and the bus still has not come.",
        "A) waited"
      ],
      "correct": null,
      "explain": ""
    },
    {
      "q": "B) are waiting",
      "a": [
        "C) were waiting",
        "D) have been waiting",
        "94) Physics is the science which………. light, heat, sound and electricity.",
        "A) studies"
      ],
      "correct": null,
      "explain": ""
    },
    {
      "q": "B) studying",
      "a": [
        "C) study",
        "D) is studying",
        "95) Eric wanted to stop to eat but the rest of the passengers on the bus wanted to keep …………until they reached",
        "their destination."
      ],
      "correct": null,
      "explain": ""
    },
    {
      "q": "B) to go",
      "a": [
        "C) going",
        "D) to going",
        "96) Lexus cars ………. by a Japanese company.",
        "A) are making"
      ],
      "correct": null,
      "explain": ""
    },
    {
      "q": "B) are make",
      "a": [
        "C) are made",
        "D) made",
        "97) The three boys seem……………everywhere together.",
        "A) that they go"
      ],
      "correct": null,
      "explain": ""
    },
    {
      "q": "B) they will go",
      "a": [
        "C) to go",
        "D) going",
        "98) If he…………harder, he would have passed his examinations.",
        "A) works"
      ],
      "correct": null,
      "explain": ""
    },
    {
      "q": "B) will work",
      "a": [
        "C) worked",
        "D) had worked",
        "99) The nurse asked the lady how she………….after taking the medication.",
        "A) felt"
      ],
      "correct": null,
      "explain": ""
    },
    {
      "q": "B) feel",
      "a": [
        "C) felling",
        "D) Has felt",
        "91",
        "100) The lifeguard told the children………into the water because the waves were too high."
      ],
      "correct": null,
      "explain": ""
    }
  ]
}