{
  "model": 32,
  "title": "النموذج 32",
  "questions": [
    {
      "q": "The computer costs so ……......... money that the family decided not to buy it.",
      "a": [
        "most",
        "more",
        "many",
        "much"
      ],
      "correct": null,
      "explain": ""
    },
    {
      "q": "In which sentence is all CAPITALIZATION correct?",
      "a": [
        "Running late, he yelled, “Stop!” as he chased after the kingdom university bus that took him to work every morning.",
        "Running late, he yelled, “Stop!” as he chased after the Kingdom university bus that took him to work every morning.",
        "Running late, he yelled, “Stop!” as he chased after the Kingdom University bus that took him to work every morning.",
        "Running late, He yelled, “Stop!” as he chased after the Kingdom University bus that took him to work every morning."
      ],
      "correct": null,
      "explain": ""
    },
    {
      "q": "Which sentence has the CORRECT WORD ORDER?",
      "a": [
        "And then they would start getting ready for bed, after eating dinner, the family used to read books while drinking tea.",
        "After eating dinner, the family used to read books while drinking tea, and then they would start getting ready for bed.",
        "After eating dinner, and then they would start getting ready for bed, the family used to read books while drinking tea.",
        "The family used to read books while drinking tea, and then they would start getting ready, after eating dinner, for"
      ],
      "correct": null,
      "explain": ""
    },
    {
      "q": "The students had been studying lesson one and the teacher wanted ……........ lesson two.",
      "a": [
        "begin",
        "to begin",
        "they begin",
        "that they begin"
      ],
      "correct": null,
      "explain": ""
    },
    {
      "q": "Which sentence has the CORRECT WORD ORDER?",
      "a": [
        "Did you complete your master’s degree where?",
        "Where did you complete your master’s degree?",
        "Where your master’s degree did you complete?",
        "Where you did complete your master’s degree?"
      ],
      "correct": null,
      "explain": ""
    },
    {
      "q": "أكاديمية ستيب المجانية               https://t.me/stepacademy                  مؤسس األكاديمية المهندس أنور",
      "a": [
        "183",
        "Which phrase correctly replace the INCORRECT underlined phrase?",
        "ما العبارة التي تحل محل العبارة غير الصحيحة التي تحتهاخط؟",
        "Dave: Shall we have a pizza for lunch?"
      ],
      "correct": null,
      "explain": ""
    },
    {
      "q": "Ted: You`re welcome                                       تحت تهذا الرد خطأ و يبغى الرد الصحيح من االختيارا",
      "a": [
        "Do you go often?",
        "That’s great news.",
        "Sounds good to me.",
        "Yes. Me too."
      ],
      "correct": null,
      "explain": ""
    },
    {
      "q": "Which phrase correctly replaces the INCORRECT underlined phrase?",
      "a": [
        "Jane: Thanks for all the help. I wouldn’t be able to finish the project without you.",
        "Sara: It`s due on Monday.",
        "I will try my best.",
        "I am sorry."
      ],
      "correct": null,
      "explain": ""
    },
    {
      "q": "Happy to help.",
      "a": [
        "When is the deadline.",
        "Which phrase correctly replaces the INCORRECT underlined phrase?",
        "Ben: I would like to buy a ticket for the 4pm flight to Jeddah on Monday.",
        "Agent: Do you fly a lot?"
      ],
      "correct": null,
      "explain": ""
    },
    {
      "q": "Congratulations!",
      "a": [
        "You can go in another time.",
        "That’s a good idea.",
        "Sure. I can help with that.",
        "In which sentence is all PUNCTIUATION correct?"
      ],
      "correct": null,
      "explain": ""
    },
    {
      "q": "After the arrival of their new baby Jane and Dave wanted to buy a bigger house. However, they couldn’t afford it.",
      "a": [
        "After the arrival of their new baby, Jane and Dave wanted to buy a bigger house however, they couldn’t afford it.",
        "After the arrival of their new baby, Jane and Dave wanted to buy a bigger house. However they couldn’t afford it.",
        "After the arrival of their new baby, Jane and Dave wanted to buy a bigger house. However, they couldn’t afford it.",
        "184"
      ],
      "correct": null,
      "explain": ""
    },
    {
      "q": "German is still not a very popular language among …...................",
      "a": [
        "French",
        "no French",
        "the French",
        "any French"
      ],
      "correct": null,
      "explain": ""
    },
    {
      "q": "When our neighbours sold their huge house, they ….........… lots of money",
      "a": [
        "must have made",
        "have been making",
        "would have made",
        "used to make"
      ],
      "correct": null,
      "explain": ""
    },
    {
      "q": "Why don’t we do my homework first?     ……......... looks much more difficult.",
      "a": [
        "Yourselves",
        "Yourself",
        "Your",
        "Yours"
      ],
      "correct": null,
      "explain": ""
    },
    {
      "q": "Since we can’t go out, why ….......…. The game at home?",
      "a": [
        "aren’t we watched",
        "not watching",
        "not to watch",
        "don’t we watch"
      ],
      "correct": null,
      "explain": ""
    },
    {
      "q": "Anna blames her poor education …….......… her parents.",
      "a": [
        "for",
        "at",
        "in",
        "on"
      ],
      "correct": null,
      "explain": ""
    },
    {
      "q": "Kate didn’t find out  until later that she …….. the wrong choice.",
      "a": [
        "made",
        "has made",
        "had made",
        "has been making"
      ],
      "correct": null,
      "explain": ""
    },
    {
      "q": "When Linda and I got married, we …........…… engaged for two months.",
      "a": [
        "used to be",
        "have been",
        "had been",
        "were"
      ],
      "correct": null,
      "explain": ""
    },
    {
      "q": "أكاديمية ستيب المجانية               https://t.me/stepacademy                  مؤسس األكاديمية المهندس أنور",
      "a": [
        "185",
        "Did you remember ……......…. Ben to pick up Amy from school?       Does he know?",
        "tell",
        "told"
      ],
      "correct": null,
      "explain": ""
    },
    {
      "q": "to tell",
      "a": [
        "telling",
        "Does anyone know where Roger is? He still …………",
        "hasn’t arrived",
        "isn’t arrived"
      ],
      "correct": null,
      "explain": ""
    },
    {
      "q": "doesn’t arrive",
      "a": [
        "didn’t arrive",
        "Ted doesn’t feed his baby daughter …….....… his wife does.",
        "as carefully",
        "as carefully as"
      ],
      "correct": null,
      "explain": ""
    },
    {
      "q": "as careful as",
      "a": [
        "as carful",
        "Just minutes after ……......… his medicine, Adam began to feel better.",
        "took",
        "had taken"
      ],
      "correct": null,
      "explain": ""
    },
    {
      "q": "was taking",
      "a": [
        "taking",
        "Our son Paul hopes ….........… at his grandparents for another week.",
        "to staying",
        "staying"
      ],
      "correct": null,
      "explain": ""
    },
    {
      "q": "to stay",
      "a": [
        "stay",
        "Of the two hotels, we’ve chosen this one because …………… is too far away",
        "the others",
        "the other"
      ],
      "correct": null,
      "explain": ""
    },
    {
      "q": "another",
      "a": [
        "other",
        "We were so tired we just felt like talking to ….......… at all.",
        "nobody",
        "anybody"
      ],
      "correct": null,
      "explain": ""
    },
    {
      "q": "somebody",
      "a": [
        "everybody",
        "186",
        "Then one day, …….......…. hard all her life, Mrs. Davis finally retired.",
        "had been working"
      ],
      "correct": null,
      "explain": ""
    },
    {
      "q": "being worked",
      "a": [
        "having worked",
        "will have been working",
        "Mohammad and I ……...…… leave when the boss suddenly walked into our office.",
        "would have"
      ],
      "correct": null,
      "explain": ""
    },
    {
      "q": "were about to",
      "a": [
        "were going",
        "would be to",
        "If I hadn’t worked so hard, I ……...……. a new car now.",
        "wouldn’t have had"
      ],
      "correct": null,
      "explain": ""
    },
    {
      "q": "wouldn’t have",
      "a": [
        "hadn’t had",
        "don’t have",
        "The washing machine ………… for only a small charge. I don’t know why it is so expensive.",
        "should be fixing"
      ],
      "correct": null,
      "explain": ""
    },
    {
      "q": "should be fixed",
      "a": [
        "ought have fixed",
        "ought have been fixing",
        "The new airport should ……........... by the end of the next year.",
        "build"
      ],
      "correct": null,
      "explain": ""
    },
    {
      "q": "be built",
      "a": [
        "be building",
        "have been built",
        "You won’t tell anyone about our conversation, ……....…… you?",
        "will"
      ],
      "correct": null,
      "explain": ""
    },
    {
      "q": "If only I …….....….. more carefully. Unfortunately, I made too many mistakes.",
      "a": [
        "would work",
        "was working",
        "have worked",
        "had worked"
      ],
      "correct": null,
      "explain": ""
    },
    {
      "q": "أكاديمية ستيب المجانية               https://t.me/stepacademy                  مؤسس األكاديمية المهندس أنور",
      "a": [
        "187",
        "By the end of the month, I ……......… 30,000 SAR - enough to buy my first car.",
        "will be saving",
        "will have saved"
      ],
      "correct": null,
      "explain": ""
    },
    {
      "q": "am about to save",
      "a": [
        "am going to be saved",
        "Jenny and Kate are very excited because they …...………. to the Maldives this summer.",
        "go",
        "going"
      ],
      "correct": null,
      "explain": ""
    },
    {
      "q": "are going",
      "a": [
        "have gone",
        "The children were hungry so they asked their mother ……......…. some food.",
        "make",
        "to make"
      ],
      "correct": null,
      "explain": ""
    },
    {
      "q": "making",
      "a": [
        "to making",
        "Jenny ran out of bread, ………. she drove to the store.",
        "because",
        "for"
      ],
      "correct": null,
      "explain": ""
    },
    {
      "q": "Which sentence has the CORRECT WORD ORDER?",
      "a": [
        "Even though Ahmed didn’t know anyone when he first arrived in Paris, he quickly made many friends.",
        "Ahmed didn’t know anyone even though when he first arrived in Paris, he quickly made many friends.",
        "When he first arrived, even though Ahmed didn’t know anyone, many friends he quickly made.",
        "Many friends he quickly made even though when he first arrived in Paris, Ahmed didn’t know anyone."
      ],
      "correct": null,
      "explain": ""
    },
    {
      "q": "Lucy: Can you help me move the couch to the other side of the room?",
      "a": [
        "Mary: We can try, but I think it’s ………............ heavy.",
        "too",
        "any",
        "much"
      ],
      "correct": null,
      "explain": ""
    },
    {
      "q": "أكاديمية ستيب المجانية               https://t.me/stepacademy                  مؤسس األكاديمية المهندس أنور",
      "a": [
        "188",
        "I don’t understand this sentence. What ………....……….?",
        "does mean this word",
        "does this word mean"
      ],
      "correct": null,
      "explain": ""
    },
    {
      "q": "this word means",
      "a": [
        "means this word",
        "That’s a beautiful new jacket! Where ………......… you buy it?",
        "are",
        "were"
      ],
      "correct": null,
      "explain": ""
    },
    {
      "q": "The children could not ………....… out to ride their bikes because it was raining.",
      "a": [
        "go",
        "going",
        "gone",
        "to go"
      ],
      "correct": null,
      "explain": ""
    },
    {
      "q": "The box ………....… from recycled paper.",
      "a": [
        "was made",
        "was making",
        "made",
        "mak e"
      ],
      "correct": null,
      "explain": ""
    }
  ]
}