{
  "model": 8,
  "title": "النموذج 8",
  "questions": [
    {
      "q": "61. If it rains tomorrow, I -------------  my raincoat.",
      "a": [
        "wear",
        "am wear",
        "will wear",
        "going to wear"
      ],
      "correct": null,
      "explain": ""
    },
    {
      "q": "62. Adam …………… a book now.",
      "a": [
        "(A) reads",
        "(B) reading",
        "(C) is reads",
        "(D) is reading"
      ],
      "correct": null,
      "explain": ""
    },
    {
      "q": "أكاديمية ستيب المجانية               https://t.me/stepacademy                  مؤسس األكاديمية المهندس أنور",
      "a": [
        "44",
        "63. When I go to King Saud University Library, I usually ………………",
        "(A) am studying",
        "(B) will study"
      ],
      "correct": null,
      "explain": ""
    },
    {
      "q": "(C) studied",
      "a": [
        "(D) study",
        "64. Which one of the underlined words or phrases is INCORRECT?",
        "I don't had enough money to buy  a bus ticket, so I'll have to  walk to school today.",
        "(A) had"
      ],
      "correct": null,
      "explain": ""
    },
    {
      "q": "(B) to buy",
      "a": [
        "(C) so",
        "(D) have to",
        "65. Which of the following sentences has the CORRECT WORD ORDER?",
        "(A) Like machines a lot both my father and my uncle, but my father's interest in motor cycles than my uncle's interest"
      ],
      "correct": null,
      "explain": ""
    },
    {
      "q": "in airplanes is stronger.",
      "a": [
        "(B) Both my father and my uncle machines like a lot, but is stronger my father's interest in motor cycles my uncle's",
        "than interest in airplanes.",
        "(C) Both my father and my uncle like machines a lot, but my father's interest in motor cycles is stronger than my",
        "uncle's interest in airplanes."
      ],
      "correct": null,
      "explain": ""
    },
    {
      "q": "(D) But in motor cycles my father's interest is stronger than in airplanes my uncle's interest, both my father and my",
      "a": [
        "uncle like machines a lot.",
        "66. Which sentence is correct?",
        "(A) Your test will be next week.",
        "(B) You're test will be next week."
      ],
      "correct": null,
      "explain": ""
    },
    {
      "q": "(C) You're test is next week.",
      "a": [
        "(D) Your test has next week.",
        "67. In which of the following sentences is all PUNCTUATION correct?",
        "(A) After all the packages are delivered, who's going to have the most stuff.",
        "(B) After all, the package's are delivered, whos' going to have the most stuff?"
      ],
      "correct": null,
      "explain": ""
    },
    {
      "q": "(C) After all the packages are delivered, who's going to have the most stuff?",
      "a": [
        "(D) After all, the packages are delivered, whos going to have the most stuff.",
        "68. Which of the underlined words or phrases is INCORRECT?",
        "Last month, Amy watches  three documentaries about  Saudi Arabia to prepare a presentation  to her class .",
        "(A) watches"
      ],
      "correct": null,
      "explain": ""
    },
    {
      "q": "(B) about",
      "a": [
        "(C) presentation",
        "(D) her class",
        "45",
        "69. Steve missed the last bus ………… he visited his mother."
      ],
      "correct": null,
      "explain": ""
    },
    {
      "q": "(A) although",
      "a": [
        "(B) during",
        "(C) when",
        "(D) so",
        "70. I need to write this telephone number………….. you please pass me a pen?"
      ],
      "correct": null,
      "explain": ""
    },
    {
      "q": "(A) shall",
      "a": [
        "(B) must",
        "(C) should",
        "(D) would",
        "71. If you go to London, you ……….. Buckingham Palace."
      ],
      "correct": null,
      "explain": ""
    },
    {
      "q": "(A) must visiting",
      "a": [
        "(B) must visit",
        "(C) must",
        "(D) must to visit",
        "72. If she moves to Khobar, she …….. beach house."
      ],
      "correct": null,
      "explain": ""
    },
    {
      "q": "(A) bought",
      "a": [
        "(B) had bought",
        "(C) will buy",
        "(D) would buy",
        "73. If the team scores two goals, they ……… the game."
      ],
      "correct": null,
      "explain": ""
    },
    {
      "q": "(A) would win",
      "a": [
        "(B) will win",
        "(C) had won",
        "(D) won",
        "74.I ………………. 100% when I was in 6th grade."
      ],
      "correct": null,
      "explain": ""
    },
    {
      "q": "(A) score",
      "a": [
        "(B) scored",
        "(C) have scored",
        "(D) had scored",
        "75. I picked up a coffee while I …………… to school."
      ],
      "correct": null,
      "explain": ""
    },
    {
      "q": "(A) have driven",
      "a": [
        "(B) drove",
        "(C) drive",
        "(D) was driving",
        "46"
      ],
      "correct": null,
      "explain": ""
    },
    {
      "q": "76. ………………… is the man talking to the teacher?",
      "a": [
        "(A) Whom",
        "(B) Whose",
        "(C) Which",
        "(D) Who"
      ],
      "correct": null,
      "explain": ""
    },
    {
      "q": "77. I asked her if she usually …………… coffee after waking up.",
      "a": [
        "(A) drank",
        "(B) drinks",
        "(C) drinking",
        "(D) has drunk"
      ],
      "correct": null,
      "explain": ""
    },
    {
      "q": "78. Steve has been in the interview ………. over two hours.",
      "a": [
        "(A) for",
        "(B) from",
        "(C) since",
        "(D) during"
      ],
      "correct": null,
      "explain": ""
    },
    {
      "q": "79. I'm buying the chocolate donut. ……….. one do you want?",
      "a": [
        "(A) That",
        "(B) This",
        "(C) What",
        "(D) Which"
      ],
      "correct": null,
      "explain": ""
    },
    {
      "q": "80. I've lost my bag. Have you seen ……………?",
      "a": [
        "(A) these",
        "(B) him",
        "(C) those",
        "(D) it"
      ],
      "correct": null,
      "explain": ""
    },
    {
      "q": "81. The girls took part in the game very …………….",
      "a": [
        "(A) active",
        "(B) activeness",
        "(C) actively",
        "(D) activity"
      ],
      "correct": null,
      "explain": ""
    },
    {
      "q": "89. I have no idea where ………………..",
      "a": [
        "(A) is the student who joined last week.",
        "(B)is the student who last week joined.",
        "(C) the student who last week joined is",
        "(D) the student who joined last week is."
      ],
      "correct": null,
      "explain": ""
    },
    {
      "q": "99. The strawberries ……………. by the children who picked them.",
      "a": [
        "47",
        "(A)have all eating",
        "(B) were all eaten",
        "(C) were all eating"
      ],
      "correct": null,
      "explain": ""
    }
  ]
}