{
  "model": 15,
  "title": "النموذج 15",
  "questions": [
    {
      "q": "Choose the BEST WAY to make the sentences to paragraph.",
      "a": [
        "(1) His children go to King Faisal School",
        "(2) He is married and has two children",
        "(3) Ali is 30 years old and works in a bank.",
        "(4) When they get older, he hopes that they will go to a good university"
      ],
      "correct": null,
      "explain": ""
    },
    {
      "q": "(3), (4), (4), (2)",
      "a": [
        "(3), (1), (2), (1)",
        "(3), (1), (2), (4)",
        "(3), (2), (1), (4)",
        "I don't study Biology as ............. as I study Physics"
      ],
      "correct": null,
      "explain": ""
    },
    {
      "q": "plenty",
      "a": [
        "much",
        "many",
        "more",
        "You need ..................... of money to buy all the books for this course."
      ],
      "correct": null,
      "explain": ""
    },
    {
      "q": "so much",
      "a": [
        "a lot",
        "too much",
        "large amount",
        "Hey Dave ...................... you please turn down the TV?  I'm trying to study."
      ],
      "correct": null,
      "explain": ""
    },
    {
      "q": "should",
      "a": [
        "must",
        "I've been lazy this week. I haven't read a single page in the book .............. Sunday.",
        "for",
        "from"
      ],
      "correct": null,
      "explain": ""
    },
    {
      "q": "أكاديمية ستيب المجانية               https://t.me/stepacademy                  مؤسس األكاديمية المهندس أنور",
      "a": [
        "80",
        "When I came to school this morning. I realized that class ................... to another room.",
        "had been moved",
        "being moved"
      ],
      "correct": null,
      "explain": ""
    },
    {
      "q": "is moved",
      "a": [
        "moved",
        "When the students ..................... their exam, they will go home.",
        "finish",
        "finished"
      ],
      "correct": null,
      "explain": ""
    },
    {
      "q": "will finish",
      "a": [
        "would finish",
        "Sara worked ........................ for many years to finish her PhD",
        "intense",
        "intensity"
      ],
      "correct": null,
      "explain": ""
    },
    {
      "q": "intensely",
      "a": [
        "intention",
        "Are you sure you left your pens in the classroom? I didn't see .......................",
        "any",
        "a lot"
      ],
      "correct": null,
      "explain": ""
    },
    {
      "q": "If Bob works hard, he ………………………",
      "a": [
        "graduated",
        "had graduated",
        "will graduate",
        "would graduate"
      ],
      "correct": null,
      "explain": ""
    },
    {
      "q": "Moa is ......................... writer in our class.",
      "a": [
        "quicker",
        "quickly",
        "most quick",
        "the quickest"
      ],
      "correct": null,
      "explain": ""
    },
    {
      "q": "Emma couldn't ....................... her paper last night. She was too tired.",
      "a": [
        "to write",
        "write",
        "writing",
        "wrote"
      ],
      "correct": null,
      "explain": ""
    },
    {
      "q": "I haven't seen Matt for a long time.   ……………….  he study Physics?",
      "a": [
        "Has",
        "Had",
        "Does",
        "Would"
      ],
      "correct": null,
      "explain": ""
    },
    {
      "q": "أكاديمية ستيب المجانية               https://t.me/stepacademy                  مؤسس األكاديمية المهندس أنور",
      "a": [
        "81",
        "John: Do you know ……………. taught Business Administration last semester?",
        "Mark: Yes, it was Mr. Jackson",
        "who"
      ],
      "correct": null,
      "explain": ""
    },
    {
      "q": "My Professor has been teaching the same course .................. 15 years now, and he still loves it.",
      "a": [
        "for",
        "yet",
        "since",
        "about"
      ],
      "correct": null,
      "explain": ""
    },
    {
      "q": "Kate was outside the university when the lecture ………………….",
      "a": [
        "start",
        "started",
        "has started",
        "had started"
      ],
      "correct": null,
      "explain": ""
    },
    {
      "q": "George: Do you need any help with your term paper? Jack: No, thanks. I'll write it.......",
      "a": [
        "myself",
        "mine",
        "my",
        "me"
      ],
      "correct": null,
      "explain": ""
    },
    {
      "q": "Mrs. Nora hadn't taught English for a long time, so she ................ prepare herself a lot before each class.",
      "a": [
        "would to",
        "should to",
        "can to",
        "had to"
      ],
      "correct": null,
      "explain": ""
    },
    {
      "q": "The graduate student .................. does our exams is quite young.",
      "a": [
        "who",
        "which",
        "that he",
        "who he"
      ],
      "correct": null,
      "explain": ""
    },
    {
      "q": "I don't know how ………………………. to miss the lecture. We left the house early.",
      "a": [
        "did we manage",
        "we managed",
        "did manage we",
        "managed we"
      ],
      "correct": null,
      "explain": ""
    },
    {
      "q": "Mr. Hill, the teacher --------  I told you about, is here to see him now.",
      "a": [
        "she",
        "her",
        "whom",
        "which"
      ],
      "correct": null,
      "explain": ""
    },
    {
      "q": "أكاديمية ستيب المجانية               https://t.me/stepacademy                  مؤسس األكاديمية المهندس أنور",
      "a": [
        "82",
        "Did you know that neither Mr. Taylor ................ Mr. Wilson teach English anymore?",
        "nor",
        "also"
      ],
      "correct": null,
      "explain": ""
    },
    {
      "q": "either",
      "a": [
        "neither",
        "If I had been a serious student, I ............................ from university.",
        "graduated",
        "had graduated"
      ],
      "correct": null,
      "explain": ""
    },
    {
      "q": "would graduate",
      "a": [
        "would have graduated",
        "It's very important to have a teacher ……………… knows his subject",
        "whose",
        "who"
      ],
      "correct": null,
      "explain": ""
    },
    {
      "q": "who he",
      "a": [
        "he",
        "The students seem........................ this course. They always participate actively.",
        "that they enjoy",
        "they will enjoy"
      ],
      "correct": null,
      "explain": ""
    },
    {
      "q": "to enjoy",
      "a": [
        "enjoying",
        "The food science course .................... by several different teachers.",
        "was teaching",
        "has taught"
      ],
      "correct": null,
      "explain": ""
    },
    {
      "q": "has been teaching",
      "a": [
        "has been taught",
        "I .......................... for the final exam the whole time I visited my grandparents last month.",
        "study",
        "studied"
      ],
      "correct": null,
      "explain": ""
    },
    {
      "q": "have studied",
      "a": [
        "had studied",
        "Dave ...................... in the library since early this morning.",
        "read",
        "was reading"
      ],
      "correct": null,
      "explain": ""
    },
    {
      "q": "has been reading",
      "a": [
        "had been reading",
        "When the other students said there was too much work in the course, Chris used to encourage them to make them",
        "......................... better.",
        "83"
      ],
      "correct": null,
      "explain": ""
    },
    {
      "q": "to feel",
      "a": [
        "feeling",
        "feel",
        "Choose the sentence with the RIGHT CAPITAL LETTERS.",
        "My friends and I travelled to New Zealand last august."
      ],
      "correct": null,
      "explain": ""
    },
    {
      "q": "My friends and I travelled to New Zealand last August",
      "a": [
        "My Friends and I travelled to New Zealand last august",
        "My friends and i travelled to New Zealand Last August.",
        "I haven't seen the new Toyota …………….",
        "yet"
      ],
      "correct": null,
      "explain": ""
    },
    {
      "q": "before",
      "a": [
        "already",
        "yesterday",
        "Which one of the underlined words or phrases is WRONG?",
        "She couldn't  come to the party because she had see  her grandfather."
      ],
      "correct": null,
      "explain": ""
    },
    {
      "q": "couldn't",
      "a": [
        "the",
        "had see",
        "her",
        "Which sentence has the RIGHT WORD ORDER?"
      ],
      "correct": null,
      "explain": ""
    },
    {
      "q": "I lived on the Farasan Islands for years.",
      "a": [
        "On the Farasan Islands for years I lived.",
        "Years for the Farasan Islands I lived on.",
        "The Farasan Islands lived I on for years.",
        "All goes to Jeddah every month ………………. it has the best beaches."
      ],
      "correct": null,
      "explain": ""
    },
    {
      "q": "however",
      "a": [
        "so",
        "because",
        "Choose the sentence with the RIGHT CAPITAL LETTERS. \"",
        "Sara is a student at King Saud University"
      ],
      "correct": null,
      "explain": ""
    },
    {
      "q": "Sara is a Student at King Saud University",
      "a": [
        "Sara is a student at King Saud University",
        "Sara is a student at King saud University",
        "84",
        "Which one of the underlined words or phrases is INCORRECT?"
      ],
      "correct": null,
      "explain": ""
    },
    {
      "q": "The cats always gathering  around the man's front door every  morning in expectation  of their breakfast.",
      "a": [
        "gathering",
        "every",
        "expectation",
        "their"
      ],
      "correct": null,
      "explain": ""
    },
    {
      "q": "In which sentence is all CAPITALIZATION correct?",
      "a": [
        "When living in Saudi arabia, sarah loved the coolness of the desert winters, but loathed the heat of the desert",
        "summers.",
        "When living in Saudi arabia, Sarah loved the coolness of the desert winters, but loathed the heat of the desert",
        "summers."
      ],
      "correct": null,
      "explain": ""
    },
    {
      "q": "When living in Saudi Arabia, Sarah loved the coolness of the desert winters, but loathed the heat of the desert",
      "a": [
        "summers.",
        "When living in Saudi Arabia, sarah loved the coolness of the desert winters, but loathed the heat of the desert",
        "summers.",
        "Which one or the underlined words or phrases is INCORRECT?"
      ],
      "correct": null,
      "explain": ""
    },
    {
      "q": "One of the questions on the test were  very easy, but the rest of them  were quite  difficult. I am afraid I failed it.",
      "a": [
        "were",
        "of them",
        "quite",
        "it"
      ],
      "correct": null,
      "explain": ""
    },
    {
      "q": "Which sentences has the CORRECT WORD ORDER?",
      "a": [
        "Unless his mother let him eat, the boy did not want to eat his lunch while watching the football match.",
        "The boy did not want to eat his lunch unless his mother let him eat while watching the football match.",
        "While watching the football match, the boy did not want to eat his lunch unless his mother let him cat.",
        "The boy did not want to eat his lunch while watching the football match, unless his mother let him eat."
      ],
      "correct": null,
      "explain": ""
    },
    {
      "q": "The car is very beautiful, ………………………. it is very badly made.",
      "a": [
        "so",
        "as",
        "since",
        "although"
      ],
      "correct": null,
      "explain": ""
    }
  ]
}