{
  "model": 21,
  "title": "النموذج 21",
  "questions": [
    {
      "q": "61. If it rains tomorrow, I ……………..........….  my raincoat.",
      "a": [
        "A. wear",
        "B. am wear",
        "C. will wear",
        "D. going to wear"
      ],
      "correct": null,
      "explain": ""
    },
    {
      "q": "62. When you were in Paris last year, ……………..........….  the Eiffel Tower?",
      "a": [
        "A. have you visited",
        "B. were you visit",
        "C. did you visit",
        "D. you visited"
      ],
      "correct": null,
      "explain": ""
    },
    {
      "q": "63. Guided tours  ................  be given by the Ministry of Information in the coming Jinadriah Festival next month.",
      "a": [
        "A. will",
        "B. ought",
        "C. must to",
        "D. could to"
      ],
      "correct": null,
      "explain": ""
    },
    {
      "q": "64. People over forty need ……………..........….  regular check -ups at least once a year.",
      "a": [
        "A. get",
        "B. to get",
        "C. getting",
        "D. that they get"
      ],
      "correct": null,
      "explain": ""
    },
    {
      "q": "65. King Abdul Aziz regained Riyadh ……………..........….  1319 H.",
      "a": [
        "A. at",
        "B. in",
        "C. on",
        "D. to"
      ],
      "correct": null,
      "explain": ""
    },
    {
      "q": "أكاديمية ستيب المجانية               https://t.me/stepacademy                  مؤسس األكاديمية المهندس أنور",
      "a": [
        "116",
        "66. Adam ……………..........…. a book now.",
        "A. reads",
        "B. reading"
      ],
      "correct": null,
      "explain": ""
    },
    {
      "q": "C. is reads",
      "a": [
        "D. is reading",
        "67. Now it is 10:00 PM. The train ……………..........…. at 11:00 pm",
        "A. arriving",
        "B. arrived"
      ],
      "correct": null,
      "explain": ""
    },
    {
      "q": "C. has arrived",
      "a": [
        "D. will arrive",
        "68. If you promise to keep a secret, I ……………..........…. you what happened.",
        "A. tell",
        "B. telling"
      ],
      "correct": null,
      "explain": ""
    },
    {
      "q": "C. will tell",
      "a": [
        "D. would tell",
        "69. When I go to King Saud University Library, I usually ……………..........….",
        "A. study",
        "B. studied"
      ],
      "correct": null,
      "explain": ""
    },
    {
      "q": "C. will study",
      "a": [
        "D. am studying",
        "70. Which is the BEST WAY to combine the two sentences?",
        "“There was a discussion in class today. It was very interesting.”",
        "A. There was a discussion in class today, but it was very interesting"
      ],
      "correct": null,
      "explain": ""
    },
    {
      "q": "B. Since it was very interesting, there was a discussion in class today.",
      "a": [
        "C. It was very interesting the discussion in class today.",
        "D. The discussion in class today was very interesting.",
        "71. Which of the following sentences has the CORRECT WORD ORDER?",
        "A. A lot of protein both fish and meat contain, but the oils in fish than the fat in meat are healthier."
      ],
      "correct": null,
      "explain": ""
    },
    {
      "q": "B. Fish and meat contain protein both a lot of, but in fish are healthier the oils than in meat the fat.",
      "a": [
        "C. But in fish the oils are healthier than in meat the fat, a But in fish the oils lot of protein both fish and meat contain.",
        "D. Both fish and meat contain a lot of protein, but the oils in fish are healthier than the fat in meat.",
        "72. In which of the following sentences is all PUNCTUATION correct?",
        "A. After all, the exams are finished, whos going to be the first in the class."
      ],
      "correct": null,
      "explain": ""
    },
    {
      "q": "B. After all the exams are finished, who's going to be the first in the class.",
      "a": [
        "C. After all, the exam's are finished, whos' going to be the first in the class?",
        "D. After all the exams are finished, who's going to be the first in the class?",
        "117",
        "73. Mary and Jane like ……………..........…. to the science museum together."
      ],
      "correct": null,
      "explain": ""
    },
    {
      "q": "B. going",
      "a": [
        "C. they go",
        "D. to be going",
        "74. Which of the following sentences has the CORRECT WORD ORDER?",
        "A. Before buying a new computer, Susan waited until her paycheck was deposited into her bank account, for her"
      ],
      "correct": null,
      "explain": ""
    },
    {
      "q": "parents.",
      "a": [
        "B. Until her paycheck was deposited into her bank account, Susan waited for her parents, before buying a new",
        "computer.",
        "C. Susan waited until her paycheck was deposited before buying a new computer for her parents, into her bank",
        "account."
      ],
      "correct": null,
      "explain": ""
    },
    {
      "q": "D. Susan waited until her paycheck was deposited into her bank account before buying a new computer for her",
      "a": [
        "parents.",
        "75. Which of the following sentences has the CORRECT WORD ORDER?",
        "A. He burned incense so that his house would smell nice, for an hour in the morning, through the rest of the day.",
        "B. So that his house would smell nice, he burned incense for an hour in the morning, through the rest of the day."
      ],
      "correct": null,
      "explain": ""
    },
    {
      "q": "C. Through the rest of the day he burned incense for an hour in the morning so that his house would smell nice",
      "a": [
        "D. He burned incense for an hour in the morning so that his house would smell nice through the rest of the day.",
        "76. Which one of the underlined words or phrases is INCORRECT?",
        "I don't had enough money to buy  a bus ticket, so I'll have to  walk to school today.",
        "A. had"
      ],
      "correct": null,
      "explain": ""
    },
    {
      "q": "B. to buy",
      "a": [
        "C. so",
        "D. have to",
        "77. Which of the underlined words or phrases is INCORRECT?",
        "Last night, Lisa makes  Vietnamese rice pudding with  black -eyed peas for dessert ."
      ],
      "correct": null,
      "explain": ""
    },
    {
      "q": "A. makes",
      "a": [
        "B. with",
        "C. for",
        "D. dessert",
        "78. Which sentence is correct?"
      ],
      "correct": null,
      "explain": ""
    },
    {
      "q": "A. Your appointment will be next Monday.",
      "a": [
        "B. You're appointment will be next Monday.",
        "C. You're appointment is next Monday.",
        "D. Your appointment has next Monday.",
        "118"
      ],
      "correct": null,
      "explain": ""
    },
    {
      "q": "79. If she had more talent, she ……………..........…. in art school.",
      "a": [
        "A. enrolls",
        "B. would enroll",
        "C. had enrolled",
        "D. is going to enroll"
      ],
      "correct": null,
      "explain": ""
    },
    {
      "q": "80. He did not have ……………..........…. money in his wallet, so he stopped by the cash machine.",
      "a": [
        "A. lots",
        "B. much",
        "C. plenty",
        "D. many"
      ],
      "correct": null,
      "explain": ""
    },
    {
      "q": "81. A: Is it John's turn to start the game?",
      "a": [
        "B: No, it isn't. It's ……………..........….",
        "A. you",
        "B. you're",
        "C. your"
      ],
      "correct": null,
      "explain": ""
    },
    {
      "q": "D. yours",
      "a": [
        "82. The teacher will leave the classroom when her students ……………..........…. their exams.",
        "A. finish",
        "B. finished",
        "C. finishes"
      ],
      "correct": null,
      "explain": ""
    },
    {
      "q": "D. finishing",
      "a": [
        "83. It takes ……………..........…. of steel to build a skyscraper.",
        "A. a lot",
        "B. so much",
        "C. too much"
      ],
      "correct": null,
      "explain": ""
    },
    {
      "q": "D. large amount",
      "a": [
        "84. The lady ……………..........…. wrote this book lives in Riyadh.",
        "A. which",
        "B. whom",
        "C. who"
      ],
      "correct": null,
      "explain": ""
    },
    {
      "q": "D. what",
      "a": [
        "85. Which one of the underlined words or phrases is INCORRECT?",
        "Either  the chocolate cake or the lemon pie are going  to be served for dessert after dinner tonight. Which one do you",
        "prefer?",
        "A. Either"
      ],
      "correct": null,
      "explain": ""
    },
    {
      "q": "B. are going",
      "a": [
        "C. one",
        "119",
        "D. prefer",
        "86. Choose the CORRECT ORDER to make the following sentences into a paragraph:"
      ],
      "correct": null,
      "explain": ""
    },
    {
      "q": "(1) Steve always took a bus home from work and then walked to his house.",
      "a": [
        "(2) He bought ice cream cones as a surprise for his family.",
        "(3) When he walked in the door, his family greeted him as usual.",
        "(4) On one hot day, he decided to stop by the store along his way home.",
        "(5) Then they all happily enjoyed the ice cream cones together."
      ],
      "correct": null,
      "explain": ""
    },
    {
      "q": "A. (1), (2), (4), (3), (5)",
      "a": [
        "B. (1), (3), (4), (2), (5)",
        "C. (1), (4), (2), (3), (5)",
        "D. (1), (4), (2), (5), (3)",
        "87. Yusuf lost his entire research project ……………..........…. his computer crashed."
      ],
      "correct": null,
      "explain": ""
    },
    {
      "q": "B. when",
      "a": [
        "C. during",
        "D. although",
        "88. In the game of Monopoly, if a player gets a \"go to jail card\", he ……………..........…. directly to jail.",
        "A. must going"
      ],
      "correct": null,
      "explain": ""
    },
    {
      "q": "B. must to go",
      "a": [
        "C. must go",
        "D. must",
        "89. Would someone please tell him the correct answer to the question that he ……………..........….?",
        "A. asked"
      ],
      "correct": null,
      "explain": ""
    },
    {
      "q": "B. asking",
      "a": [
        "C. asked it",
        "D. is asking it",
        "90. Airplanes usually travel ……………..........…. helicopters.",
        "A. faster than"
      ],
      "correct": null,
      "explain": ""
    },
    {
      "q": "B. fastest than",
      "a": [
        "C. the fastest than",
        "D. more faster than",
        "91. We ……………..........…. be brave in the face of danger.",
        "A. must to"
      ],
      "correct": null,
      "explain": ""
    },
    {
      "q": "B. have",
      "a": [
        "C. must",
        "D. could to",
        "120",
        "92. He just ……………..........…. the bread that his father requested this morning."
      ],
      "correct": null,
      "explain": ""
    },
    {
      "q": "A. buy",
      "a": [
        "B. buying",
        "C. bought",
        "D. had bought",
        "93. Many Saudis enjoy eating Chinese food. However, they don't like it as ..............  as their traditional dishes."
      ],
      "correct": null,
      "explain": ""
    },
    {
      "q": "A. plenty",
      "a": [
        "B. much",
        "C. many",
        "D. more",
        "94. If Sara ..............  earlier, she would not have missed the first lecture."
      ],
      "correct": null,
      "explain": ""
    },
    {
      "q": "A. had arrived",
      "a": [
        "B. arrived",
        "C. has arrived",
        "D. would arrive",
        "95. All members of my family ……………..........…. the pilgrimage to Makkah at least once in their lives."
      ],
      "correct": null,
      "explain": ""
    },
    {
      "q": "A. are performed",
      "a": [
        "B. have performed",
        "C. were performed",
        "D. have been performed",
        "96. Ali ……………..........…. work and at present is having a cup of coffee with his friends."
      ],
      "correct": null,
      "explain": ""
    },
    {
      "q": "A. just getting off",
      "a": [
        "B. has just got off",
        "C. is just get off",
        "D. just gets off",
        "97. The majority of smartphones ……………..........…. in factories in China."
      ],
      "correct": null,
      "explain": ""
    },
    {
      "q": "A. produce",
      "a": [
        "B. are producing",
        "C. are produce",
        "D. are produced",
        "98. The strawberries ……………..........…. by the children who picked them."
      ],
      "correct": null,
      "explain": ""
    },
    {
      "q": "A. have all eating",
      "a": [
        "B. were all eaten",
        "C. were all eating",
        "D. had all eaten",
        "99. Mr. Amir, ……………..........…. the students call Uncle Amir, taught the boys physical education several times a week."
      ],
      "correct": null,
      "explain": ""
    },
    {
      "q": "B. him",
      "a": [
        "121",
        "C. whom",
        "D. which",
        "100. If I …………. more time, I …………. more languages."
      ],
      "correct": null,
      "explain": ""
    }
  ]
}