{
  "model": 29,
  "title": "النموذج 29",
  "questions": [
    {
      "q": "Go outside and …… the gardener some water. He needs a break.",
      "a": [
        "bring.",
        "to bring.",
        "bringing.",
        "will bring."
      ],
      "correct": null,
      "explain": ""
    },
    {
      "q": "أكاديمية ستيب المجانية               https://t.me/stepacademy                  مؤسس األكاديمية المهندس أنور",
      "a": [
        "165",
        "In which sentence is all CAPITALIZATION correct?",
        "Among John's favorite places to travel were malaysia, morocco, and any exotic location with a nice, clean beach.",
        "Among John's favorite places to travel were Malaysia, Morocco, and any Exotic Location with a nice, clean beach."
      ],
      "correct": null,
      "explain": ""
    },
    {
      "q": "Among John's favorite places to travel were Malaysia, Morocco, and any exotic location with a nice, clean beach .",
      "a": [
        "Among John's favorite Places to Travel were Malaysia, Morocco, and any exotic location with a nice, clean beach.",
        "George: may I speak to Mr. Ben?",
        "Secretary: I’m afraid he …….......... a meeting right now. Could you call back.",
        "runs"
      ],
      "correct": null,
      "explain": ""
    },
    {
      "q": "is running",
      "a": [
        "ran",
        "has run",
        "The boys' mother told them to finish all of their breakfast , … ......................... … they stuffed their mouths until their",
        "plates were empty."
      ],
      "correct": null,
      "explain": ""
    },
    {
      "q": "however.",
      "a": [
        "since.",
        "as.",
        "so.",
        "Which one of the underlined words or phrases is INCORRECT ?"
      ],
      "correct": null,
      "explain": ""
    },
    {
      "q": "Mona she studied French for 8 years before  she felt like she reached  a good level.",
      "a": [
        "she",
        "for",
        "before",
        "reached"
      ],
      "correct": null,
      "explain": ""
    },
    {
      "q": "I arrived to work at 9 a.m. and then I …………… ........... …",
      "a": [
        "at home left my mobile phone that I realized.",
        "left my mobile phone that I realized at home.",
        "realized my mobile phone at home that I left.",
        "realized that I left my mobile phone at home."
      ],
      "correct": null,
      "explain": ""
    },
    {
      "q": "- Will and Bob were the first to arrive at the dinner party and then … ..................... …….",
      "a": [
        "A) After Mike and Chris came with a box of chocolates soon.",
        "B) With a box of chocolates Mike and Chris came soon after.",
        "C) Soon after came with a box of chocolates Mike and Chris.",
        "D) Soon after Mike and Chris came with a box of chocolates."
      ],
      "correct": null,
      "explain": ""
    },
    {
      "q": "أكاديمية ستيب المجانية               https://t.me/stepacademy                  مؤسس األكاديمية المهندس أنور",
      "a": [
        "166",
        "Which one of the UNDERLINED words or phrases is INCORRECT?",
        "Ahmed thought his team would lose the game, but then in the last few minutes, they score and won the game.",
        "his"
      ],
      "correct": null,
      "explain": ""
    },
    {
      "q": "In which sentence is all CAPITALIZATION correct?",
      "a": [
        "Paul’s boss, mr. Johnson, told him to hand in the report by Wednesday 10 March.",
        "Paul’s boss, Mr. Johnson, told him to hand in the report by Wednesday 10 March.",
        "Paul’s Boss, Mr. Johnson, told him to hand in the report by wednesday 10 March.",
        "Paul’s boss, Mr. Johnson, told him to hand in the report by wednesday 10 march."
      ],
      "correct": null,
      "explain": ""
    },
    {
      "q": "Little Anna played ………. with her toys as her mother made dinner",
      "a": [
        "happy",
        "happier",
        "happiness",
        "happily"
      ],
      "correct": null,
      "explain": ""
    },
    {
      "q": "Mike fights ……. of all the boxers I know",
      "a": [
        "hardest",
        "hardly",
        "most hard",
        "the harder"
      ],
      "correct": null,
      "explain": ""
    },
    {
      "q": "Some people say John’s heart is ……... ice, but I disagree.",
      "a": [
        "cold than",
        "as cold like",
        "as cold as",
        "as colder as"
      ],
      "correct": null,
      "explain": ""
    },
    {
      "q": "If business is good again this year, we ………. ourselves a second house.",
      "a": [
        "were built",
        "have built",
        "would build",
        "will build"
      ],
      "correct": null,
      "explain": ""
    },
    {
      "q": "Something happened at work. You ……... go back to the office right now.",
      "a": [
        "might",
        "must",
        "could",
        "has"
      ],
      "correct": null,
      "explain": ""
    },
    {
      "q": "أكاديمية ستيب المجانية               https://t.me/stepacademy                  مؤسس األكاديمية المهندس أنور",
      "a": [
        "167",
        "Mark: is there a spoon I could borrow? Roger: There’s ……… in the top drawer.",
        "some",
        "this"
      ],
      "correct": null,
      "explain": ""
    },
    {
      "q": "George married Julia, and Julia married George. George and Julia married .….........",
      "a": [
        "one another",
        "each other",
        "himself",
        "themselves"
      ],
      "correct": null,
      "explain": ""
    },
    {
      "q": "The issue we need to concentrate ……..here is very serious.",
      "a": [
        "for",
        "at",
        "in",
        "on"
      ],
      "correct": null,
      "explain": ""
    },
    {
      "q": "When the food finally arrived, the people………..for it for hours.",
      "a": [
        "were going to wait",
        "had been waiting",
        "were waiting",
        "waited"
      ],
      "correct": null,
      "explain": ""
    },
    {
      "q": "Will you remember…………everyone about the changes?   You must not forget.",
      "a": [
        "tell",
        "told",
        "to tell",
        "telling"
      ],
      "correct": null,
      "explain": ""
    },
    {
      "q": "We’ve been waiting for hours. Ted still ………..",
      "a": [
        "hasn’t arrived",
        "isn’t arrived",
        "doesn’t arrive",
        "didn’t arrive"
      ],
      "correct": null,
      "explain": ""
    },
    {
      "q": "It’s 8:14, and the boat leaves at 8:15. The boat ……… soon.",
      "a": [
        "has left",
        "was leaving",
        "has been leaving",
        "is going to leave"
      ],
      "correct": null,
      "explain": ""
    },
    {
      "q": "أكاديمية ستيب المجانية               https://t.me/stepacademy                  مؤسس األكاديمية المهندس أنور",
      "a": [
        "168",
        "The bus driver spoke so ………..I could barely understand him.",
        "Much fast",
        "More fast"
      ],
      "correct": null,
      "explain": ""
    },
    {
      "q": "fastly",
      "a": [
        "fast",
        "Excellent cheese ………..only in France.",
        "isn't made",
        "doesn't make"
      ],
      "correct": null,
      "explain": ""
    },
    {
      "q": "isn't maken",
      "a": [
        "hasn't made",
        "Late in the evening, ………….. since sunrise, Mrs. Johnson finally ate her first hot meal.",
        "had been working",
        "being worked"
      ],
      "correct": null,
      "explain": ""
    },
    {
      "q": "having worked",
      "a": [
        "will have been working",
        "If you had taken better care to do your research, a lot of time could……..",
        "be saving",
        "be saved"
      ],
      "correct": null,
      "explain": ""
    },
    {
      "q": "have been saving",
      "a": [
        "have been saved",
        "Judy acts as if she ……….upset, while in fact she just wants to attract your attention.",
        "had been",
        "has been"
      ],
      "correct": null,
      "explain": ""
    },
    {
      "q": "The new office block should ……..by the spring, so we can move in before the summer break starts.",
      "a": [
        "build",
        "be built",
        "be building",
        "have been built"
      ],
      "correct": null,
      "explain": ""
    },
    {
      "q": "Do answer the door, …………you?",
      "a": [
        "will",
        "May",
        "Shall",
        "Could"
      ],
      "correct": null,
      "explain": ""
    },
    {
      "q": "أكاديمية ستيب المجانية               https://t.me/stepacademy                  مؤسس األكاديمية المهندس أنور",
      "a": [
        "169",
        "The salesperson …………I deal each time is not available today.",
        "with whom",
        "with who"
      ],
      "correct": null,
      "explain": ""
    },
    {
      "q": "whom with",
      "a": [
        "who with",
        "In which of the following sentences is all PUNCTUATION correct?",
        "After all, the exams are finished, whos going to be the first in the class.",
        "After all the exams are finished, who's going to be the first in the class."
      ],
      "correct": null,
      "explain": ""
    },
    {
      "q": "After all, the exam's are finished, whos' going to be the first in the class?",
      "a": [
        "After all the exams are finished, who's going to be the first in the class?",
        "Tom ……. to Italy every year.",
        "go",
        "goes"
      ],
      "correct": null,
      "explain": ""
    },
    {
      "q": "is goes",
      "a": [
        "is going",
        "If I…….. a bird, I would fly far away from this cold weather.",
        "be",
        "am"
      ],
      "correct": null,
      "explain": ""
    },
    {
      "q": "When you have answered the questions on page 104, …… you raise your hands, please?",
      "a": [
        "must",
        "shall",
        "should",
        "would"
      ],
      "correct": null,
      "explain": ""
    },
    {
      "q": "Ali goes to Jeddah every month …………it has the best beaches.",
      "a": [
        "but",
        "however",
        "so",
        "because"
      ],
      "correct": null,
      "explain": ""
    },
    {
      "q": "In which sentence is all PUNCTUATION correct?",
      "a": [
        "When I was younger my father said my hair looked like a rat's nest.",
        "When I was younger my father said, my hair looked like a rats nest.",
        "When I was younger. My father said my hair looked like a rats' nest.",
        "When I was younger, my father said my hair looked like a rat’s nest."
      ],
      "correct": null,
      "explain": ""
    },
    {
      "q": "أكاديمية ستيب المجانية               https://t.me/stepacademy                  مؤسس األكاديمية المهندس أنور",
      "a": [
        "170",
        "He did not have ……..money in his wallet, so he stopped by the cash machine.",
        "lots",
        "much"
      ],
      "correct": null,
      "explain": ""
    },
    {
      "q": "plenty",
      "a": [
        "many",
        "A: Is it John's turn to start the game?",
        "B: No, it isn't. It's …………….",
        "you"
      ],
      "correct": null,
      "explain": ""
    },
    {
      "q": "you're",
      "a": [
        "your",
        "yours",
        "When Lisa ………. a child, she learnt to read Arabic.",
        "has been"
      ],
      "correct": null,
      "explain": ""
    },
    {
      "q": "had been",
      "a": [
        "is",
        "was",
        "I have not gone to Dubai ………… May last year.",
        "for"
      ],
      "correct": null,
      "explain": ""
    },
    {
      "q": "I took a lot of notes while the professor…………..",
      "a": [
        "has spoken",
        "spoke",
        "speak",
        "was speaking"
      ],
      "correct": null,
      "explain": ""
    }
  ]
}