{
  "model": 18,
  "title": "النموذج 18",
  "questions": [
    {
      "q": "61. If it rains tomorrow, I ………………….my raincoat.",
      "a": [
        "(A) wear",
        "(B) am wear",
        "(C) will wear",
        "(D) going to wear"
      ],
      "correct": null,
      "explain": ""
    },
    {
      "q": "62. People over forty need …………. regular check -ups at least once a year.",
      "a": [
        "(A) get",
        "(B) to get",
        "(C) getting",
        "(D) that they get"
      ],
      "correct": null,
      "explain": ""
    },
    {
      "q": "63. In which of the following sentences is all PUNCTUATION correct?",
      "a": [
        "(A) After all, the exams are finished, whos going to be the first in the class",
        "(B) After all the exams are finished, who's going to be the first in the class",
        "(C) After all, the exam's are finished, who's going to be the first in the class?",
        "(D) After all the exams are finished, who's going to be the first in the class?"
      ],
      "correct": null,
      "explain": ""
    },
    {
      "q": "64. Which of the underlined words or phrases is INCORRECT?",
      "a": [
        "Last night, Alia makes  Vietnamese rice pudding with  black -eyed peas for dessert.",
        "(A) makes",
        "(B) with",
        "(C) for"
      ],
      "correct": null,
      "explain": ""
    },
    {
      "q": "(D) dessert",
      "a": [
        "65. Which of the following sentences has the CORRECT WORD ORDER?",
        "(A) A lot of protein both tea and coffee contain, but the acids in the tea than the caffeine in the coffee are healthier.",
        "(B) Tea and coffee contain protein both a lot, but in the tea are healthier the acids than in coffee the caffeine.",
        "(C) Both tea and coffee contain a lot of protein, but the acids in the tea are healthier than the caffeine in the coffee."
      ],
      "correct": null,
      "explain": ""
    },
    {
      "q": "(D) But in the tea the acids are healthier than in the coffee the caffeine, a lot of protein both tea and coffee contain.",
      "a": [
        "66. Which sentence is correct?",
        "(A) Your job interview will be next Tuesday.",
        "(B) You're job interview will be next Tuesday.",
        "(C)You're job interview is next Tuesday."
      ],
      "correct": null,
      "explain": ""
    },
    {
      "q": "(D) Your job interview has next Tuesday.",
      "a": [
        "98",
        "67. In which of the following sentences is all PUNCTUATION correct?",
        "(A) After all, the matche's are finished, whos' going to be the at the top of the league?",
        "(B) After all the matches are finished, who's going to be the at the top of the league."
      ],
      "correct": null,
      "explain": ""
    },
    {
      "q": "(C)After all the matches are finished, who's going to be at the top of the league?",
      "a": [
        "(D) After all, the matches are finished, whos going to be the at the top of the league.",
        "68. Which of the underlined words or phrases is INCORRECT?",
        "Last month, Anna speaks  three times about  her new business plan  to her manager .",
        "(A) speaks"
      ],
      "correct": null,
      "explain": ""
    },
    {
      "q": "(B) about",
      "a": [
        "(C) plan",
        "(D) her manager",
        "69. Ben lost his essay…………. his laptop broke.",
        "(A) although"
      ],
      "correct": null,
      "explain": ""
    },
    {
      "q": "(B) during",
      "a": [
        "(C) when",
        "(D) so",
        "70. I read………………… newspaper articles last week, but I didn't read any books.",
        "(A) few"
      ],
      "correct": null,
      "explain": ""
    },
    {
      "q": "(B) a little",
      "a": [
        "(C) some",
        "(D) much",
        "71. I'm almost done with my degree. I only have ……………..classes left.",
        "(A) a few"
      ],
      "correct": null,
      "explain": ""
    },
    {
      "q": "(B) many",
      "a": [
        "(C) a little",
        "(D) several",
        "72. If I …………..this course, I will not be able to take the math course as well.",
        "(A) am taking"
      ],
      "correct": null,
      "explain": ""
    },
    {
      "q": "(B) take",
      "a": [
        "(C) will take",
        "(D) took",
        "73. You always complain that biology is too difficult for you. ………you like to study something easier instead?",
        "(A) Wouldn't"
      ],
      "correct": null,
      "explain": ""
    },
    {
      "q": "(B) Won't",
      "a": [
        "(C) Will",
        "(D) Do",
        "99",
        "74. Lisa ……………. a great tennis player when she was young."
      ],
      "correct": null,
      "explain": ""
    },
    {
      "q": "(A) used to be",
      "a": [
        "(B) is used to be",
        "(C) is used to",
        "(D) uses to be",
        "75. Ali hasn't missed a single day of school ……………..the start of the year."
      ],
      "correct": null,
      "explain": ""
    },
    {
      "q": "(A) since",
      "a": [
        "(B) from",
        "(C) until",
        "(D) for",
        "76. I have been absent ………… a whole week."
      ],
      "correct": null,
      "explain": ""
    },
    {
      "q": "(A) during",
      "a": [
        "(B) since",
        "(C) from",
        "(D) for",
        "77. Did you and George blame ………….. for not passing the quiz?"
      ],
      "correct": null,
      "explain": ""
    },
    {
      "q": "(A) yours",
      "a": [
        "(B) yourself",
        "(C) ourselves",
        "(D) yourselves",
        "78. The more I read about psychology, the better I understand ……………"
      ],
      "correct": null,
      "explain": ""
    },
    {
      "q": "(A) myself",
      "a": [
        "(B) mine",
        "(C) my",
        "(D) me",
        "79. Your French is pretty good. Where ………… you study?"
      ],
      "correct": null,
      "explain": ""
    },
    {
      "q": "(A) did",
      "a": [
        "(B) were",
        "(C) have",
        "(D) are",
        "80. I got a really good idea for an essay while I ………… the course book last night."
      ],
      "correct": null,
      "explain": ""
    },
    {
      "q": "(A) reading",
      "a": [
        "(B) have read",
        "(C) am reading",
        "(D) was reading",
        "100"
      ],
      "correct": null,
      "explain": ""
    },
    {
      "q": "81. My cousin told me ………….. to this university. I should have listened to her.",
      "a": [
        "(A) no going",
        "(B) not to go",
        "(C) don't go",
        "(D) not go"
      ],
      "correct": null,
      "explain": ""
    },
    {
      "q": "82. Muna and Sara have been working on their essays ……….several weeks now. They must be tired.",
      "a": [
        "(A) about",
        "(B) since",
        "(C) yet",
        "(D) for"
      ],
      "correct": null,
      "explain": ""
    },
    {
      "q": "83. I ………………. nonstop since this morning. I'm starting to feel tired.",
      "a": [
        "(A) study",
        "(B) had studied",
        "(C) am studying",
        "(D) have been studying"
      ],
      "correct": null,
      "explain": ""
    },
    {
      "q": "84. Mrs. Brown …………. all the students thought was great, now teaches at an American university.",
      "a": [
        "(A) she",
        "(B) her",
        "(C) whom",
        "(D) which"
      ],
      "correct": null,
      "explain": ""
    },
    {
      "q": "85. Did you know that neither Ted ………. Steve study at university?",
      "a": [
        "(A) neither",
        "(B) either",
        "(C) also",
        "(D) nor"
      ],
      "correct": null,
      "explain": ""
    },
    {
      "q": "86. If I ……………… you, I would take a year off before starting university.",
      "a": [
        "(A) were",
        "(B) been",
        "(C) am",
        "(D) be"
      ],
      "correct": null,
      "explain": ""
    },
    {
      "q": "87. If we …………………… better teachers, we would have learned more.",
      "a": [
        "(A) have got",
        "(B) have had",
        "(C) had have",
        "(D) had had"
      ],
      "correct": null,
      "explain": ""
    },
    {
      "q": "أكاديمية ستيب المجانية               https://t.me/stepacademy                  مؤسس األكاديمية المهندس أنور",
      "a": [
        "101",
        "88. When you're finished reading the book,…… ....you lend it to my cousin, please?",
        "(A) shall",
        "(B) should"
      ],
      "correct": null,
      "explain": ""
    },
    {
      "q": "(C) would",
      "a": [
        "(D) must",
        "89. The teachers really like Will because he is a student …………takes his studies very seriously.",
        "(A) who he",
        "(B) whose"
      ],
      "correct": null,
      "explain": ""
    },
    {
      "q": "(C) who",
      "a": [
        "(D) he",
        "91. Roger wasn't sure ……………….",
        "(A) were available what courses",
        "(B) were what courses available"
      ],
      "correct": null,
      "explain": ""
    },
    {
      "q": "(C) what courses available were",
      "a": [
        "(D) what courses were available",
        "92. In which sentence is all CAPITALIZATION correct?",
        "(A) Last week, she listened to three lectures to prepare for her three lectures at London university tomorrow.",
        "(B) Last week, she listened to three lectures to prepare for her three lectures at London University tomorrow."
      ],
      "correct": null,
      "explain": ""
    },
    {
      "q": "(C) Last week, she listened to three lectures to prepare for her three lectures at London university tomorrow.",
      "a": [
        "(D) Last week, she listened to three lectures to prepare for her three lectures at london University tomorrow.",
        "93. Roger was too lazy to work last night, …………..he had a cup of coffee and watched some YouTube videos.",
        "(A) because",
        "(B) why"
      ],
      "correct": null,
      "explain": ""
    },
    {
      "q": "(C) but",
      "a": [
        "(D) So",
        "94. Which sentence has the CORRECT WORD ORDER?",
        "(A) Mark said he would like to visit Brazil, after he has finished his studies and found a good job.",
        "(B) Mark said he would like to visit Brazil, and has found a good job, after he has finished his studies."
      ],
      "correct": null,
      "explain": ""
    },
    {
      "q": "(C) Mark said he would like to visit, and found a good job, Brazil after he has finished his studies.",
      "a": [
        "(D) Mark said he would like to visit, after he has finished his studies and found a good job, Brazil.",
        "95. Which one of the underlined words or phrases is INCORRECT?",
        "University professors like read , writing, and publishing during their  work day. After  a lot of reading, they need some",
        "time relax before starting  to write."
      ],
      "correct": null,
      "explain": ""
    },
    {
      "q": "(A) read",
      "a": [
        "(B) their",
        "(C) After",
        "(D) starting",
        "102"
      ],
      "correct": null,
      "explain": ""
    },
    {
      "q": "96. In which sentence is all CAPITALIZATION correct?",
      "a": [
        "(A) At first, my sister, Kate, wanted to study chemistry at King Faisal University, but one of her teachers, Mrs. Carter,",
        "told her to join the College of Engineering after she finishes the first semester in January.",
        "(B) At first, my Sister, Kate, wanted to study Chemistry at King Faisal University, but one of her Teachers, mrs. Carter,",
        "told her to join the College of engineering after she finishes the First Semester in January."
      ],
      "correct": null,
      "explain": ""
    },
    {
      "q": "(C) At first, my sister, kate, wanted to study Chemistry at King faisal university, but one of her Teachers, Mrs. Carter,",
      "a": [
        "told her to join the college of Engineering after she finishes the first semester in January.",
        "(D) At First, my sister, Kate, wanted to study chemistry at King Faisal University, but one of her teachers, mrs. Carter,",
        "told her to join the College of engineering after she finishes the First Semester in January.",
        "97. A: Is it Rami's turn to start the game?"
      ],
      "correct": null,
      "explain": ""
    },
    {
      "q": "B: No, it isn't. It's ………….",
      "a": [
        "(A) you",
        "(B) you're",
        "(C) your",
        "(D) yours"
      ],
      "correct": null,
      "explain": ""
    },
    {
      "q": "98. Airplanes usually travel …………… helicopters.",
      "a": [
        "(A) more faster than",
        "(B) faster than",
        "(C) fastest than",
        "(D) the fastest than"
      ],
      "correct": null,
      "explain": ""
    },
    {
      "q": "99. All members of my family..……the pilgrimage to Makkah at least once in their lives.",
      "a": [
        "(A) are performing",
        "(B) have performed",
        "(C) were performed",
        "(D) have been performed"
      ],
      "correct": null,
      "explain": ""
    },
    {
      "q": "100. Mr. Amir, ………the students call Uncle Amir, taught the boys Physical education several times a week.",
      "a": [
        "(A) he",
        "(B) him",
        "(C) whom",
        "(D) which"
      ],
      "correct": null,
      "explain": ""
    }
  ]
}