{
  "model": 5,
  "title": "النموذج 5",
  "questions": [
    {
      "q": "61. Sara: Help! I lost my key and can't get into my house!",
      "a": [
        "Mona: Don't worry, I…………. send my son to help you.",
        "a) have",
        "b) will",
        "c) should"
      ],
      "correct": null,
      "explain": ""
    },
    {
      "q": "d) would",
      "a": [
        "62. If you want to become a doctor, you……… go to the college of medicine.",
        "a) should",
        "b) might",
        "c) ought"
      ],
      "correct": null,
      "explain": ""
    },
    {
      "q": "d) would",
      "a": [
        "63. Many students from different parts of the world attend my classes at the university; …...….",
        "a) some of them are Arabs but the rest are from the Far East",
        "b) all of them are from Bahrain",
        "c) some of them are Arabs but the rest are from Bahrain"
      ],
      "correct": null,
      "explain": ""
    },
    {
      "q": "d) all of them are from the Far East",
      "a": [
        "64. Eric: Is this……………. car?       Matt: No, it's not. My car is over there.",
        "a) my",
        "b) mine",
        "c) your"
      ],
      "correct": null,
      "explain": ""
    },
    {
      "q": "d) yours",
      "a": [
        "26",
        "65. Don't stop, Dave. Keep……………",
        "a) to run",
        "b) running"
      ],
      "correct": null,
      "explain": ""
    },
    {
      "q": "c) run",
      "a": [
        "d) ran",
        "66. The weather……………. warm these days.",
        "a) gets",
        "b) is getting"
      ],
      "correct": null,
      "explain": ""
    },
    {
      "q": "c) was getting",
      "a": [
        "d) gotten",
        "67. I think I…………. take an English course next summer.",
        "a) will",
        "b) have"
      ],
      "correct": null,
      "explain": ""
    },
    {
      "q": "c) going to",
      "a": [
        "d) might to",
        "68. Which of the underlined words or phrases is INCORRECT ?",
        "My father he gave that watch to me  when I graduated  from high school",
        "a) he"
      ],
      "correct": null,
      "explain": ""
    },
    {
      "q": "b) to me",
      "a": [
        "c) graduated",
        "d) high school",
        "69. By this time next week, I…………. on a beach in Malaysia.",
        "a) relax"
      ],
      "correct": null,
      "explain": ""
    },
    {
      "q": "b) will relax",
      "a": [
        "c) am relaxing",
        "d) will be relaxing",
        "70. The weather…………. September was very warm this year.",
        "a) in"
      ],
      "correct": null,
      "explain": ""
    },
    {
      "q": "b) with",
      "a": [
        "c) at",
        "d) to",
        "71. Nouf is having trouble with math at school, so she…………to find a tutor.",
        "a) is try"
      ],
      "correct": null,
      "explain": ""
    },
    {
      "q": "b) trying",
      "a": [
        "c) is trying",
        "d) tries",
        "27",
        "72. Essam flew to Riyadh from Jeddah and then he……………."
      ],
      "correct": null,
      "explain": ""
    },
    {
      "q": "a) a taxi to my house took to surprise me",
      "a": [
        "b) to surprise me to my house took a taxi",
        "c) took a taxi to surprise me to my house",
        "d) took a taxi to my house to surprise me",
        "73. My friend was sick, so I had to go to the party…………."
      ],
      "correct": null,
      "explain": ""
    },
    {
      "q": "a) with myself",
      "a": [
        "b) by myself",
        "c) for myself",
        "d) to myself",
        "74. The doctor introduced……………..to us."
      ],
      "correct": null,
      "explain": ""
    },
    {
      "q": "a) ourselves",
      "a": [
        "b) yourself",
        "c) himself",
        "d) itself",
        "75. The football game started at 8 o' clock,…………"
      ],
      "correct": null,
      "explain": ""
    },
    {
      "q": "a) and we arrived just in time for the second half",
      "a": [
        "b) and we for the second half just arrived in time",
        "c) and just in time we arrived for the second half",
        "d) and just for the second half in time we arrived",
        "76. Which one of the underlined words or phrases is INCORRECT?"
      ],
      "correct": null,
      "explain": ""
    },
    {
      "q": "Today we are going to review  some of the chapters we discuss  in our last lecture.",
      "a": [
        "a) Today",
        "b) to review",
        "c) discuss",
        "d) last"
      ],
      "correct": null,
      "explain": ""
    },
    {
      "q": "77. In which sentence is all CAPITALIZATION correct?",
      "a": [
        "a) he arrived on Monday, September 3.",
        "b) He arrived on Monday, september 3.",
        "c) He arrived on monday, September 3.",
        "d) He arrived on Monday, September 3."
      ],
      "correct": null,
      "explain": ""
    },
    {
      "q": "78. Which phrase correctly replaces the INCORRECT underlined phrase?",
      "a": [
        "Walk along the road . I saw something strange in the nearby forest.",
        "a) Walking along the road",
        "b) Walks along the road",
        "c) Along the road walk"
      ],
      "correct": null,
      "explain": ""
    },
    {
      "q": "d) The road along",
      "a": [
        "28",
        "79. To which sentence can we add the following clause? .........................................  until it boils.",
        "(1) Making a cup of tea is easy.",
        "(2) First, you heat the water."
      ],
      "correct": null,
      "explain": ""
    },
    {
      "q": "(3) Then, pour it into a cup with a teabag and wait a couple of minutes",
      "a": [
        "(4) Now, you can remove the teabag and drink it.",
        "a) (1)",
        "b) (2)",
        "c) (3)"
      ],
      "correct": null,
      "explain": ""
    },
    {
      "q": "d) (4)",
      "a": [
        "80. Jack was preparing the hamburgers…..….John was lighting the barbeque fire.",
        "a) while",
        "b) until",
        "c) so that"
      ],
      "correct": null,
      "explain": ""
    },
    {
      "q": "d) even if",
      "a": [
        "81. The soldiers returned from the war……they had fought bravely for many months.",
        "a) before",
        "b) after",
        "c) until"
      ],
      "correct": null,
      "explain": ""
    },
    {
      "q": "d) unless",
      "a": [
        "82. I think I took your book yesterday, and you took……………….",
        "a) me",
        "b) myself",
        "c) my"
      ],
      "correct": null,
      "explain": ""
    },
    {
      "q": "d) mine",
      "a": [
        "83. Please do not touch………… that I put on the table as I want to take it to my class party.",
        "a) cake",
        "b) a cake",
        "c) all cake"
      ],
      "correct": null,
      "explain": ""
    },
    {
      "q": "d) the cake",
      "a": [
        "84. Which of the underlined words or phrases is INCORRECT?",
        "I often help my mother. When she's busy, I look after  my younger brother and make sure he doesn't  get into trouble.",
        "I think all childs  should help their  parents.",
        "a) look after"
      ],
      "correct": null,
      "explain": ""
    },
    {
      "q": "b) doesn't",
      "a": [
        "c) childs",
        "d) their",
        "29",
        "85. I want…………………. to the store because I need some food."
      ],
      "correct": null,
      "explain": ""
    },
    {
      "q": "a) to go",
      "a": [
        "b) going",
        "c) to going",
        "d) that I go",
        "86. In which sentence is all CAPITALIZATION correct?"
      ],
      "correct": null,
      "explain": ""
    },
    {
      "q": "a) Although Chinese, Korean, Japanese and other east asians are very distinct, many people seem unable to tell them",
      "a": [
        "apart.",
        "b) Although Chinese, Korean, Japanese and other east Asians are very distinct, many people seem unable to tell",
        "them apart.",
        "c) Although Chinese, Korean, Japanese and other East Asians are very distinct, many people seem unable to tell them"
      ],
      "correct": null,
      "explain": ""
    },
    {
      "q": "apart.",
      "a": [
        "d) Although chinese, korean, japanese and other east asians are very distinct, many people seem unable to tell them",
        "apart.",
        "87. Go to the shop…………… is next to the pharmacy.",
        "a) which"
      ],
      "correct": null,
      "explain": ""
    },
    {
      "q": "b) where",
      "a": [
        "c) who",
        "d) what",
        "88. I have known Alex…………..ten years.",
        "a) since"
      ],
      "correct": null,
      "explain": ""
    },
    {
      "q": "b) from",
      "a": [
        "c) in",
        "d) for",
        "89. An earthquake happened while I………. in my office.",
        "a) work"
      ],
      "correct": null,
      "explain": ""
    },
    {
      "q": "b) worked",
      "a": [
        "c) am working",
        "d) was working",
        "90. I usually ………before bedtime.",
        "a) reading"
      ],
      "correct": null,
      "explain": ""
    },
    {
      "q": "b) am reading",
      "a": [
        "c) read",
        "d) to read",
        "91. My doctor told me that I should………. more vegetables.",
        "a) eating"
      ],
      "correct": null,
      "explain": ""
    },
    {
      "q": "b) to eat",
      "a": [
        "c) eat",
        "30",
        "d) ate",
        "92. Mona and I ………….. up at my house tomorrow."
      ],
      "correct": null,
      "explain": ""
    },
    {
      "q": "a) will to meet",
      "a": [
        "b) are going to meet",
        "c) be meeting",
        "d) meeting",
        "93. 1'm so…………… I'm going to Australia next week."
      ],
      "correct": null,
      "explain": ""
    },
    {
      "q": "a) excite",
      "a": [
        "b) excited",
        "c) exciting",
        "d) excitement",
        "94. Bob enjoys……….. games on his PC."
      ],
      "correct": null,
      "explain": ""
    },
    {
      "q": "a) play",
      "a": [
        "b) to play",
        "c) playing",
        "d) will play",
        "95. Anna watched TV and then……… to a friend on Skype."
      ],
      "correct": null,
      "explain": ""
    },
    {
      "q": "a) speak",
      "a": [
        "b) speaking",
        "c) spoken",
        "d) Spoke",
        "96. Paul is a bad roommate. While I clean the apartment on the weekends, he just……. videogames."
      ],
      "correct": null,
      "explain": ""
    },
    {
      "q": "a) is playing",
      "a": [
        "b) playing",
        "c) is plays",
        "d) plays",
        "97. His breathing problems………….by smoking."
      ],
      "correct": null,
      "explain": ""
    },
    {
      "q": "a) caused",
      "a": [
        "b) were caused",
        "c) are causing",
        "d) causing",
        "98. Alex………. in the face by his little brother."
      ],
      "correct": null,
      "explain": ""
    },
    {
      "q": "a) kicked",
      "a": [
        "b) had kicked",
        "c) was kicking",
        "d) was kicked",
        "31"
      ],
      "correct": null,
      "explain": ""
    },
    {
      "q": "99. My friend got a good job after……… from university last year.",
      "a": [
        "a) graduates",
        "b) graduating",
        "c) to graduate",
        "d) has graduated"
      ],
      "correct": null,
      "explain": ""
    },
    {
      "q": "100. If I……. a bird, I would fly far away from this cold weather.",
      "a": [
        "a) be",
        "b) am",
        "c) been",
        "d) were"
      ],
      "correct": null,
      "explain": ""
    }
  ]
}