{
  "model": 30,
  "title": "النموذج 30",
  "questions": [
    {
      "q": "Go outside and …… ..... the gardener some water. He needs a break.",
      "a": [
        "bring.",
        "to bring.",
        "bringing.",
        "will bring."
      ],
      "correct": null,
      "explain": ""
    },
    {
      "q": "أكاديمية ستيب المجانية               https://t.me/stepacademy                  مؤسس األكاديمية المهندس أنور",
      "a": [
        "171",
        "In which sentence is all CAPITALIZATION correct?",
        "Among John's favorite places to travel were malaysia, morocco, and any exotic location with a nice, clean beach.",
        "Among John's favorite places to travel were Malaysia, Morocco, and any Exotic Location with a nice, clean beach."
      ],
      "correct": null,
      "explain": ""
    },
    {
      "q": "Among John's favorite places to travel were Malaysia, Morocco, and any exotic location with a nice, clean beach .",
      "a": [
        "Among John's favorite Places to Travel were Malaysia, Morocco, and any exotic location with a nice, clean beach.",
        "George: may I speak to Mr. Ben?",
        "Secretary: I’m afraid he …….......... a meeting right now. Could you call back.",
        "runs"
      ],
      "correct": null,
      "explain": ""
    },
    {
      "q": "is running",
      "a": [
        "ran",
        "has run",
        "The boys' mother told them to finish all of their breakfast , … ................... … they stuffed their mouths until their",
        "plates were empty."
      ],
      "correct": null,
      "explain": ""
    },
    {
      "q": "however.",
      "a": [
        "since.",
        "as.",
        "so.",
        "It takes many years of study ........................ become a doctor."
      ],
      "correct": null,
      "explain": ""
    },
    {
      "q": "for to",
      "a": [
        "and for",
        "so that to",
        "in order to",
        "Which one of the underlined words or phrases is INCORRECT?"
      ],
      "correct": null,
      "explain": ""
    },
    {
      "q": "Ted and Adam arrived  home with a lot of takeout food, but they  were too late. Lisa and Kat have  already finished",
      "a": [
        "eating.",
        "arrived",
        "they",
        "too"
      ],
      "correct": null,
      "explain": ""
    },
    {
      "q": "أكاديمية ستيب المجانية               https://t.me/stepacademy                  مؤسس األكاديمية المهندس أنور",
      "a": [
        "172",
        "Mr. Smith has bad eyesight, so he hates driving ............ night.",
        "with",
        "on"
      ],
      "correct": null,
      "explain": ""
    },
    {
      "q": "- ............... the new iPhone was so expensive, George bought it because he loved the design.",
      "a": [
        "Even",
        "In case",
        "Even though",
        "In spite of"
      ],
      "correct": null,
      "explain": ""
    },
    {
      "q": "Cathy had a great CV and lots of experience, .................. she didn't do well in the interview and didn't get the job.",
      "a": [
        "so",
        "but",
        "and",
        "because"
      ],
      "correct": null,
      "explain": ""
    },
    {
      "q": "It's fairly easy ................... any amount of money.",
      "a": [
        "to spending",
        "to spend",
        "was spending",
        "have spent"
      ],
      "correct": null,
      "explain": ""
    },
    {
      "q": "You should learn to eat .................",
      "a": [
        "more slowly",
        "more slow",
        "slowlier",
        "slower"
      ],
      "correct": null,
      "explain": ""
    },
    {
      "q": "I'm not really worried about Mark, although he .................... me yet.",
      "a": [
        "isn't being called",
        "wasn't calling",
        "hasn't called",
        "hasn't been calling"
      ],
      "correct": null,
      "explain": ""
    },
    {
      "q": "My mom says I ................ to eat sweets before meals.",
      "a": [
        "shouldn't",
        "mustn't",
        "oughtn't",
        "hasn't"
      ],
      "correct": null,
      "explain": ""
    },
    {
      "q": "أكاديمية ستيب المجانية               https://t.me/stepacademy                  مؤسس األكاديمية المهندس أنور",
      "a": [
        "173",
        "Cathy's flying from Moscow to Paris .......... Prague. She has a three -hour stopover in Prague.",
        "off",
        "during"
      ],
      "correct": null,
      "explain": ""
    },
    {
      "q": "within",
      "a": [
        "I've got my passport, but I haven't found ...............",
        "your",
        "yours",
        "yourself"
      ],
      "correct": null,
      "explain": ""
    },
    {
      "q": "yourselves",
      "a": [
        "And here's Emma, the friend .......... lives next door.",
        "whose",
        "which",
        "what"
      ],
      "correct": null,
      "explain": ""
    },
    {
      "q": "Which country is bigger, China or the USA?         Who ............. the answer?",
      "a": [
        "is known",
        "do know",
        "knows",
        "know"
      ],
      "correct": null,
      "explain": ""
    },
    {
      "q": "My Mom was angry with me yesterday because I ................... to do the shopping.",
      "a": [
        "used to forget",
        "was forgetting",
        "have forgotten",
        "had forgotten"
      ],
      "correct": null,
      "explain": ""
    },
    {
      "q": "I think this is the worst chocolate cake I ....................",
      "a": [
        "ever eat",
        "had ever eaten",
        "have ever eaten",
        "would ever have eaten"
      ],
      "correct": null,
      "explain": ""
    },
    {
      "q": "When Fatima got off the train, I knew we ................. a few weeks before.",
      "a": [
        "met",
        "had met",
        "have met",
        "used to meet"
      ],
      "correct": null,
      "explain": ""
    },
    {
      "q": "أكاديمية ستيب المجانية               https://t.me/stepacademy                  مؤسس األكاديمية المهندس أنور",
      "a": [
        "174",
        "Mr. Harris has no brothers or sisters, ...............?",
        "didn't he",
        "did he"
      ],
      "correct": null,
      "explain": ""
    },
    {
      "q": "doesn't he",
      "a": [
        "does he",
        "By the time I ........................... in Jeddah, I was hungry. Therefore, I bought a pizza.",
        "arrived",
        "am arriving"
      ],
      "correct": null,
      "explain": ""
    },
    {
      "q": "have arrived",
      "a": [
        "have been arriving",
        "George borrowed my mobile ...................... a phone call.",
        "in order make",
        "so as make"
      ],
      "correct": null,
      "explain": ""
    },
    {
      "q": "so to make",
      "a": [
        "to make",
        "Children can fly alone on international flights ....................... they're at least six years old.",
        "unless",
        "whereas"
      ],
      "correct": null,
      "explain": ""
    },
    {
      "q": "provided that",
      "a": [
        "even though",
        "I can't imagine how ................ fast food every day could be good for your health.",
        "eating",
        "have eaten"
      ],
      "correct": null,
      "explain": ""
    },
    {
      "q": "be eating",
      "a": [
        "eat",
        "Mrs. Smith asked the teacher .................... angry with her son.",
        "mustn't be",
        "not being"
      ],
      "correct": null,
      "explain": ""
    },
    {
      "q": "don't be",
      "a": [
        "not to be",
        "Too many phone calls ...................... from my phone today. The battery's now dead.",
        "are made",
        "are making"
      ],
      "correct": null,
      "explain": ""
    },
    {
      "q": "have been made",
      "a": [
        "have been making",
        "175",
        "My own sister didn't recognize me at first, so she talked to me as if we ...................... before.",
        "had never met"
      ],
      "correct": null,
      "explain": ""
    },
    {
      "q": "have never met",
      "a": [
        "were never meeting",
        "were never going to meet",
        "By the end of the year, my new book .......................",
        "will have been published"
      ],
      "correct": null,
      "explain": ""
    },
    {
      "q": "will have been publishing",
      "a": [
        "are going to publish",
        "are being published",
        "Unfortunately, Mona is ......................  into trouble with the law.",
        "old enough to getting"
      ],
      "correct": null,
      "explain": ""
    },
    {
      "q": "enough old to getting",
      "a": [
        "old enough to get",
        "enough old to get",
        "I wish I ............ harder to achieve my goals. Instead, I'd hang out with my friends every night.",
        "would work"
      ],
      "correct": null,
      "explain": ""
    },
    {
      "q": "was working",
      "a": [
        "have worked",
        "had worked",
        "British people love eating lots of international food. ................ Chinese, Indian and Thai food.",
        "For example"
      ],
      "correct": null,
      "explain": ""
    },
    {
      "q": "In addition",
      "a": [
        "In contrast",
        "However",
        "Choose the best way to make the following sentences in a paragraph:",
        "(1) After that, he was sure to always try his best."
      ],
      "correct": null,
      "explain": ""
    },
    {
      "q": "(2) The manager told him that it was a possibility depending on how well he worked.",
      "a": [
        "(3) Steve went to see his boss about a possible pay rise.",
        "(4) At the end of the year, Steve was pleasantly surprised to see his new salary.",
        "(3). (2). (1), (4)",
        "(2). (1), (3). (4)"
      ],
      "correct": null,
      "explain": ""
    },
    {
      "q": "(1), (3), (4). (2)",
      "a": [
        "(4). (3), (1), (2)",
        "176",
        "Which sentence has the CORRECT WORD ORDER?",
        "He was disappointed to hear Ben was ahead of him in geography Tom was first in his class at but math and science."
      ],
      "correct": null,
      "explain": ""
    },
    {
      "q": "Tom was first in his class at math and science, but he was disappointed to hear Ben was ahead of him in geography.",
      "a": [
        "Was disappointed to hear Ben was ahead of him in geography but Tom he was first in his class at math and science.",
        "Tom was first in his class at math and science, but to hear Ben was ahead of him in geography he was disappointed.",
        "Kate visits her grandmother every weekend, ............ her brother doesn't always come along.",
        "but"
      ],
      "correct": null,
      "explain": ""
    },
    {
      "q": "therefore",
      "a": [
        "Jane: I love eating at KFC.",
        "Sara: Me too. ............................. their new spicy chicken?",
        "Have you been trying",
        "Were you tried"
      ],
      "correct": null,
      "explain": ""
    },
    {
      "q": "Have you tried",
      "a": [
        "Are you try",
        "Which one of the underlined words or phrases is INCORRECT?",
        "Tom and Adam went to play  tennis at the sports club hours ago, and still has not returned home for lunch yet.",
        "to play"
      ],
      "correct": null,
      "explain": ""
    },
    {
      "q": "Working in a university last year ................. very interesting.",
      "a": [
        "is",
        "was",
        "can be",
        "could be"
      ],
      "correct": null,
      "explain": ""
    },
    {
      "q": "All of your travel plans have been made. When you arrive, someone ... for you at the airport.",
      "a": [
        "waits",
        "will wait",
        "is waiting",
        "will be waiting"
      ],
      "correct": null,
      "explain": ""
    },
    {
      "q": "أكاديمية ستيب المجانية               https://t.me/stepacademy                  مؤسس األكاديمية المهندس أنور",
      "a": [
        "177",
        "Dairy products should ....................... to keep them fresh.",
        "refrigerate",
        "refrigerating"
      ],
      "correct": null,
      "explain": ""
    }
  ]
}