{
  "model": 4,
  "title": "النموذج 4",
  "questions": [
    {
      "q": "61.Choose the best way to join these sentences.",
      "a": [
        "(She likes drinking tea. She doesn't like drinking coffee. )",
        "A- She likes drinking tea, but she doesn't like drinking coffee.",
        "B- She likes drinking tea, so she doesn't like drinking coffee.",
        "C- She likes drinking tea because she doesn't like drinking coffee."
      ],
      "correct": null,
      "explain": ""
    },
    {
      "q": "D- She likes drinking tea or she doesn't like drinking coffee.",
      "a": [
        "20",
        "62. If I ...... this year, I will celebrate with a big cake.",
        "A- am graduating",
        "B- am graduate"
      ],
      "correct": null,
      "explain": ""
    },
    {
      "q": "C- graduate",
      "a": [
        "D- will graduate",
        "63. When I was in college ...... a very good student.",
        "A- I am using to be",
        "B- I used to be"
      ],
      "correct": null,
      "explain": ""
    },
    {
      "q": "C- I'm used to",
      "a": [
        "D- I use to be",
        "64. I'm so busy with my term paper. I haven't slept much ...... last Thursday.",
        "A- for",
        "B- since"
      ],
      "correct": null,
      "explain": ""
    },
    {
      "q": "C- from",
      "a": [
        "D- until",
        "65. When I logged on to the course website, I was happy to find that my paper ...... two",
        "days ago.",
        "A- had been scored"
      ],
      "correct": null,
      "explain": ""
    },
    {
      "q": "B- being scored",
      "a": [
        "C- is scored",
        "D- scored",
        "66. I need to go to the bookstore. I don't have ...... books for the Engineering course.",
        "A- any"
      ],
      "correct": null,
      "explain": ""
    },
    {
      "q": "B- a lot",
      "a": [
        "C- much",
        "D- some",
        "67. It has been really nice teaching this course. I hope you have enjoyed...... as much as",
        "I have."
      ],
      "correct": null,
      "explain": ""
    },
    {
      "q": "A- yours",
      "a": [
        "B- yourself",
        "C- ourselves",
        "D- yourselves",
        "68. I met ...... teachers at the conference last week, but I didn't meet any students."
      ],
      "correct": null,
      "explain": ""
    },
    {
      "q": "A- few",
      "a": [
        "B- a little",
        "C- some",
        "D- much",
        "21"
      ],
      "correct": null,
      "explain": ""
    },
    {
      "q": "69. If the teacher asks you a question, you ...... immediately.",
      "a": [
        "A- must answering",
        "B- must answer",
        "C- must",
        "D- must to answer"
      ],
      "correct": null,
      "explain": ""
    },
    {
      "q": "70. Jane: Do you eat a lot of fast food at university?",
      "a": [
        "Jenny: Yes, I eat ...... two or three times a week.",
        "A- these",
        "B- him",
        "C- it"
      ],
      "correct": null,
      "explain": ""
    },
    {
      "q": "D- those",
      "a": [
        "71. When the students ...... hard, they pass their exams.",
        "A- study",
        "B- studied",
        "C- will study"
      ],
      "correct": null,
      "explain": ""
    },
    {
      "q": "D- would study",
      "a": [
        "72. Dave is ..... ....... in English of all the students.",
        "A- stronger",
        "B- strongly",
        "C- most strong"
      ],
      "correct": null,
      "explain": ""
    },
    {
      "q": "D- the strongest",
      "a": [
        "73. Judy: I saw Mrs. Nora yesterday.",
        "Julia: Really? ...... she still teach Computer Science?",
        "A- Has",
        "B- Had"
      ],
      "correct": null,
      "explain": ""
    },
    {
      "q": "C- Does",
      "a": [
        "D- Would",
        "74. Our professor told us ...... about the exam. He said it would be easy.",
        "A- no worrying",
        "B- not to worry"
      ],
      "correct": null,
      "explain": ""
    },
    {
      "q": "C- don't worry",
      "a": [
        "D- not worry",
        "75. Mike was in class when his brother ...... him.",
        "A- calls",
        "B- called"
      ],
      "correct": null,
      "explain": ""
    },
    {
      "q": "C- has called",
      "a": [
        "D- had called",
        "22",
        "76. This book ...... by Mr. Johnston, the Marketing teacher, three years ago.",
        "A- is written"
      ],
      "correct": null,
      "explain": ""
    },
    {
      "q": "B- has been written",
      "a": [
        "C- was written",
        "D- had been written",
        "77. Students ...... expected to write very long papers in their first year.",
        "A- not"
      ],
      "correct": null,
      "explain": ""
    },
    {
      "q": "B- do not",
      "a": [
        "C- are not",
        "D- will not",
        "78. Hr. Harris has been a teacher ...... ten years.",
        "A- for"
      ],
      "correct": null,
      "explain": ""
    },
    {
      "q": "B- from",
      "a": [
        "C- since",
        "D- during",
        "79. If Mrs. Smith had had more time, she ...... have planned her lessons better.",
        "A- would"
      ],
      "correct": null,
      "explain": ""
    },
    {
      "q": "B- must",
      "a": [
        "C- can",
        "D- will",
        "80. Fatima failed her final exam, so she ...... take the course again.",
        "A- would to"
      ],
      "correct": null,
      "explain": ""
    },
    {
      "q": "B- should to",
      "a": [
        "C- can to",
        "D- had to",
        "81.........",
        "82. The professor ...... teaches us English is very good."
      ],
      "correct": null,
      "explain": ""
    },
    {
      "q": "A- who",
      "a": [
        "B- which",
        "C- that he",
        "D- who he",
        "83. I ...... become an engineer if I could, but I don't have good grades."
      ],
      "correct": null,
      "explain": ""
    },
    {
      "q": "A- can",
      "a": [
        "B- will",
        "C- shall",
        "D- would",
        "23"
      ],
      "correct": null,
      "explain": ""
    },
    {
      "q": "84. When you submit your essays, ...... you leave the room quietly, please?",
      "a": [
        "A- shall",
        "B- would",
        "C- should",
        "D- must"
      ],
      "correct": null,
      "explain": ""
    },
    {
      "q": "85. I don't know how ...... to answer that question. It was very easy.",
      "a": [
        "A- did the student fail",
        "B- the student failed",
        "C- did fail the student",
        "D- failed the student"
      ],
      "correct": null,
      "explain": ""
    },
    {
      "q": "86. My uncle told me ...... mathematics because it is very difficult.",
      "a": [
        "A- no studying",
        "B- not to study",
        "C-don't study",
        "D- not study"
      ],
      "correct": null,
      "explain": ""
    },
    {
      "q": "87. Bob wrote a very nice and well -organized essay, just like his teacher ...... him.",
      "a": [
        "A- he taught",
        "B- he teaches",
        "C- has taught",
        "D- had taught"
      ],
      "correct": null,
      "explain": ""
    },
    {
      "q": "88. Mrs. Davis, ...... we saw at the lecture last week, is in London for a confernce.",
      "a": [
        "A- she",
        "B- her",
        "C- whom",
        "D- which"
      ],
      "correct": null,
      "explain": ""
    },
    {
      "q": "89. Did you know that neither Ted ...... Tom graduated this year?",
      "a": [
        "A- nor",
        "B- also",
        "C- either",
        "D- neither"
      ],
      "correct": null,
      "explain": ""
    },
    {
      "q": "90. He is as a teacher, ...... so is his brother.",
      "a": [
        "A- if",
        "B- or",
        "C- and",
        "D- that"
      ],
      "correct": null,
      "explain": ""
    },
    {
      "q": "أكاديمية ستيب المجانية               https://t.me/stepacademy                  مؤسس األكاديمية المهندس أنور",
      "a": [
        "24",
        "91. Which sentence has the CORRECT PUNCTUATION?",
        "A- After, school ended we traveled to London.",
        "B- After school, ended we traveled to London."
      ],
      "correct": null,
      "explain": ""
    },
    {
      "q": "C- After school ended we, traveled to London.",
      "a": [
        "D- After school ended, we traveled to London.",
        "92. Choose the sentence with the RIGHT WORD ORDER.",
        "A- I wonder what time he usually comes back from work.",
        "B- I wonder what time comes he usually back from work."
      ],
      "correct": null,
      "explain": ""
    },
    {
      "q": "C- I wonder what time usually comes he back from work.",
      "a": [
        "D- I wonder what time he comes usually back from work.",
        "93. Would you mind ......? I can't see the TV.",
        "A- your head moving",
        "B- to moving your head"
      ],
      "correct": null,
      "explain": ""
    },
    {
      "q": "C- moving your head",
      "a": [
        "D- to move your head",
        "94. Choose the sentence with the RIGHT WORD ORDER.",
        "A- A four -year course in Business Studies is taking Noura.",
        "B- Noura is taking a four -year course in Business studies."
      ],
      "correct": null,
      "explain": ""
    },
    {
      "q": "C- Noura is taking in Business Studies a four -year course.",
      "a": [
        "D- In Business Studies is Noura taking a four -year course.",
        "95. Which one of the underlined words or phrases is INCORRECT?",
        "Ibn Firas is well known in the Arab  World for he's early airplane.",
        "A- is"
      ],
      "correct": null,
      "explain": ""
    },
    {
      "q": "C- Arab",
      "a": [
        "D- he's",
        "96. To which sentence from the paragraph below can we add the following phrase?",
        "......, who had just had an operation.",
        "(1) Ahmad was going to the hospital to see his uncle."
      ],
      "correct": null,
      "explain": ""
    },
    {
      "q": "(2) On the way, he met his friend, Dr. Khaled.",
      "a": [
        "(3) They walked together until they reached the hospital.",
        "(4) After sending greetings and wishes for a speedy recovery to Ahmad's uncle, Khaled said",
        "goodbye.",
        "A- (1)"
      ],
      "correct": null,
      "explain": ""
    },
    {
      "q": "B- (2)",
      "a": [
        "C- (3)",
        "D- (4)",
        "25",
        "97. Which one of the underlined words or phrases is INCORRECT?"
      ],
      "correct": null,
      "explain": ""
    },
    {
      "q": "I usually drink tea without milk, but since I had a stomachache, I drunk it with milk.",
      "a": [
        "A- without",
        "B- but",
        "C- since",
        "D- drunk"
      ],
      "correct": null,
      "explain": ""
    },
    {
      "q": "100. Which of the underlined words or phrases is INCORRECT?",
      "a": [
        "This is lecture important , so you really must  try your best  to attend it and to pay attention to what is being said.",
        "A- is lecture important",
        "B- really must",
        "C- best"
      ],
      "correct": null,
      "explain": ""
    }
  ]
}