{
  "model": 31,
  "title": "النموذج 31",
  "questions": [
    {
      "q": "What ................... your father's job?",
      "a": [
        "is",
        "be",
        "can",
        "does"
      ],
      "correct": null,
      "explain": ""
    },
    {
      "q": "Hannah: Excuse me. I am looking for my backpack.",
      "a": [
        "Librarian: There are three backpacks on the lost and",
        "found shelf. Could you tell me ................ one is yours?",
        "that",
        "which"
      ],
      "correct": null,
      "explain": ""
    },
    {
      "q": "In which sentence is all CAPITALIZATION correct?",
      "a": [
        "Not all muslims speak Arabic or are from the middle east; Indonesia and Malaysia are two asian countries with",
        "millions of Citizens who practice Islam.",
        "Not all Muslims speak Arabic or are from the middle East; Indonesia and Malaysia are two Asian Countries with",
        "Millions of citizens who practice Islam."
      ],
      "correct": null,
      "explain": ""
    },
    {
      "q": "Not all muslims speak Arabic or are from the Middle East; Indonesia and Malaysia are Two Asian Countries with",
      "a": [
        "millions of citizens who practice islam.",
        "Not all Muslims speak Arabic or are from the Middle East: Indonesia and Malaysia are two Asian countries with",
        "millions of citizens who practice Islam.",
        "Paul: I left my coat in the car."
      ],
      "correct": null,
      "explain": ""
    },
    {
      "q": "Will: Here, you can borrow ………..",
      "a": [
        "mine",
        "my",
        "our",
        "it"
      ],
      "correct": null,
      "explain": ""
    },
    {
      "q": "أكاديمية ستيب المجانية               https://t.me/stepacademy                  مؤسس األكاديمية المهندس أنور",
      "a": [
        "178",
        "In which sentence is all CAPITALIZATION correct?",
        "The first person to ever see Mars was Mr. Galileo Galilei in 1610.",
        "The first Person to ever see Mars was Mr. Galileo Galilei in 1610."
      ],
      "correct": null,
      "explain": ""
    },
    {
      "q": "The first Person to ever see mars was Mr. Galileo Galilei in 1610.",
      "a": [
        "The first person to ever see mars was mr. galileo galilei in 1610.",
        "Dave was hoping to reach Jubail by 4 o'clock, ....... his car broke down on the way.",
        "and",
        "but"
      ],
      "correct": null,
      "explain": ""
    },
    {
      "q": "Peter loves cooking, so he thought he'd try to make some ..................",
      "a": [
        "Indian food",
        "indian food",
        "Indian Food",
        "indian Food"
      ],
      "correct": null,
      "explain": ""
    },
    {
      "q": "In which sentence is all PUNCTUATION correct?",
      "a": [
        "After completing his degree in Jeddah Ali was",
        "thinking about doing a degree abroad. He felt this",
        "would improve his chances of a good job.",
        "After completing his degree in Jeddah, Ali was"
      ],
      "correct": null,
      "explain": ""
    },
    {
      "q": "thinking about doing a degree abroad. He felt this",
      "a": [
        "would improve his chances of a good job.",
        "After completing his degree in Jeddah Ali was",
        "thinking about doing a degree abroad he felt this",
        "would improve his chances of a good job."
      ],
      "correct": null,
      "explain": ""
    },
    {
      "q": "After completing his degree in Jeddah, Ali was",
      "a": [
        "thinking about doing a degree abroad he felt this",
        "would improve his chances of a good job.",
        "179",
        "In which sentence is all CAPITALIZATION correct?"
      ],
      "correct": null,
      "explain": ""
    },
    {
      "q": "One of the longest rulers in the world was king",
      "a": [
        "Hussein of Jordan, who led his country for 46 years.",
        "One of the longest rulers in the world was King",
        "Hussein of Jordan, who led his country for 46 years.",
        "One of the longest rulers in the world was king"
      ],
      "correct": null,
      "explain": ""
    },
    {
      "q": "Hussein of jordan, who led his country for 46 years.",
      "a": [
        "One of the longest Rulers in the world was King",
        "Hussein of Jordan, who led his country for 46 years.",
        "Who is ...................... Roger is talking to?",
        "person"
      ],
      "correct": null,
      "explain": ""
    },
    {
      "q": "a person",
      "a": [
        "the person",
        "some person",
        "We stayed at two hotels.  ................. of them was very comfortable.",
        "Neither"
      ],
      "correct": null,
      "explain": ""
    },
    {
      "q": "Either",
      "a": [
        "None",
        "Both",
        "Would it be ok if I .................. a break now?",
        "take"
      ],
      "correct": null,
      "explain": ""
    },
    {
      "q": "am taking",
      "a": [
        "have taken",
        "I have never ..................... run a full marathon.",
        "could",
        "could to"
      ],
      "correct": null,
      "explain": ""
    },
    {
      "q": "been able to",
      "a": [
        "been able",
        "We're leaving in half an hour, so we ............ eat lunch now.",
        "had better to",
        "had better"
      ],
      "correct": null,
      "explain": ""
    },
    {
      "q": "would better to",
      "a": [
        "would better",
        "180",
        "Whether or not we get the loan depends ........... the bank.",
        "on"
      ],
      "correct": null,
      "explain": ""
    },
    {
      "q": "How long has Judy been married ...... Jack?",
      "a": [
        "with",
        "for",
        "by",
        "to"
      ],
      "correct": null,
      "explain": ""
    },
    {
      "q": "None of my kids are short.  .................... is taller than me.",
      "a": [
        "All",
        "Whole",
        "Each",
        "Every"
      ],
      "correct": null,
      "explain": ""
    },
    {
      "q": "I'm sure all ....................  you told me about Mrs. Wilson was true.",
      "a": [
        "what",
        "that",
        "whose",
        "who"
      ],
      "correct": null,
      "explain": ""
    },
    {
      "q": "Tom's hardly  eaten anything all day, ............. he?",
      "a": [
        "is",
        "isn't",
        "hasn't",
        "has"
      ],
      "correct": null,
      "explain": ""
    },
    {
      "q": "Jane: I'll pay Mia back tomorrow.",
      "a": [
        "Mia: What did Jane say?",
        "Bob: She promised .......... you back tomorrow.",
        "paying",
        "to pay"
      ],
      "correct": null,
      "explain": ""
    },
    {
      "q": "will pay",
      "a": [
        "would pay",
        "We'd been talking for a couple of hours when Jenny  suddenly ................. up and went to bed.",
        "stood",
        "had stood"
      ],
      "correct": null,
      "explain": ""
    },
    {
      "q": "was standing",
      "a": [
        "had been standing",
        "181",
        "My wife's flight had just landed when I arrived at the airport. She.... gone for three weeks.",
        "has"
      ],
      "correct": null,
      "explain": ""
    },
    {
      "q": "has been",
      "a": [
        "had been",
        "When the phone rang, my Mom was annoyed because she ............... her favourite show.",
        "just watched",
        "was watched"
      ],
      "correct": null,
      "explain": ""
    },
    {
      "q": "was watching",
      "a": [
        "has been watching",
        "Over the past fifteen years, ......................... have become even richer.",
        "rich",
        "riches"
      ],
      "correct": null,
      "explain": ""
    },
    {
      "q": "the riches",
      "a": [
        "the rich",
        "She works night shifts and studies by .................",
        "day",
        "a day"
      ],
      "correct": null,
      "explain": ""
    },
    {
      "q": "the day",
      "a": [
        "every day",
        "Should you come and visit us again in the future, we ............. happy to put you up.",
        "have been",
        "will be"
      ],
      "correct": null,
      "explain": ""
    },
    {
      "q": "can be",
      "a": [
        "are",
        "I used to tell my parents that ................... to California, I'd never have met my wife.",
        "haven't we moved",
        "have we not moved"
      ],
      "correct": null,
      "explain": ""
    },
    {
      "q": "hadn't we moved",
      "a": [
        "had we not moved",
        "There's something wrong with the window. It just ................. open.",
        "can't",
        "couldn't"
      ],
      "correct": null,
      "explain": ""
    },
    {
      "q": "wouldn't",
      "a": [
        "Don't call him now. He ................ lunch.",
        "may be having",
        "may have",
        "can be having"
      ],
      "correct": null,
      "explain": ""
    }
  ]
}