{
  "model": 1,
  "title": "النموذج 1",
  "questions": [
    {
      "q": "My sister's name is Anna. ...... is eight years old.",
      "a": [
        "He",
        "Him",
        "She",
        "Her"
      ],
      "correct": 2,
      "explain": "الضمير يعود على مؤنث مفرد: She.",
      "_alias": "My sister's name is Anna. ...... is eight years old."
    },
    {
      "q": "Russia is ...... than Canada.",
      "a": [
        "bigger",
        "the bigger",
        "biggest",
        "the biggest"
      ],
      "correct": 0,
      "explain": "مقارنة: bigger.",
      "_alias": "Russia is ...... than Canada."
    },
    {
      "q": "He went to university in the UK ...... a PhD in physics.",
      "a": [
        "get",
        "getting",
        "to get",
        "to getting"
      ],
      "correct": 2,
      "explain": "غاية: to + base → to get.",
      "_alias": "He went to university in the UK ...... a PhD in physics."
    },
    {
      "q": "In my opinion, it is not economical ........ your money on cheap, poor -quality products.",
      "a": [
        "spend",
        "spent",
        "to spend",
        "be spending"
      ],
      "correct": null,
      "explain": "",
      "_alias": "In my opinion, it is not economical ........ your money on cheap, poor -quality products."
    },
    {
      "q": "The computer costs so ........ money that the family decided not to buy it.",
      "a": [
        "most",
        "more",
        "many",
        "much"
      ],
      "correct": 3,
      "explain": "money غير معدود → much.",
      "_alias": "The computer costs so ........ money that the family decided not to buy it."
    },
    {
      "q": "Go outside and ......... the gardener some water. He needs a break.",
      "a": [
        "bring",
        "to bring",
        "bringing",
        "will bring"
      ],
      "correct": 0,
      "explain": "فعل أمر + فعل مجرد.",
      "_alias": "Go outside and ......... the gardener some water. He needs a break."
    },
    {
      "q": "In which sentence is all CAPITALIZATION  correct?",
      "a": [
        "Running late, he yelled, \"Stop!\" as he chased after the kingdom university bus that took him to work every morning.",
        "Running late, he yelled, \"Stop!\" as he chased after the Kingdom university bus that took him to work every morning.",
        "Running late, he yelled, \"Stop!\" as he chased after the Kingdom University bus that took him to work every morning.",
        "Running late, He yelled, \"Stop!\" as he chased after the Kingdom University bus that took him to work every morning."
      ],
      "correct": null,
      "explain": "",
      "_alias": "In which sentence is all CAPITALIZATION  correct?"
    },
    {
      "q": "In which sentence is all CAPITALIZATION  correct?",
      "a": [
        "Among John's favorite places to travel were malaysia, morocco, and any exotic location with a nice, clean beach.",
        "Among John's favorite places to travel were Malaysia, Morocco, and any Exotic Location with a nice, clean beach.",
        "Among John's favorite places to travel were Malaysia, Morocco, and any exotic location with a nice, clean beach.",
        "Among John's favorite Places to Travel were Malaysia, Morocco, and any exotic location with a nice, clean beach."
      ],
      "correct": null,
      "explain": "",
      "_alias": "In which sentence is all CAPITALIZATION  correct?"
    },
    {
      "q": "أكاديمية ستيب المجانية               https://t.me/stepacademy                  مؤسس األكاديمية المهندس أنور",
      "a": [
        "3",
        "Which sentence has the CORRECT WORD ORDER ?",
        "A- And then they would start getting ready for bed, after eating dinner, the family used to read books while drinking",
        "tea."
      ],
      "correct": null,
      "explain": "",
      "_alias": "أكاديمية ستيب المجانية               https://t.me/stepacademy                  مؤسس األكاديمية المهندس أنور"
    },
    {
      "q": "B- After eating dinner, the family used to read books while drinking tea, and then they would start getting ready for",
      "a": [
        "bed.",
        "C- After eating dinner, and then they would start getting ready for bed, the family used to read books while drinking",
        "tea.",
        "D- The family used to read books while drinking tea, and then they would start getting ready, after eating dinner, for"
      ],
      "correct": null,
      "explain": "",
      "_alias": "B- After eating dinner, the family used to read books while drinking tea, and then they would start getting ready for"
    },
    {
      "q": "-May I speak to Mr. Ben please?",
      "a": [
        "-I'm afraid he ................. I'm eating right now. Could you call back?",
        "runs",
        "is running",
        "ran"
      ],
      "correct": null,
      "explain": "",
      "_alias": "-May I speak to Mr. Ben please?"
    },
    {
      "q": "has run",
      "a": [
        "The students had been studying lesson one and the teacher wanted .... .......... .. lesson two.",
        "begin",
        "to begin",
        "they begin"
      ],
      "correct": null,
      "explain": "",
      "_alias": "has run"
    },
    {
      "q": "that they begin",
      "a": [
        "The boys' mother told them to finish all of their breakfast, ...... they stuffed their  mouths",
        "until their plates were  empty.",
        "however",
        "since"
      ],
      "correct": null,
      "explain": "",
      "_alias": "that they begin"
    },
    {
      "q": "At tomorrow's event, a large sum of money ...... by an anonymous supporter.",
      "a": [
        "have donated",
        "will donate",
        "will be donated",
        "are being donated"
      ],
      "correct": 2,
      "explain": "مبني للمجهول مستقبل: will be donated.",
      "_alias": "At tomorrow's event, a large sum of money ...... by an anonymous supporter."
    },
    {
      "q": "large box of dates ...... from my uncle.",
      "a": [
        "have just arrived",
        "has just arrived",
        "having just arrived",
        "just have arrived"
      ],
      "correct": null,
      "explain": "",
      "_alias": "large box of dates ...... from my uncle."
    },
    {
      "q": "Bob ...... on holiday last year.",
      "a": [
        "didn't go",
        "didn't went",
        "doesn't go",
        "not go"
      ],
      "correct": 0,
      "explain": "نفي الماضي البسيط: didn't + base.",
      "_alias": "Bob ...... on holiday last year."
    },
    {
      "q": "أكاديمية ستيب المجانية               https://t.me/stepacademy                  مؤسس األكاديمية المهندس أنور",
      "a": [
        "4",
        "Which sentence has the CORRECT WORD ORDER ?",
        "He claimed he was simply meditating, but when asked about it later, Adam had obviously fallen asleep while sitting",
        "on the couch."
      ],
      "correct": null,
      "explain": "",
      "_alias": "أكاديمية ستيب المجانية               https://t.me/stepacademy                  مؤسس األكاديمية المهندس أنور"
    },
    {
      "q": "Adam had obviously fallen asleep while sitting on the couch, but when asked about it later, he claimed he was simply",
      "a": [
        "meditating.",
        "Adam had obviously fallen asleep while sitting on the couch, he claimed he was simply meditating, but when asked",
        "about it later.",
        "While sitting on the couch, but when asked about it later, he claimed he was simply meditating, Adam had obviously"
      ],
      "correct": null,
      "explain": "",
      "_alias": "Adam had obviously fallen asleep while sitting on the couch, but when asked about it later, he claimed he was simply"
    },
    {
      "q": "fallen asleep.",
      "a": [
        "Steve's watch was not working properly ...... he took it to a repair shop.",
        "but",
        "so",
        "because"
      ],
      "correct": null,
      "explain": "",
      "_alias": "fallen asleep."
    },
    {
      "q": "To which sentence from the paragraph below can we add the following clause?",
      "a": [
        "Since she was living in Saudi Arabia, ..... .................................... .",
        "[1] Sarah wanted to learn Arabic.",
        "[2] To start, she made a flash card for each letter with an English transliteration written on the back.",
        "[3] She practiced with the flash cards until she memorized the entire Arabic alphabet."
      ],
      "correct": null,
      "explain": "",
      "_alias": "To which sentence from the paragraph below can we add the following clause?"
    },
    {
      "q": "[4] Then she bought children's books to read until she built up her vocabulary and learned basic sentence structures.",
      "a": [
        "[1]",
        "[2]",
        "[3]",
        "[4]"
      ],
      "correct": null,
      "explain": "",
      "_alias": "[4] Then she bought children's books to read until she built up her vocabulary and learned basic sentence structures."
    },
    {
      "q": "Which sentence has the CORRECT WORD ORDER ?",
      "a": [
        "A-Invented by Thomas Edison, was the electric light bulb, one of the many commercially successful products, an",
        "essential element of our modern lives.",
        "B-One of the many commercially successful products, an essential element of our modern lives was invented by",
        "Thomas Edison, the electric light bulb."
      ],
      "correct": null,
      "explain": "",
      "_alias": "Which sentence has the CORRECT WORD ORDER ?"
    },
    {
      "q": "C-The electric light bulb, an essential element of our modern lives, was one of the many commercially successful",
      "a": [
        "products invented by Thomas Edison.",
        "D-An essential element of our modern lives, one of the many commercially successful products, was invented the",
        "electric light bulb by Thomas Edison.",
        "5"
      ],
      "correct": null,
      "explain": "",
      "_alias": "C-The electric light bulb, an essential element of our modern lives, was one of the many commercially successful"
    },
    {
      "q": "Which one of the underlined words or phrases in the following is INCORRECT ?",
      "a": [
        "Did you know  that the tree over there  might actually been  hundreds of years old?",
        "Did",
        "know",
        "there"
      ],
      "correct": null,
      "explain": "",
      "_alias": "Which one of the underlined words or phrases in the following is INCORRECT ?"
    },
    {
      "q": "Which sentence as the CORRECT WORD ORDER ?",
      "a": [
        "A-Catching ants that were crawling around inside the house, the boys spent the whole afternoon and putting them",
        "outside in the garden.",
        "B-The boys spent the whole afternoon catching ants that were crawling around inside the house and putting them",
        "outside in the garden."
      ],
      "correct": null,
      "explain": "",
      "_alias": "Which sentence as the CORRECT WORD ORDER ?"
    },
    {
      "q": "C-Catching ants that were crawling around inside the house and putting them outside in the garden, the boys spent",
      "a": [
        "the whole afternoon.",
        "D-The boys spent the whole afternoon and putting them outside in the garden, catching ants that were crawling",
        "around inside the house.",
        "Which one of the underlined words or phrases is INCORRECT ?"
      ],
      "correct": null,
      "explain": "",
      "_alias": "C-Catching ants that were crawling around inside the house and putting them outside in the garden, the boys spent"
    },
    {
      "q": "Tom and Adam went to play  tennis at the sports club hours ago, and still has not returned home for lunch yet.",
      "a": [
        "to play",
        "ago",
        "has",
        "yet"
      ],
      "correct": null,
      "explain": "",
      "_alias": "Tom and Adam went to play  tennis at the sports club hours ago, and still has not returned home for lunch yet."
    },
    {
      "q": "Which of the underlined words in the sentence is INCORRECT ?",
      "a": [
        "To become a doctor and to helping  sick children are the goals  that Lucy hopes  to achieve after she finishes  her",
        "undergraduate university courses.",
        "to helping",
        "the goals"
      ],
      "correct": null,
      "explain": "",
      "_alias": "Which of the underlined words in the sentence is INCORRECT ?"
    },
    {
      "q": "finishes",
      "a": [
        "Working in a university last year ...... very interesting.",
        "is",
        "was",
        "can be"
      ],
      "correct": null,
      "explain": "",
      "_alias": "finishes"
    },
    {
      "q": "could be",
      "a": [
        "If I ...... my car back from the mechanic tomorrow, I will travel to Dubai.",
        "got",
        "get",
        "am getting"
      ],
      "correct": null,
      "explain": "",
      "_alias": "could be"
    },
    {
      "q": "will get",
      "a": [
        "6",
        "I do not understand this sentence. What .. ........ ............. ....?",
        "does mean this word.",
        "does this word mean."
      ],
      "correct": null,
      "explain": "",
      "_alias": "will get"
    },
    {
      "q": "this word means.",
      "a": [
        "D means this word.",
        "He worked .. ....... .... forty years before he decided to retire.",
        "for",
        "from"
      ],
      "correct": null,
      "explain": "",
      "_alias": "this word means."
    },
    {
      "q": "during",
      "a": [
        "A: The maintenance man was here today.",
        "B: Good! .... ...... you remember to tell him to fix the stairs?",
        "Are",
        "Were"
      ],
      "correct": null,
      "explain": "",
      "_alias": "during"
    },
    {
      "q": "In England, many children ..... ....... . wear school uniforms; they can't come to school if",
      "a": [
        "they don't.",
        "have to",
        "must to",
        "need"
      ],
      "correct": null,
      "explain": "",
      "_alias": "In England, many children ..... ....... . wear school uniforms; they can't come to school if"
    },
    {
      "q": "That's a beautiful new jacket! Where ......................... you buy it?",
      "a": [
        "are",
        "were",
        "have",
        "did"
      ],
      "correct": 3,
      "explain": "Where did you buy it?",
      "_alias": "That's a beautiful new jacket! Where ......................... you buy it?"
    },
    {
      "q": "All of your travel plans have been made. When you arrive, someone ..... ....... . for you at  the airport.",
      "a": [
        "waits",
        "will wait",
        "is waiting",
        "will be waiting"
      ],
      "correct": null,
      "explain": "",
      "_alias": "All of your travel plans have been made. When you arrive, someone ..... ....... . for you at  the airport."
    },
    {
      "q": "The children could not ...... out to ride their bikes because it was raining.",
      "a": [
        "go",
        "going",
        "gone",
        "to go"
      ],
      "correct": 0,
      "explain": "بعد could → base.",
      "_alias": "The children could not ...... out to ride their bikes because it was raining."
    },
    {
      "q": "They went to bed as soon as their guests ..... ...... left.",
      "a": [
        "are.",
        "were",
        "had",
        "have"
      ],
      "correct": null,
      "explain": "",
      "_alias": "They went to bed as soon as their guests ..... ...... left."
    },
    {
      "q": "أكاديمية ستيب المجانية               https://t.me/stepacademy                  مؤسس األكاديمية المهندس أنور",
      "a": [
        "7",
        "Does Chris have to go home now? Let him ... ....... a while longer.",
        "stay",
        "stays"
      ],
      "correct": null,
      "explain": "",
      "_alias": "أكاديمية ستيب المجانية               https://t.me/stepacademy                  مؤسس األكاديمية المهندس أنور"
    },
    {
      "q": "to stay",
      "a": [
        "staying",
        "Tom cannot remember ..................",
        "where are kept the files",
        "where are the files kept"
      ],
      "correct": null,
      "explain": "",
      "_alias": "to stay"
    },
    {
      "q": "where the files kept are",
      "a": [
        "where the files are kept",
        "Dairy products should ......................... to keep them fresh.",
        "refrigerate",
        "refrigerating"
      ],
      "correct": null,
      "explain": "",
      "_alias": "where the files kept are"
    },
    {
      "q": "be refrigerate",
      "a": [
        "be refrigerated",
        "the box ............................. from recycled paper.",
        "was made",
        "was making"
      ],
      "correct": null,
      "explain": "",
      "_alias": "be refrigerate"
    },
    {
      "q": "if I ....................... there, I ....................... said something to the manager.",
      "a": [
        "was/ would had",
        "have been/will have",
        "had been / would have",
        "were / would had"
      ],
      "correct": null,
      "explain": "",
      "_alias": "if I ....................... there, I ....................... said something to the manager."
    },
    {
      "q": "After he ................. the door, he discovered that his keys were not in his pocket.",
      "a": [
        "was closing",
        "was closed",
        "had closed",
        "has closed"
      ],
      "correct": 2,
      "explain": "حدث أسبق: had closed.",
      "_alias": "After he ................. the door, he discovered that his keys were not in his pocket."
    },
    {
      "q": "The postman had already delivered the mail by the time I ........................... for work this morning.",
      "a": [
        "have left",
        "had left",
        "leave",
        "left"
      ],
      "correct": 3,
      "explain": "by the time + past simple (left) مقابل had delivered.",
      "_alias": "The postman had already delivered the mail by the time I ........................... for work this morning."
    },
    {
      "q": "To which sentence below can we add the following clause?",
      "a": [
        "- Are you going to the party tonight?   .........................",
        "Thank you",
        "I was playing football",
        "You bet"
      ],
      "correct": null,
      "explain": "",
      "_alias": "To which sentence below can we add the following clause?"
    }
  ]
}